-- --------------------------------------------------------
-- Host:                         127.0.0.1
-- Server version:               10.8.3-MariaDB - mariadb.org binary distribution
-- Server OS:                    Win64
-- HeidiSQL Version:             11.3.0.6295
-- --------------------------------------------------------

/*!40101 SET @OLD_CHARACTER_SET_CLIENT=@@CHARACTER_SET_CLIENT */;
/*!40101 SET NAMES utf8 */;
/*!50503 SET NAMES utf8mb4 */;
/*!40014 SET @OLD_FOREIGN_KEY_CHECKS=@@FOREIGN_KEY_CHECKS, FOREIGN_KEY_CHECKS=0 */;
/*!40101 SET @OLD_SQL_MODE=@@SQL_MODE, SQL_MODE='NO_AUTO_VALUE_ON_ZERO' */;
/*!40111 SET @OLD_SQL_NOTES=@@SQL_NOTES, SQL_NOTES=0 */;

-- Dumping data for table petchudb.beautyrequest: ~3 rows (approximately)
/*!40000 ALTER TABLE `beautyrequest` DISABLE KEYS */;
REPLACE INTO `beautyrequest` (`brno`, `uid`, `nick`, `sccate`, `bdate`, `pcate`, `beauty_classification`, `weight`, `age`, `last_beautydate`, `service_place`, `wish_date`, `wish_local1`, `wish_local2`, `detailed_matters`, `isDelete`, `choose_check`) VALUES
	(5, 'user01', '홍길동', '미용', '2022-05-19', '강아지', '전체미용', '7~10kg', '10살이상', '3달 내외', '개인 미용실', '일주 이내', '경기도', '부천시', '안녕하세요', 1, 0),
	(6, 'user01', '홍길동', '미용', '2022-05-19', '강아지', '목욕', '4~7kg', '1~9살', '1달 내외', '집(출장 서비스)', '가능한 빨리 진행', '경기도', '부천시', '품종은 포메라니안, 병력은 없고 온순해요', 1, 0),
	(7, 'user01', '홍길동', '미용', NULL, '강아지', '부분미용', '7~10kg', '1~9살', '1달 내외', '개인 미용실', '일주 이내', '경기도', '부천시', '', 1, 0);
/*!40000 ALTER TABLE `beautyrequest` ENABLE KEYS */;

-- Dumping data for table petchudb.cashhistory: ~3 rows (approximately)
/*!40000 ALTER TABLE `cashhistory` DISABLE KEYS */;
REPLACE INTO `cashhistory` (`chno`, `id`, `amount`, `content`, `regdate`) VALUES
	(1, 'user01', 20000, '캐쉬 충전', '2022-05-06 15:49:39'),
	(2, 'user01', 20000, '캐쉬 충전', '2022-05-06 15:53:34'),
	(3, 'user01', 1000, '캐쉬 충전', '2022-05-06 15:55:24');
/*!40000 ALTER TABLE `cashhistory` ENABLE KEYS */;

-- Dumping data for table petchudb.chartdata: ~0 rows (approximately)
/*!40000 ALTER TABLE `chartdata` DISABLE KEYS */;
REPLACE INTO `chartdata` (`dname`, `lowprice`, `highprice`, `avgprice`) VALUES
	('건강검진(기본)', 50000, 180500, 350000),
	('백신 접종', 10000, 30000, 60000),
	('중성화', 100000, 294264, 531500);
/*!40000 ALTER TABLE `chartdata` ENABLE KEYS */;

-- Dumping data for table petchudb.chatmessage: ~5 rows (approximately)
/*!40000 ALTER TABLE `chatmessage` DISABLE KEYS */;
REPLACE INTO `chatmessage` (`meno`, `message`, `regdate`, `readdate`, `id`, `dno`, `crno`, `receiver`, `send`) VALUES
	(135, '도움이 필요해요!', '2022-05-19 10:41:53', '2022-05-19 10:42:23', 'user01', 5, 25, 'doctor1', 1),
	(136, '도와주세요 ', '2022-05-19 10:42:01', '2022-05-19 10:42:23', 'user01', 5, 25, 'doctor1', 1),
	(137, '무슨 일을 도와드릴까요?', '2022-05-19 10:42:01', '2022-05-19 10:42:45', 'doctor1', 5, 25, 'user01', 0),
	(138, '시연중입니다', '2022-05-19 10:42:04', '2022-05-19 10:42:23', 'user01', 5, 25, 'doctor1', 1),
	(139, '네 열심히 시연하십시오', '2022-05-19 10:42:32', '2022-05-19 10:42:45', 'doctor1', 5, 25, 'user01', 0);
/*!40000 ALTER TABLE `chatmessage` ENABLE KEYS */;

-- Dumping data for table petchudb.chatroom: ~0 rows (approximately)
/*!40000 ALTER TABLE `chatroom` DISABLE KEYS */;
REPLACE INTO `chatroom` (`crno`, `doctorid`, `userid`) VALUES
	(25, 'doctor1', 'user01');
/*!40000 ALTER TABLE `chatroom` ENABLE KEYS */;

-- Dumping data for table petchudb.chkrequ: ~0 rows (approximately)
/*!40000 ALTER TABLE `chkrequ` DISABLE KEYS */;
/*!40000 ALTER TABLE `chkrequ` ENABLE KEYS */;

-- Dumping data for table petchudb.cleaningrequest: ~14 rows (approximately)
/*!40000 ALTER TABLE `cleaningrequest` DISABLE KEYS */;
REPLACE INTO `cleaningrequest` (`crno`, `uid`, `nick`, `sccate`, `cdate`, `building_classification`, `house_size`, `wish_date`, `wish_local1`, `wish_local2`, `hope_matters`, `isDelete`, `choose_check`) VALUES
	(1, 'user01', '홍길동', '홈클리닝', '2022-05-13', '아파트', '10평대', '협의', '경기도', '부천시', '냄새 제거 및 살균 소독 원해요!', 1, 1),
	(2, 'user01', '홍길동', '홈클리닝', '2022-05-15', '아파트', '10평 미만', '협의', '경기도', '수원시', '하하하하하하하', 1, 0),
	(3, 'user01', '홍길동', '홈클리닝', '2022-05-15', '아파트', '10평 미만', '협의', '경기도', '수원시', '테스트트트트', 1, 0),
	(4, 'user03', '동글이', '홈클리닝', '2022-05-16', '주택', '30평대', '가능한 빨리', '인천광역시', '미추홀구', '냄새 제거 및 살균 원합니다', 1, 0),
	(5, 'user02', '이몽룡', '홈클리닝', '2022-05-16', '오피스텔', '15평', '일주 이내', '서울특별시', '중랑구', '테스트테스트테스트', 0, 0),
	(6, 'user01', '홍길동', '홈클리닝', '2022-05-18', '아파트', '20평대', '일주 이내', '경기도', '부천시', '시연중입니다', 1, 0),
	(7, 'user01', '홍길동', '홈클리닝', '2022-05-18', '아파트', '10평 미만', '협의', '경기도', '부천시', '뭐임..', 1, 1),
	(8, 'user01', '홍길동', '홈클리닝', '2022-05-18', '아파트', '10평 미만', '협의', '경기도', '부천시', '냄새 제거 및 살균 소독 원해요', 1, 1),
	(9, 'user01', '홍길동', '홈클리닝', '2022-05-18', '아파트', '10평 미만', '협의', '경기도', '수원시', '냄새 제거 및 살균소독 원해요', 1, 1),
	(10, 'user03', '동글이', '홈클리닝', '2022-05-18', '아파트', '10평대', '협의', '경기도', '수원시', '테스트중입니다', 1, 0),
	(11, 'user03', '동글이', '홈클리닝', '2022-05-18', '아파트', '10평대', '가능한 빨리', '경기도', '부천시', '깨끗하게 해주세요~', 0, 0),
	(12, 'user01', '홍길동', '홈클리닝', '2022-05-18', '아파트', '10평 미만', '가능한 빨리', '경기도', '부천시', '냄새 제거 및 살균소독 원해요', 1, 1),
	(13, 'user01', '홍길동', '홈클리닝', NULL, '아파트', '10평 미만', '협의', '경기도', '부천시', '냄새 제거 원해요', 1, 1),
	(14, 'user01', '홍길동', '홈클리닝', NULL, '아파트', '10평 미만', '가능한 빨리', '경기도', '부천시', 'ggg', 0, 0);
/*!40000 ALTER TABLE `cleaningrequest` ENABLE KEYS */;

-- Dumping data for table petchudb.doctor: ~5 rows (approximately)
/*!40000 ALTER TABLE `doctor` DISABLE KEYS */;
REPLACE INTO `doctor` (`dno`, `id`, `dname`, `dimage`, `dlicense`, `open`, `o_break`, `c_break`, `close`, `dtel`, `dinfo`, `dzipcode`, `daddress1`, `daddress2`) VALUES
	(3, 'doctor2', '아프리카 동물의료센터', NULL, ' ', '09:00:00', '13:00:00', '14:00:00', '20:00:00', '0507-1327-7583', '토, 일 영업합니다.', '21323', '인천 부평구 장제로340번길 5', '3층 아프리카 동물의료센터'),
	(4, 'doctor3', '학익동물병원', '  ', ' ', '09:30:00', '13:00:00', '14:00:00', '21:00:00', '032-868-2626', '인천시 남구 학익동 학익사거리 학익정형외과 건물 1층입니다', '22202', '인천미추홀구 한나루로 379', '제중빌딩 1층'),
	(5, 'doctor1', '하인츠동물병원', NULL, '  ', '10:00:00', '13:00:00', '14:00:00', '19:00:00', '032-204-7707', '하인츠 동물병원은 능력있는 의사와 능숙한 간호사와 미용사가 함께하는 수술전문, 내과심화진료전문 병원입니다.', '22188', '인천미추홀구 독배로 305', '이한프라자 2층'),
	(6, 'test', '병원', NULL, '  ', NULL, NULL, NULL, NULL, '032051184', '정보', NULL, NULL, NULL),
	(8, 'test1', '인천24시스카이동물메디컬센터', NULL, '  ', '09:00:00', NULL, NULL, '21:00:00', '032-715-7959', '정상진료시간을 제외하고도 연중무휴로 운영합니다.', '21555', '인천 남동구 남동대로 799번길 8', '구월지엘시티푸르지오 C동 3층');
/*!40000 ALTER TABLE `doctor` ENABLE KEYS */;

-- Dumping data for table petchudb.doctor_request: ~3 rows (approximately)
/*!40000 ALTER TABLE `doctor_request` DISABLE KEYS */;
REPLACE INTO `doctor_request` (`drno`, `drdisease`, `drcontent`, `drfile`, `drprice`, `pno`, `ddate`, `dno`, `sel`) VALUES
	(19, '아프겠네요', '안타깝습니다.', 'request/doctor/1652918558684_icon_doctor.png', 1000000, 27, '2022-05-19 09:02:39', 5, 0),
	(20, '오심', '시연중입니다', 'request/doctor/1652924428915_1650368725915_29861536784.20211127234804.jpg', 100000, 29, '2022-05-19 10:40:28', 3, 0),
	(21, '아프겠네요 ㅠㅠ', '시연중입니다', 'request/doctor/1652924473476_icon_company.png', 10000, 29, '2022-05-19 10:41:14', 5, 0);
/*!40000 ALTER TABLE `doctor_request` ENABLE KEYS */;

-- Dumping data for table petchudb.faq: ~3 rows (approximately)
/*!40000 ALTER TABLE `faq` DISABLE KEYS */;
REPLACE INTO `faq` (`fno`, `title`, `contents`, `regdate`) VALUES
	(1, '안녕하세요 Pet-chu입니다', '반려동물의 생활과 건강을 생각합니다', '2022-04-19 10:27:24'),
	(2, '오픈기념 이벤트', '지금 회원가입하면 5%세일 쿠폰 증정!!', '2022-04-19 10:33:19'),
	(3, 'Pet-chu는 어떻게 읽나요?', 'pet-chu는 \'펫츄\' 혹은 \'펫치유\'라고 읽습니다.', '2022-04-19 11:25:56');
/*!40000 ALTER TABLE `faq` ENABLE KEYS */;

-- Dumping data for table petchudb.hcheck: ~5 rows (approximately)
/*!40000 ALTER TABLE `hcheck` DISABLE KEYS */;
REPLACE INTO `hcheck` (`hno`, `uid`, `rid`, `hdate`, `helpcheck`) VALUES
	(78, 'admin1', 83, '2022-05-02 06:05:20', 1),
	(91, 'user01', 182, '2022-05-18 19:31:45', 1),
	(92, 'user01', 182, '2022-05-18 19:31:45', 1),
	(99, 'user06', 208, '2022-05-19 01:08:59', 1),
	(100, 'user01', 183, '2022-09-05 23:08:42', 1);
/*!40000 ALTER TABLE `hcheck` ENABLE KEYS */;

-- Dumping data for table petchudb.lessonrequest: ~0 rows (approximately)
/*!40000 ALTER TABLE `lessonrequest` DISABLE KEYS */;
/*!40000 ALTER TABLE `lessonrequest` ENABLE KEYS */;

-- Dumping data for table petchudb.orderlist: ~161 rows (approximately)
/*!40000 ALTER TABLE `orderlist` DISABLE KEYS */;
REPLACE INTO `orderlist` (`uid`, `odate`, `pno`, `amount`, `zipcode`, `address1`, `address2`, `receiver`, `tel`, `orno`, `bno`, `isDelete`) VALUES
	('admin1', '2022-04-27 08:41:38', 170, 2, '21632', '인천 남동구 남동대로239번길 72-29', '205호', '김지용', '010-9321-8888', '2214141335', 1, 0),
	('admin1', '2022-04-27 08:41:38', 133, 1, '21632', '인천 남동구 남동대로239번길 72-29', '205호', '김지용', '010-9321-8888', '2214141335', 2, 0),
	('admin1', '2022-04-27 08:41:38', 142, 3, '21632', '인천 남동구 남동대로239번길 72-29', '205호', '김지용', '010-9321-8888', '2214141335', 3, 0),
	('admin1', '2022-04-27 11:26:28', 225, 2, '21632', '인천 남동구 남동대로239번길 72-29', '205호', '김지용', '010-9321-8888', '2214141335', 4, 0),
	('admin1', '2022-04-27 11:26:28', 230, 4, '21632', '인천 남동구 남동대로239번길 72-29', '205호', '김지용', '010-9321-8888', '2214141335', 5, 0),
	('admin1', '2022-04-27 13:53:30', 132, 5, '21632', '인천 남동구 남동대로239번길 72-29', '205호', '김지용', '010-9321-8888', '2214141335', 6, 0),
	('admin1', '2022-04-27 13:53:30', 225, 1, '21632', '인천 남동구 남동대로239번길 72-29', '205호', '김지용', '010-9321-8888', '2214141335', 7, 0),
	('admin1', '2022-04-27 13:53:30', 127, 2, '21632', '인천 남동구 남동대로239번길 72-29', '205호', '김우진', '010-9321-8888', '2214141335', 8, 0),
	('admin1', '2022-04-27 14:21:33', 135, 2, '54579', '전북 익산시 왕궁면 우주로 17', '1022호', '김우진', '010-9321-8888', '2214141335', 9, 0),
	('admin1', '2022-04-27 14:21:33', 132, 1, '54579', '전북 익산시 왕궁면 우주로 17', '1022호', '김우진', '010-9321-8888', '2214141335', 10, 0),
	('admin1', '2022-04-27 20:41:09', 126, 4, '55332', '전북 완주군 봉동읍 우주로 200', '1022호', '김보하', '010-7124-8333', '2214141335', 11, 0),
	('admin1', '2022-04-27 20:41:09', 131, 1, '55332', '전북 완주군 봉동읍 우주로 200', '1022호', '김보하', '010-7124-8333', '2214141335', 12, 0),
	('admin1', '2022-04-27 20:41:09', 138, 3, '55332', '전북 완주군 봉동읍 우주로 200', '1022호', '김보하', '010-7124-8333', '2214141335', 13, 0),
	('user01', '2022-04-28 12:59:52', 686, 3, '11919', '경기 구리시 동구릉로53번길 103', '1022호', '현빈', '01098452124', '2214141335', 14, 0),
	('user01', '2022-04-28 12:59:52', 688, 2, '11919', '경기 구리시 동구릉로53번길 103', '1022호', '현빈', '01098452124', '2214141335', 15, 0),
	('user01', '2022-04-28 12:59:52', 127, 1, '11919', '경기 구리시 동구릉로53번길 103', '1022호', '현빈', '01098452124', '2214141335', 16, 0),
	('user01', '2022-04-28 16:08:13', 685, 3, '11919', '경기 구리시 동구릉로53번길 103', '1022호', '현빈', '01098452124', '2214141335', 17, 0),
	('user01', '2022-04-28 16:10:51', 126, 8, '11919', '경기 구리시 동구릉로53번길 103', '1022호', '현빈', '01098452124', '2214141335', 18, 0),
	('user01', '2022-04-29 10:01:43', 688, 11, '11919', '경기 구리시 동구릉로53번길 103', '1022호', '현빈', '01098452124', '2214141335', 19, 0),
	('user01', '2022-04-29 10:19:35', 131, 5, '21085', '인천 계양구 주부토로426번길 15', '1022호', '김실험', '01092928491', '2214141335', 20, 0),
	('user01', '2022-04-30 16:06:05', 131, 10, '11919', '경기 구리시 동구릉로53번길 103', '1234', '현빈', '01098452124', '2214141335', 21, 0),
	('user01', '2022-04-30 16:06:05', 126, 10, '11919', '경기 구리시 동구릉로53번길 103', '1234', '현빈', '01098452124', '2214141335', 22, 0),
	('user01', '2022-05-02 09:06:31', 141, 4, '11919', '경기 구리시 동구릉로53번길 103', '1402호', '현빈', '01098452124', '2214141335', 23, 0),
	('user01', '2022-05-02 09:06:31', 129, 1, '11919', '경기 구리시 동구릉로53번길 103', '1402호', '현빈', '01098452124', '2214141335', 24, 0),
	('user01', '2022-05-03 10:07:43', 141, 3, '11919', '경기 구리시 동구릉로53번길 103', '1402호', '현빈', '01098452124', '2214141335', 25, 0),
	('user01', '2022-05-03 10:07:43', 237, 4, '11919', '경기 구리시 동구릉로53번길 103', '1402호', '현빈', '01098452124', '2214141335', 26, 0),
	('user01', '2022-05-03 10:07:43', 136, 10, '11919', '경기 구리시 동구릉로53번길 103', '1402호', '현빈', '01098452124', '2214141335', 27, 0),
	('user01', '2022-05-03 10:07:43', 226, 3, '11919', '경기 구리시 동구릉로53번길 103', '1402호', '현빈', '01098452124', '2214141335', 28, 0),
	('user01', '2022-05-03 10:07:43', 244, 3, '11919', '경기 구리시 동구릉로53번길 103', '1402호', '현빈', '01098452124', '2214141335', 29, 0),
	('user01', '2022-05-03 10:07:43', 230, 4, '11919', '경기 구리시 동구릉로53번길 103', '1402호', '현빈', '01098452124', '5362211335', 30, 0),
	('user01', '2022-05-04 10:27:56', 127, 1, '11919', '경기 구리시 동구릉로53번길 103', '1402호', '현빈', '01098452124', '6362211335', 31, 0),
	('user01', '2022-05-08 15:53:50', 688, 1, '11919', '경기 구리시 동구릉로53번길 103', '1402호', '현빈', '01098452124', '6362211335', 32, 0),
	('user01', '2022-05-08 17:09:29', 688, 6, '11919', '경기 구리시 동구릉로53번길 103', '1402호', '현빈', '01098452124', '6362211335', 33, 0),
	('user01', '2022-05-09 10:30:19', 130, 24, '11919', '경기 구리시 동구릉로53번길 103', '1402호', '현빈', '010-9845-2124', '6362211335', 34, 0),
	('user01', '2022-05-09 10:30:19', 127, 2, '11919', '경기 구리시 동구릉로53번길 103', '1402호', '현빈', '010-9845-2124', '6362211335', 35, 0),
	('user01', '2022-05-09 10:30:19', 225, 2, '11919', '경기 구리시 동구릉로53번길 103', '1402호', '현빈', '010-9845-2124', '6362211335', 36, 0),
	('user01', '2022-05-09 10:30:19', 238, 2, '11919', '경기 구리시 동구릉로53번길 103', '1402호', '현빈', '010-9845-2124', '6362211335', 37, 0),
	('user01', '2022-05-09 10:30:19', 243, 2, '11919', '경기 구리시 동구릉로53번길 103', '1402호', '현빈', '010-9845-2124', '6362211335', 38, 0),
	('user01', '2022-05-10 08:15:41', 224, 1, '214111', '테스트주소', '주소위의주소', '테스터김', '1088290121', '6362211335', 39, 0),
	('user01', '2022-05-10 08:16:17', 224, 4, '214111', '테스트주소', '주소위의주소', '테스터김', '1088290121', '6362211335', 40, 0),
	('user01', '2022-05-10 08:30:45', 232, 4, '11919', '경기 구리시 동구릉로53번길 103', '1402호', '현빈', '010-9845-2124', '6362211335', 41, 0),
	('user01', '2022-05-10 08:45:14', 238, 3, '11919', '경기 구리시 동구릉로53번길 103', '1402호', '현빈', '010-9845-2124', '6362211335', 42, 0),
	('user01', '2022-05-10 08:45:14', 130, 2, '11919', '경기 구리시 동구릉로53번길 103', '1402호', '현빈', '010-9845-2124', '6362211335', 43, 0),
	('user01', '2022-05-10 23:26:02', 142, 2, '11919', '경기 구리시 동구릉로53번길 103', '1402호', '현빈', '010-9845-2124', '1652192762563user01', 44, 0),
	('user01', '2022-05-10 23:26:02', 232, 8, '11919', '경기 구리시 동구릉로53번길 103', '1402호', '현빈', '010-9845-2124', '1652192762563user01', 45, 0),
	('user01', '2022-05-10 23:50:28', 128, 5, '11919', '경기 구리시 동구릉로53번길 103', '1402호', '현빈', '01098452124', '1652194228238user01', 46, 0),
	('user01', '2022-05-11 09:03:54', 153, 3, '11919', '경기 구리시 동구릉로53번길 103', '1402호', '현빈', '010-9845-2124', '1652227433708user01', 47, 0),
	('user01', '2022-05-11 09:03:54', 238, 6, '11919', '경기 구리시 동구릉로53번길 103', '1402호', '현빈', '010-9845-2124', '1652227433708user01', 48, 0),
	('user01', '2022-05-11 09:03:54', 138, 1, '11919', '경기 구리시 동구릉로53번길 103', '1402호', '현빈', '010-9845-2124', '1652227433708user01', 49, 0),
	('user01', '2022-05-11 09:03:54', 128, 5, '11919', '경기 구리시 동구릉로53번길 103', '1402호', '현빈', '010-9845-2124', '1652227433708user01', 50, 0),
	('user01', '2022-05-11 09:06:11', 159, 2, '13480', '경기 성남시 분당구 대왕판교로 477', '2층 선도부장실', '김생학', '01022248812', '1652227570155user01', 51, 0),
	('user01', '2022-05-11 09:06:11', 173, 3, '13480', '경기 성남시 분당구 대왕판교로 477', '2층 선도부장실', '김생학', '01022248812', '1652227570155user01', 52, 0),
	('user01', '2022-05-11 09:06:11', 165, 1, '13480', '경기 성남시 분당구 대왕판교로 477', '2층 선도부장실', '김생학', '01022248812', '1652227570155user01', 53, 0),
	('user01', '2022-05-11 09:06:11', 143, 3, '13480', '경기 성남시 분당구 대왕판교로 477', '2층 선도부장실', '김생학', '01022248812', '1652227570155user01', 54, 0),
	('user01', '2022-05-11 09:06:11', 148, 1, '13480', '경기 성남시 분당구 대왕판교로 477', '2층 선도부장실', '김생학', '01022248812', '1652227570155user01', 55, 0),
	('user01', '2022-05-11 09:06:11', 690, 1, '13480', '경기 성남시 분당구 대왕판교로 477', '2층 선도부장실', '김생학', '01022248812', '1652227570155user01', 56, 0),
	('user01', '2022-05-11 15:20:52', 126, 2, '11919', '경기 구리시 동구릉로53번길 103', '1402호', '현빈', '010-9845-2124', '1652250051202user01', 57, 0),
	('user01', '2022-05-11 15:20:52', 127, 2, '11919', '경기 구리시 동구릉로53번길 103', '1402호', '현빈', '010-9845-2124', '1652250051202user01', 58, 0),
	('user01', '2022-05-11 22:49:34', 232, 1, '11919', '경기 구리시 동구릉로53번길 103', '1402호', '현빈', '01098452124', '1652276975286user01', 59, 0),
	('user01', '2022-05-11 22:54:23', 126, 5, '55332', '전북 완주군 봉동읍 우주로 200', '우주 정거장 81번 행성 외곽궤도 25주로 18-1', '김학익', '010-2241-8181', '1652277264260user01', 60, 0),
	('user01', '2022-05-11 22:54:23', 130, 1, '55332', '전북 완주군 봉동읍 우주로 200', '우주 정거장 81번 행성 외곽궤도 25주로 18-1', '김학익', '010-2241-8181', '1652277264260user01', 61, 0),
	('user01', '2022-05-11 22:54:23', 688, 1, '55332', '전북 완주군 봉동읍 우주로 200', '우주 정거장 81번 행성 외곽궤도 25주로 18-1', '김학익', '010-2241-8181', '1652277264260user01', 62, 1),
	('user01', '2022-05-11 22:54:23', 238, 1, '55332', '전북 완주군 봉동읍 우주로 200', '우주 정거장 81번 행성 외곽궤도 25주로 18-1', '김학익', '010-2241-8181', '1652277264260user01', 63, 0),
	('user01', '2022-05-13 00:15:24', 130, 3, '11919', '경기 구리시 동구릉로53번길 103', '1402호', '현빈', '010-9845-2124', '1652368527016user01', 64, 0),
	('user01', '2022-05-13 00:15:24', 232, 4, '11919', '경기 구리시 동구릉로53번길 103', '1402호', '현빈', '010-9845-2124', '1652368527016user01', 65, 0),
	('user01', '2022-05-13 00:15:24', 688, 1, '11919', '경기 구리시 동구릉로53번길 103', '1402호', '현빈', '010-9845-2124', '1652368527016user01', 66, 0),
	('user01', '2022-05-13 00:15:24', 132, 3, '11919', '경기 구리시 동구릉로53번길 103', '1402호', '현빈', '010-9845-2124', '1652368527016user01', 67, 0),
	('user01', '2022-05-13 00:15:24', 126, 1, '11919', '경기 구리시 동구릉로53번길 103', '1402호', '현빈', '010-9845-2124', '1652368527016user01', 68, 0),
	('user01', '2022-05-13 09:25:43', 684, 5, '50532', '경남 양산시 신명동로 3', '진진자로 진진진길 7773번길 73 7동 703호', '김진자라', '010-7748-7773', '1652401542857user01', 69, 0),
	('user01', '2022-05-13 09:25:43', 682, 3, '50532', '경남 양산시 신명동로 3', '진진자로 진진진길 7773번길 73 7동 703호', '김진자라', '010-7748-7773', '1652401542857user01', 70, 0),
	('user01', '2022-05-13 09:25:43', 704, 4, '50532', '경남 양산시 신명동로 3', '진진자로 진진진길 7773번길 73 7동 703호', '김진자라', '010-7748-7773', '1652401542857user01', 71, 0),
	('user01', '2022-05-13 09:25:43', 1138, 3, '50532', '경남 양산시 신명동로 3', '진진자로 진진진길 7773번길 73 7동 703호', '김진자라', '010-7748-7773', '1652401542857user01', 72, 0),
	('user01', '2022-05-13 09:25:43', 1148, 1, '50532', '경남 양산시 신명동로 3', '진진자로 진진진길 7773번길 73 7동 703호', '김진자라', '010-7748-7773', '1652401542857user01', 73, 0),
	('user01', '2022-05-13 13:49:28', 1149, 1, '11919', '경기 구리시 동구릉로53번길 103', '1402호', '현빈', '010-9845-2124', '1652417367765user01', 74, 1),
	('user01', '2022-05-13 13:49:28', 685, 1, '11919', '경기 구리시 동구릉로53번길 103', '1402호', '현빈', '010-9845-2124', '1652417367765user01', 75, 1),
	('user01', '2022-05-13 13:49:28', 1142, 7, '11919', '경기 구리시 동구릉로53번길 103', '1402호', '현빈', '010-9845-2124', '1652417367765user01', 76, 0),
	('user01', '2022-05-13 13:49:28', 1133, 3, '11919', '경기 구리시 동구릉로53번길 103', '1402호', '현빈', '010-9845-2124', '1652417367765user01', 77, 0),
	('user01', '2022-05-13 13:49:28', 1150, 3, '11919', '경기 구리시 동구릉로53번길 103', '1402호', '현빈', '010-9845-2124', '1652417367765user01', 78, 0),
	('user01', '2022-05-13 13:49:28', 688, 2, '11919', '경기 구리시 동구릉로53번길 103', '1402호', '현빈', '010-9845-2124', '1652417367765user01', 79, 0),
	('user01', '2022-05-13 14:52:32', 688, 4, '11919', '경기 구리시 동구릉로53번길 103', '1402호', '현빈', '010-9845-2124', '1652421151236user01', 80, 0),
	('user01', '2022-05-13 16:26:47', 126, 11, '11919', '경기 구리시 동구릉로53번길 103', '1402호', '현빈', '01098452124', '1652426807455user01', 81, 1),
	('user01', '2022-05-13 16:29:08', 1132, 3, '48401', '부산 남구 남동천로 76-2', '설악산 정상 숨겨진 동굴', '김근육', '010-2224-2323', '1652426948441user01', 82, 1),
	('user01', '2022-05-13 16:29:08', 1150, 4, '48401', '부산 남구 남동천로 76-2', '설악산 정상 숨겨진 동굴', '김근육', '010-2224-2323', '1652426948441user01', 83, 1),
	('user01', '2022-05-13 16:29:08', 1148, 111, '48401', '부산 남구 남동천로 76-2', '설악산 정상 숨겨진 동굴', '김근육', '010-2224-2323', '1652426948441user01', 84, 1),
	('user01', '2022-05-13 16:38:53', 688, 1, '11919', '경기 구리시 동구릉로53번길 103', '1402호', '현빈', '01098452124', '1652427532399user01', 85, 1),
	('user01', '2022-05-13 16:42:29', 232, 35, '11919', '경기 구리시 동구릉로53번길 103', '1402호', '현빈', '010-9845-2124', '1652427748061user01', 86, 0),
	('user01', '2022-05-13 16:42:29', 1148, 4, '11919', '경기 구리시 동구릉로53번길 103', '1402호', '현빈', '010-9845-2124', '1652427748061user01', 87, 1),
	('user04', '2022-05-13 19:54:17', 232, 1, '23033', '인천 강화군 강화읍 남문안길 29', '4561', '강감찬', '01012345678', '1652439257528user04', 88, 0),
	('user04', '2022-05-13 19:56:31', 232, 1, '23033', '인천 강화군 강화읍 남문안길 29', '4561', '강감찬', '01012345678', '1652439392398user04', 89, 0),
	('user01', '2022-05-14 19:00:10', 819, 1, '11919', '경기 구리시 동구릉로53번길 103', '1402호', '현빈', '010-9845-2124', '1652522409969user01', 90, 0),
	('user01', '2022-05-14 19:20:43', 126, 20, '11919', '경기 구리시 동구릉로53번길 103', '1402호', '현빈', '01098452124', '1652523643034user01', 93, 0),
	('user01', '2022-05-14 20:11:21', 1139, 1, '11919', '경기 구리시 동구릉로53번길 103', '1402호', '현빈', '010-9845-2124', '1652526681214user01', 94, 0),
	('user01', '2022-05-14 20:11:21', 126, 1, '11919', '경기 구리시 동구릉로53번길 103', '1402호', '현빈', '010-9845-2124', '1652526681214user01', 95, 0),
	('user01', '2022-05-14 20:26:09', 126, 1, '11919', '경기 구리시 동구릉로53번길 103', '1402호', '현빈', '01098452124', '1652527569442user01', 96, 0),
	('user01', '2022-05-15 13:46:13', 1147, 1, '11919', '경기 구리시 동구릉로53번길 103', '1402호', '현빈', '010-9845-2124', '1652589972017user01', 97, 0),
	('user01', '2022-05-15 13:50:09', 1145, 15, '11919', '경기 구리시 동구릉로53번길 103', '1402호', '현빈', '01098452124', '1652590208569user01', 98, 0),
	('user01', '2022-05-15 13:50:48', 688, 1, '11919', '경기 구리시 동구릉로53번길 103', '1402호', '현빈', '010-9845-2124', '1652590247072user01', 99, 0),
	('user01', '2022-05-15 13:52:00', 1037, 1, '11919', '경기 구리시 동구릉로53번길 103', '1402호', '현빈', '010-9845-2124', '1652590319255user01', 100, 0),
	('user01', '2022-05-15 13:52:00', 1041, 1, '11919', '경기 구리시 동구릉로53번길 103', '1402호', '현빈', '010-9845-2124', '1652590319255user01', 101, 0),
	('user01', '2022-05-15 13:52:00', 688, 1, '11919', '경기 구리시 동구릉로53번길 103', '1402호', '현빈', '010-9845-2124', '1652590319255user01', 102, 0),
	('user01', '2022-05-15 14:01:50', 688, 1, '11919', '경기 구리시 동구릉로53번길 103', '1402호', '현빈', '010-9845-2124', '1652590909035user01', 103, 0),
	('user01', '2022-05-15 14:02:51', 688, 35, '11919', '경기 구리시 동구릉로53번길 103', '1402호', '현빈', '01098452124', '1652590970510user01', 104, 0),
	('user01', '2022-05-15 14:05:36', 688, 1, '11919', '경기 구리시 동구릉로53번길 103', '1402호', '현빈', '010-9845-2124', '1652591135153user01', 105, 1),
	('user01', '2022-05-15 14:15:27', 1150, 96, '11919', '경기 구리시 동구릉로53번길 103', '1402호', '현빈', '010-9845-2124', '1652591726370user01', 106, 0),
	('user01', '2022-05-15 15:00:30', 1150, 1, '11919', '경기 구리시 동구릉로53번길 103', '1402호', '현빈', '010-9845-2124', '1652594429121user01', 107, 1),
	('user01', '2022-05-15 16:16:49', 1150, 5, '11919', '경기 구리시 동구릉로53번길 103', '1402호', '현빈', '010-9845-2124', '1652599008601user01', 108, 1),
	('user01', '2022-05-15 21:59:40', 1149, 3, '11919', '경기 구리시 동구릉로53번길 103', '1402호', '현빈', '010-9845-2124', '1652619579832user01', 109, 0),
	('user01', '2022-05-15 21:59:40', 1148, 2, '11919', '경기 구리시 동구릉로53번길 103', '1402호', '현빈', '010-9845-2124', '1652619579832user01', 110, 0),
	('user01', '2022-05-15 21:59:40', 1150, 2, '11919', '경기 구리시 동구릉로53번길 103', '1402호', '현빈', '010-9845-2124', '1652619579832user01', 111, 0),
	('user01', '2022-05-15 21:59:40', 130, 5, '11919', '경기 구리시 동구릉로53번길 103', '1402호', '현빈', '010-9845-2124', '1652619579832user01', 112, 0),
	('admin1', '2022-05-16 00:09:27', 1149, 1, '21632', '인천 남동구 남동대로239번길 72-29', '205호', '박병철', '01084215645', '1652627366950admin1', 113, 0),
	('admin1', '2022-05-16 00:11:59', 126, 1, '21632', '인천 남동구 남동대로239번길 72-29', '205호', '박병철', '010-8421-5645', '1652627518692admin1', 114, 0),
	('admin1', '2022-05-16 00:11:59', 1149, 1, '21632', '인천 남동구 남동대로239번길 72-29', '205호', '박병철', '010-8421-5645', '1652627518692admin1', 115, 0),
	('admin1', '2022-05-16 00:11:59', 1139, 1, '21632', '인천 남동구 남동대로239번길 72-29', '205호', '박병철', '010-8421-5645', '1652627518692admin1', 116, 0),
	('admin1', '2022-05-16 00:11:59', 688, 3, '21632', '인천 남동구 남동대로239번길 72-29', '205호', '박병철', '010-8421-5645', '1652627518692admin1', 117, 0),
	('admin1', '2022-05-16 00:11:59', 134, 2, '21632', '인천 남동구 남동대로239번길 72-29', '205호', '박병철', '010-8421-5645', '1652627518692admin1', 118, 0),
	('user01', '2022-05-16 00:59:11', 1132, 4, '11919', '경기 구리시 동구릉로53번길 103', '1402호', '현빈', '010-9845-2124', '1652630350452user01', 119, 0),
	('user01', '2022-05-16 00:59:11', 1139, 2, '11919', '경기 구리시 동구릉로53번길 103', '1402호', '현빈', '010-9845-2124', '1652630350452user01', 120, 0),
	('user01', '2022-05-16 00:59:11', 1140, 2, '11919', '경기 구리시 동구릉로53번길 103', '1402호', '현빈', '010-9845-2124', '1652630350452user01', 121, 0),
	('user03', '2022-05-17 14:18:55', 688, 3, '05693', '서울 송파구 가락로 8', '42 204', '박원', '01085462312', '1652764732759user03', 122, 0),
	('user03', '2022-05-17 14:21:04', 688, 1, '05693', '서울 송파구 가락로 8', '42 204', '박원', '01085462312', '1652764862088user03', 123, 0),
	('user03', '2022-05-17 14:23:46', 688, 4, '05693', '서울 송파구 가락로 8', '42 204', '박원', '01085462312', '1652765023860user03', 124, 0),
	('user03', '2022-05-17 14:35:55', 130, 2, '05693', '서울 송파구 가락로 8', '42 204', '박원', '01085462312', '1652765752856user03', 125, 0),
	('user01', '2022-05-17 14:44:04', 1088, 11, '11919', '경기 구리시 동구릉로53번길 103', '1402호', '현빈', '010-9845-2124', '1652766241609user01', 126, 1),
	('user01', '2022-05-17 14:44:04', 1023, 4, '11919', '경기 구리시 동구릉로53번길 103', '1402호', '현빈', '010-9845-2124', '1652766241609user01', 127, 1),
	('user01', '2022-05-17 14:44:04', 705, 1, '11919', '경기 구리시 동구릉로53번길 103', '1402호', '현빈', '010-9845-2124', '1652766241609user01', 128, 0),
	('user01', '2022-05-17 14:44:04', 1138, 6, '11919', '경기 구리시 동구릉로53번길 103', '1402호', '현빈', '010-9845-2124', '1652766241609user01', 129, 0),
	('user01', '2022-05-17 14:44:04', 1147, 1, '11919', '경기 구리시 동구릉로53번길 103', '1402호', '현빈', '010-9845-2124', '1652766241609user01', 130, 0),
	('user01', '2022-05-17 16:09:27', 1140, 1, '11919', '경기 구리시 동구릉로53번길 103', '1402호', '현빈', '01098452124', '1652771364611user01', 131, 1),
	('doctor1', '2022-05-18 10:10:46', 1148, 1, '52550', '경남 사천시 주공1길 31', 'A동 501호', '난의사', '01098744561', '1652836242739doctor1', 132, 0),
	('user01', '2022-05-18 10:11:23', 1148, 1, '11919', '경기 구리시 동구릉로53번길 103', '1402호', '현빈', '01098452124', '1652836280142user01', 133, 0),
	('user01', '2022-05-18 11:16:17', 1147, 5, '11919', '경기 구리시 동구릉로53번길 103', '1402호', '현빈', '010-9845-2124', '1652840173946user01', 134, 1),
	('user01', '2022-05-18 11:16:17', 1159, 1, '11919', '경기 구리시 동구릉로53번길 103', '1402호', '현빈', '010-9845-2124', '1652840173946user01', 135, 0),
	('user01', '2022-05-18 11:16:17', 1145, 1, '11919', '경기 구리시 동구릉로53번길 103', '1402호', '현빈', '010-9845-2124', '1652840173946user01', 136, 0),
	('user01', '2022-05-18 11:16:17', 1160, 1, '11919', '경기 구리시 동구릉로53번길 103', '1402호', '현빈', '010-9845-2124', '1652840173946user01', 137, 0),
	('user01', '2022-05-18 13:40:53', 1046, 2, '11919', '경기 구리시 동구릉로53번길 103', '1402호', '현빈', '010-9845-2124', '1652848849597user01', 138, 0),
	('user01', '2022-05-18 13:40:53', 1147, 5, '11919', '경기 구리시 동구릉로53번길 103', '1402호', '현빈', '010-9845-2124', '1652848849597user01', 139, 0),
	('user01', '2022-05-18 13:43:43', 232, 1, '11919', '경기 구리시 동구릉로53번길 103', '1402호', '현빈', '01098452124', '1652849020096user01', 140, 0),
	('user01', '2022-05-18 19:35:58', 1219, 1, '11919', '경기 구리시 동구릉로53번길 103', '1402호', '현빈', '010-9845-2124', '1652870163049user01', 141, 0),
	('user01', '2022-05-18 19:39:59', 689, 6, '11919', '경기 구리시 동구릉로53번길 103', '1402호', '현빈', '010-9845-2124', '1652870404273user01', 142, 0),
	('user01', '2022-05-18 19:39:59', 168, 1, '11919', '경기 구리시 동구릉로53번길 103', '1402호', '현빈', '010-9845-2124', '1652870404273user01', 143, 0),
	('user01', '2022-05-18 19:39:59', 172, 3, '11919', '경기 구리시 동구릉로53번길 103', '1402호', '현빈', '010-9845-2124', '1652870404273user01', 144, 0),
	('user01', '2022-05-18 19:41:07', 1217, 1, '11919', '경기 구리시 동구릉로53번길 103', '1402호', '현빈', '010-9845-2124', '1652870471694user01', 145, 0),
	('user01', '2022-05-18 19:41:07', 1211, 1, '11919', '경기 구리시 동구릉로53번길 103', '1402호', '현빈', '010-9845-2124', '1652870471694user01', 146, 0),
	('user01', '2022-05-18 19:41:07', 1212, 1, '11919', '경기 구리시 동구릉로53번길 103', '1402호', '현빈', '010-9845-2124', '1652870471694user01', 147, 0),
	('user01', '2022-05-18 19:41:52', 1214, 1, '11919', '경기 구리시 동구릉로53번길 103', '1402호', '현빈', '010-9845-2124', '1652870516906user01', 148, 1),
	('user01', '2022-05-18 20:40:46', 1218, 1, '11919', '경기 구리시 동구릉로53번길 103', '1402호', '현빈', '010-9845-2124', '1652874050847user01', 149, 1),
	('user07', '2022-05-19 00:25:42', 1339, 3, '22742', '인천 서구 국제대로 29', 'woo호텔', '김승우', '01054216523', '1652887547430user07', 150, 0),
	('user07', '2022-05-19 01:01:13', 1341, 3, '22742', '인천 서구 국제대로 29', 'woo호텔', '김승우', '01054216523', '1652889678319user07', 151, 0),
	('user06', '2022-05-19 01:07:42', 1341, 6, '05737', '서울 송파구 성내천로 127', '4567', '장보고', '01045675412', '1652890067569user06', 152, 0),
	('user01', '2022-05-19 08:01:43', 1341, 2, '11919', '경기 구리시 동구릉로53번길 103', '1402호', '현빈', '01098452124', '1652914901740user01', 153, 0),
	('user01', '2022-05-19 09:48:49', 1341, 1, '11919', '경기 구리시 동구릉로53번길 103', '1402호', '현빈', '01098452124', '1652921328520user01', 154, 1),
	('user01', '2022-05-19 10:57:11', 1331, 1, '11919', '경기 구리시 동구릉로53번길 103', '1402호', '현빈', '010-9845-2124', '1652925430132user01', 155, 1),
	('user01', '2022-05-19 10:57:11', 1330, 1, '11919', '경기 구리시 동구릉로53번길 103', '1402호', '현빈', '010-9845-2124', '1652925430132user01', 156, 0),
	('user01', '2022-05-19 10:57:11', 1327, 1, '11919', '경기 구리시 동구릉로53번길 103', '1402호', '현빈', '010-9845-2124', '1652925430132user01', 157, 0),
	('user01', '2022-09-02 22:05:44', 1148, 1, '11919', '경기 구리시 동구릉로53번길 103', '1402호', '현빈', '010-9845-2124', '1662123944938user01', 158, 0),
	('user01', '2022-09-02 22:06:40', 126, 3, '11919', '경기 구리시 동구릉로53번길 103', '1402호', '현빈', '01098452124', '1662124000669user01', 159, 0),
	('user01', '2022-09-02 22:12:14', 321, 1, '11919', '경기 구리시 동구릉로53번길 103', '1402호', '현빈', '010-9845-2124', '1662124334092user01', 160, 3),
	('user01', '2022-09-02 22:12:14', 1150, 1, '11919', '경기 구리시 동구릉로53번길 103', '1402호', '현빈', '010-9845-2124', '1662124334092user01', 161, 0),
	('user01', '2022-09-02 22:12:14', 1297, 3, '11919', '경기 구리시 동구릉로53번길 103', '1402호', '현빈', '010-9845-2124', '1662124334092user01', 162, 0),
	('user01', '2022-09-04 11:54:48', 232, 7, '34672', '대전 동구 판교1길 4', '1402호', '현빈', '01098452124', '1662260088107user01', 163, 0);
/*!40000 ALTER TABLE `orderlist` ENABLE KEYS */;

-- Dumping data for table petchudb.pet: ~6 rows (approximately)
/*!40000 ALTER TABLE `pet` DISABLE KEYS */;
REPLACE INTO `pet` (`pno`, `pname`, `pimage`, `pcate`, `pcate_1`, `pweight`, `pgender`, `pspaying`, `page`, `pbreed`, `id`) VALUES
	(27, '홍익포메', 'pet/1652847674208_pome.jpg', '강아지', NULL, 3, '여', 'Y', 3, '포메라니안', 'user01'),
	(28, '뭉치', 'pet/1652850292312_1650368840501_82362455338.2.jpg', '강아지', NULL, 4, '남', 'Y', 4, '믹스견', 'user04'),
	(29, '홍주름', 'pet/1652848035336_spin.png', '고양이', NULL, 5, '남', 'Y', 5, '스핑크스', 'user01'),
	(30, '홍돼지바', 'pet/1652848358866_pood.jpg', '강아지', NULL, 1, '남', 'N', 1, '푸들', 'user01'),
	(31, '초코', 'pet/1652848408410_1650368494137_25708580688.20210122205913.jpg', '고양이', NULL, 7, '남', 'Y', 5, '코숏', 'user04'),
	(32, '큐리', 'pet/1652892569165_molu.png', '고양이', NULL, 8, '여', 'Y', 7, '메인쿤', 'user02');
/*!40000 ALTER TABLE `pet` ENABLE KEYS */;

-- Dumping data for table petchudb.pointhistory: ~18 rows (approximately)
/*!40000 ALTER TABLE `pointhistory` DISABLE KEYS */;
REPLACE INTO `pointhistory` (`phno`, `id`, `amount`, `content`, `regdate`) VALUES
	(123, 'user01', 18006, '쇼핑몰 구매 포인트 적립', '2022-05-18 13:40:53'),
	(124, 'user01', 2250, '쇼핑몰 구매 포인트 적립', '2022-05-18 13:43:44'),
	(125, 'user01', -3840, '쇼핑몰 구매 포인트 사용', '2022-05-18 19:35:58'),
	(127, 'user01', 16440, '쇼핑몰 구매 포인트 적립', '2022-05-18 19:39:59'),
	(128, 'user01', 1690, '쇼핑몰 구매 포인트 적립', '2022-05-18 19:41:07'),
	(129, 'user01', -3500, '쇼핑몰 구매 포인트 사용', '2022-05-18 19:41:52'),
	(131, 'user01', -3500, '쇼핑몰 구매 포인트 사용', '2022-05-18 20:40:46'),
	(132, 'user07', 987, '쇼핑몰 구매 포인트 적립', '2022-05-19 00:25:42'),
	(133, 'user07', 1761, '쇼핑몰 구매 포인트 적립', '2022-05-19 01:01:13'),
	(134, 'user06', 3222, '쇼핑몰 구매 포인트 적립', '2022-05-19 01:07:43'),
	(135, 'user01', 1274, '쇼핑몰 구매 포인트 적립', '2022-05-19 08:01:43'),
	(136, 'user01', 787, '쇼핑몰 구매 포인트 적립', '2022-05-19 09:48:49'),
	(137, 'user01', -29607, '쇼핑몰 구매 포인트 사용', '2022-05-19 10:57:11'),
	(138, 'user01', 3092, '쇼핑몰 구매 포인트 적립', '2022-05-19 10:57:11'),
	(139, 'user01', 1990, '쇼핑몰 구매 포인트 적립', '2022-09-02 22:05:45'),
	(140, 'user01', 13920, '쇼핑몰 구매 포인트 적립', '2022-09-02 22:06:40'),
	(141, 'user01', 65509, '쇼핑몰 구매 포인트 적립', '2022-09-02 22:12:14'),
	(142, 'user01', 13950, '쇼핑몰 구매 포인트 적립', '2022-09-04 11:54:48');
/*!40000 ALTER TABLE `pointhistory` ENABLE KEYS */;

-- Dumping data for table petchudb.porderlist: ~161 rows (approximately)
/*!40000 ALTER TABLE `porderlist` DISABLE KEYS */;
REPLACE INTO `porderlist` (`uid`, `odate`, `pno`, `amount`, `zipcode`, `address1`, `address2`, `receiver`, `tel`, `orno`, `bno`, `isDelete`) VALUES
	('admin1', '2022-04-27 08:41:38', 170, 2, '21632', '인천 남동구 남동대로239번길 72-29', '205호', '김지용', '010-9321-8888', '2214141335', 1, 0),
	('admin1', '2022-04-27 08:41:38', 133, 1, '21632', '인천 남동구 남동대로239번길 72-29', '205호', '김지용', '010-9321-8888', '2214141335', 2, 0),
	('admin1', '2022-04-27 08:41:38', 142, 3, '21632', '인천 남동구 남동대로239번길 72-29', '205호', '김지용', '010-9321-8888', '2214141335', 3, 0),
	('admin1', '2022-04-27 11:26:28', 225, 2, '21632', '인천 남동구 남동대로239번길 72-29', '205호', '김지용', '010-9321-8888', '2214141335', 4, 0),
	('admin1', '2022-04-27 11:26:28', 230, 4, '21632', '인천 남동구 남동대로239번길 72-29', '205호', '김지용', '010-9321-8888', '2214141335', 5, 0),
	('admin1', '2022-04-27 13:53:30', 132, 5, '21632', '인천 남동구 남동대로239번길 72-29', '205호', '김지용', '010-9321-8888', '2214141335', 6, 0),
	('admin1', '2022-04-27 13:53:30', 225, 1, '21632', '인천 남동구 남동대로239번길 72-29', '205호', '김지용', '010-9321-8888', '2214141335', 7, 0),
	('admin1', '2022-04-27 13:53:30', 127, 2, '21632', '인천 남동구 남동대로239번길 72-29', '205호', '김우진', '010-9321-8888', '2214141335', 8, 0),
	('admin1', '2022-04-27 14:21:33', 135, 2, '54579', '전북 익산시 왕궁면 우주로 17', '1022호', '김우진', '010-9321-8888', '2214141335', 9, 0),
	('admin1', '2022-04-27 14:21:33', 132, 1, '54579', '전북 익산시 왕궁면 우주로 17', '1022호', '김우진', '010-9321-8888', '2214141335', 10, 0),
	('admin1', '2022-04-27 20:41:09', 126, 4, '55332', '전북 완주군 봉동읍 우주로 200', '1022호', '김보하', '010-7124-8333', '2214141335', 11, 0),
	('admin1', '2022-04-27 20:41:09', 131, 1, '55332', '전북 완주군 봉동읍 우주로 200', '1022호', '김보하', '010-7124-8333', '2214141335', 12, 0),
	('admin1', '2022-04-27 20:41:09', 138, 3, '55332', '전북 완주군 봉동읍 우주로 200', '1022호', '김보하', '010-7124-8333', '2214141335', 13, 0),
	('user01', '2022-04-28 12:59:52', 686, 3, '11919', '경기 구리시 동구릉로53번길 103', '1022호', '현빈', '01098452124', '2214141335', 14, 0),
	('user01', '2022-04-28 12:59:52', 688, 2, '11919', '경기 구리시 동구릉로53번길 103', '1022호', '현빈', '01098452124', '2214141335', 15, 0),
	('user01', '2022-04-28 12:59:52', 127, 1, '11919', '경기 구리시 동구릉로53번길 103', '1022호', '현빈', '01098452124', '2214141335', 16, 0),
	('user01', '2022-04-28 16:08:13', 685, 3, '11919', '경기 구리시 동구릉로53번길 103', '1022호', '현빈', '01098452124', '2214141335', 17, 0),
	('user01', '2022-04-28 16:10:51', 126, 8, '11919', '경기 구리시 동구릉로53번길 103', '1022호', '현빈', '01098452124', '2214141335', 18, 0),
	('user01', '2022-04-29 10:01:43', 688, 11, '11919', '경기 구리시 동구릉로53번길 103', '1022호', '현빈', '01098452124', '2214141335', 19, 0),
	('user01', '2022-04-29 10:19:35', 131, 5, '21085', '인천 계양구 주부토로426번길 15', '1022호', '김실험', '01092928491', '2214141335', 20, 0),
	('user01', '2022-04-30 16:06:05', 131, 10, '11919', '경기 구리시 동구릉로53번길 103', '1234', '현빈', '01098452124', '2214141335', 21, 0),
	('user01', '2022-04-30 16:06:05', 126, 10, '11919', '경기 구리시 동구릉로53번길 103', '1234', '현빈', '01098452124', '2214141335', 22, 0),
	('user01', '2022-05-02 09:06:31', 141, 4, '11919', '경기 구리시 동구릉로53번길 103', '1402호', '현빈', '01098452124', '2214141335', 23, 0),
	('user01', '2022-05-02 09:06:31', 129, 1, '11919', '경기 구리시 동구릉로53번길 103', '1402호', '현빈', '01098452124', '2214141335', 24, 0),
	('user01', '2022-05-03 10:07:43', 141, 3, '11919', '경기 구리시 동구릉로53번길 103', '1402호', '현빈', '01098452124', '2214141335', 25, 0),
	('user01', '2022-05-03 10:07:43', 237, 4, '11919', '경기 구리시 동구릉로53번길 103', '1402호', '현빈', '01098452124', '2214141335', 26, 0),
	('user01', '2022-05-03 10:07:43', 136, 10, '11919', '경기 구리시 동구릉로53번길 103', '1402호', '현빈', '01098452124', '2214141335', 27, 0),
	('user01', '2022-05-03 10:07:43', 226, 3, '11919', '경기 구리시 동구릉로53번길 103', '1402호', '현빈', '01098452124', '2214141335', 28, 0),
	('user01', '2022-05-03 10:07:43', 244, 3, '11919', '경기 구리시 동구릉로53번길 103', '1402호', '현빈', '01098452124', '2214141335', 29, 0),
	('user01', '2022-05-03 10:07:43', 230, 4, '11919', '경기 구리시 동구릉로53번길 103', '1402호', '현빈', '01098452124', '5362211335', 30, 0),
	('user01', '2022-05-04 10:27:56', 127, 1, '11919', '경기 구리시 동구릉로53번길 103', '1402호', '현빈', '01098452124', '6362211335', 31, 0),
	('user01', '2022-05-08 15:53:50', 688, 1, '11919', '경기 구리시 동구릉로53번길 103', '1402호', '현빈', '01098452124', '6362211335', 32, 0),
	('user01', '2022-05-08 17:09:29', 688, 6, '11919', '경기 구리시 동구릉로53번길 103', '1402호', '현빈', '01098452124', '6362211335', 33, 0),
	('user01', '2022-05-09 10:30:19', 130, 24, '11919', '경기 구리시 동구릉로53번길 103', '1402호', '현빈', '010-9845-2124', '6362211335', 34, 0),
	('user01', '2022-05-09 10:30:19', 127, 2, '11919', '경기 구리시 동구릉로53번길 103', '1402호', '현빈', '010-9845-2124', '6362211335', 35, 0),
	('user01', '2022-05-09 10:30:19', 225, 2, '11919', '경기 구리시 동구릉로53번길 103', '1402호', '현빈', '010-9845-2124', '6362211335', 36, 0),
	('user01', '2022-05-09 10:30:19', 238, 2, '11919', '경기 구리시 동구릉로53번길 103', '1402호', '현빈', '010-9845-2124', '6362211335', 37, 0),
	('user01', '2022-05-09 10:30:19', 243, 2, '11919', '경기 구리시 동구릉로53번길 103', '1402호', '현빈', '010-9845-2124', '6362211335', 38, 0),
	('user01', '2022-05-10 08:15:41', 224, 1, '214111', '테스트주소', '주소위의주소', '테스터김', '1088290121', '6362211335', 39, 0),
	('user01', '2022-05-10 08:16:17', 224, 4, '214111', '테스트주소', '주소위의주소', '테스터김', '1088290121', '6362211335', 40, 0),
	('user01', '2022-05-10 08:30:45', 232, 4, '11919', '경기 구리시 동구릉로53번길 103', '1402호', '현빈', '010-9845-2124', '6362211335', 41, 0),
	('user01', '2022-05-10 08:45:14', 238, 3, '11919', '경기 구리시 동구릉로53번길 103', '1402호', '현빈', '010-9845-2124', '6362211335', 42, 0),
	('user01', '2022-05-10 08:45:14', 130, 2, '11919', '경기 구리시 동구릉로53번길 103', '1402호', '현빈', '010-9845-2124', '6362211335', 43, 0),
	('user01', '2022-05-10 23:26:02', 142, 2, '11919', '경기 구리시 동구릉로53번길 103', '1402호', '현빈', '010-9845-2124', '1652192762563user01', 44, 0),
	('user01', '2022-05-10 23:26:02', 232, 8, '11919', '경기 구리시 동구릉로53번길 103', '1402호', '현빈', '010-9845-2124', '1652192762563user01', 45, 0),
	('user01', '2022-05-10 23:50:28', 128, 5, '11919', '경기 구리시 동구릉로53번길 103', '1402호', '현빈', '01098452124', '1652194228238user01', 46, 0),
	('user01', '2022-05-11 09:03:54', 153, 3, '11919', '경기 구리시 동구릉로53번길 103', '1402호', '현빈', '010-9845-2124', '1652227433708user01', 47, 0),
	('user01', '2022-05-11 09:03:54', 238, 6, '11919', '경기 구리시 동구릉로53번길 103', '1402호', '현빈', '010-9845-2124', '1652227433708user01', 48, 0),
	('user01', '2022-05-11 09:03:54', 138, 1, '11919', '경기 구리시 동구릉로53번길 103', '1402호', '현빈', '010-9845-2124', '1652227433708user01', 49, 0),
	('user01', '2022-05-11 09:03:54', 128, 5, '11919', '경기 구리시 동구릉로53번길 103', '1402호', '현빈', '010-9845-2124', '1652227433708user01', 50, 0),
	('user01', '2022-05-11 09:06:11', 159, 2, '13480', '경기 성남시 분당구 대왕판교로 477', '2층 선도부장실', '김생학', '01022248812', '1652227570155user01', 51, 0),
	('user01', '2022-05-11 09:06:11', 173, 3, '13480', '경기 성남시 분당구 대왕판교로 477', '2층 선도부장실', '김생학', '01022248812', '1652227570155user01', 52, 0),
	('user01', '2022-05-11 09:06:11', 165, 1, '13480', '경기 성남시 분당구 대왕판교로 477', '2층 선도부장실', '김생학', '01022248812', '1652227570155user01', 53, 0),
	('user01', '2022-05-11 09:06:11', 143, 3, '13480', '경기 성남시 분당구 대왕판교로 477', '2층 선도부장실', '김생학', '01022248812', '1652227570155user01', 54, 0),
	('user01', '2022-05-11 09:06:11', 148, 1, '13480', '경기 성남시 분당구 대왕판교로 477', '2층 선도부장실', '김생학', '01022248812', '1652227570155user01', 55, 0),
	('user01', '2022-05-11 09:06:11', 690, 1, '13480', '경기 성남시 분당구 대왕판교로 477', '2층 선도부장실', '김생학', '01022248812', '1652227570155user01', 56, 0),
	('user01', '2022-05-11 15:20:52', 126, 2, '11919', '경기 구리시 동구릉로53번길 103', '1402호', '현빈', '010-9845-2124', '1652250051202user01', 57, 0),
	('user01', '2022-05-11 15:20:52', 127, 2, '11919', '경기 구리시 동구릉로53번길 103', '1402호', '현빈', '010-9845-2124', '1652250051202user01', 58, 0),
	('user01', '2022-05-11 22:49:34', 232, 1, '11919', '경기 구리시 동구릉로53번길 103', '1402호', '현빈', '01098452124', '1652276975286user01', 59, 0),
	('user01', '2022-05-11 22:54:23', 126, 5, '55332', '전북 완주군 봉동읍 우주로 200', '우주 정거장 81번 행성 외곽궤도 25주로 18-1', '김학익', '010-2241-8181', '1652277264260user01', 60, 0),
	('user01', '2022-05-11 22:54:23', 130, 1, '55332', '전북 완주군 봉동읍 우주로 200', '우주 정거장 81번 행성 외곽궤도 25주로 18-1', '김학익', '010-2241-8181', '1652277264260user01', 61, 0),
	('user01', '2022-05-11 22:54:23', 688, 1, '55332', '전북 완주군 봉동읍 우주로 200', '우주 정거장 81번 행성 외곽궤도 25주로 18-1', '김학익', '010-2241-8181', '1652277264260user01', 62, 1),
	('user01', '2022-05-11 22:54:23', 238, 1, '55332', '전북 완주군 봉동읍 우주로 200', '우주 정거장 81번 행성 외곽궤도 25주로 18-1', '김학익', '010-2241-8181', '1652277264260user01', 63, 1),
	('user01', '2022-05-13 00:15:24', 130, 3, '11919', '경기 구리시 동구릉로53번길 103', '1402호', '현빈', '010-9845-2124', '1652368527016user01', 64, 0),
	('user01', '2022-05-13 00:15:24', 232, 4, '11919', '경기 구리시 동구릉로53번길 103', '1402호', '현빈', '010-9845-2124', '1652368527016user01', 65, 0),
	('user01', '2022-05-13 00:15:24', 688, 1, '11919', '경기 구리시 동구릉로53번길 103', '1402호', '현빈', '010-9845-2124', '1652368527016user01', 66, 0),
	('user01', '2022-05-13 00:15:24', 132, 3, '11919', '경기 구리시 동구릉로53번길 103', '1402호', '현빈', '010-9845-2124', '1652368527016user01', 67, 0),
	('user01', '2022-05-13 00:15:24', 126, 1, '11919', '경기 구리시 동구릉로53번길 103', '1402호', '현빈', '010-9845-2124', '1652368527016user01', 68, 0),
	('user01', '2022-05-13 09:25:43', 684, 5, '50532', '경남 양산시 신명동로 3', '진진자로 진진진길 7773번길 73 7동 703호', '김진자라', '010-7748-7773', '1652401542857user01', 69, 1),
	('user01', '2022-05-13 09:25:43', 682, 3, '50532', '경남 양산시 신명동로 3', '진진자로 진진진길 7773번길 73 7동 703호', '김진자라', '010-7748-7773', '1652401542857user01', 70, 0),
	('user01', '2022-05-13 09:25:43', 704, 4, '50532', '경남 양산시 신명동로 3', '진진자로 진진진길 7773번길 73 7동 703호', '김진자라', '010-7748-7773', '1652401542857user01', 71, 0),
	('user01', '2022-05-13 09:25:43', 1138, 3, '50532', '경남 양산시 신명동로 3', '진진자로 진진진길 7773번길 73 7동 703호', '김진자라', '010-7748-7773', '1652401542857user01', 72, 0),
	('user01', '2022-05-13 09:25:43', 1148, 1, '50532', '경남 양산시 신명동로 3', '진진자로 진진진길 7773번길 73 7동 703호', '김진자라', '010-7748-7773', '1652401542857user01', 73, 0),
	('user01', '2022-05-13 13:49:28', 1149, 1, '11919', '경기 구리시 동구릉로53번길 103', '1402호', '현빈', '010-9845-2124', '1652417367765user01', 74, 1),
	('user01', '2022-05-13 13:49:28', 685, 1, '11919', '경기 구리시 동구릉로53번길 103', '1402호', '현빈', '010-9845-2124', '1652417367765user01', 75, 1),
	('user01', '2022-05-13 13:49:28', 1142, 7, '11919', '경기 구리시 동구릉로53번길 103', '1402호', '현빈', '010-9845-2124', '1652417367765user01', 76, 0),
	('user01', '2022-05-13 13:49:28', 1133, 3, '11919', '경기 구리시 동구릉로53번길 103', '1402호', '현빈', '010-9845-2124', '1652417367765user01', 77, 0),
	('user01', '2022-05-13 13:49:28', 1150, 3, '11919', '경기 구리시 동구릉로53번길 103', '1402호', '현빈', '010-9845-2124', '1652417367765user01', 78, 0),
	('user01', '2022-05-13 13:49:28', 688, 2, '11919', '경기 구리시 동구릉로53번길 103', '1402호', '현빈', '010-9845-2124', '1652417367765user01', 79, 0),
	('user01', '2022-05-13 14:52:32', 688, 4, '11919', '경기 구리시 동구릉로53번길 103', '1402호', '현빈', '010-9845-2124', '1652421151236user01', 80, 1),
	('user01', '2022-05-13 16:26:47', 126, 11, '11919', '경기 구리시 동구릉로53번길 103', '1402호', '현빈', '01098452124', '1652426807455user01', 81, 1),
	('user01', '2022-05-13 16:29:08', 1132, 3, '48401', '부산 남구 남동천로 76-2', '설악산 정상 숨겨진 동굴', '김근육', '010-2224-2323', '1652426948441user01', 82, 1),
	('user01', '2022-05-13 16:29:08', 1150, 4, '48401', '부산 남구 남동천로 76-2', '설악산 정상 숨겨진 동굴', '김근육', '010-2224-2323', '1652426948441user01', 83, 1),
	('user01', '2022-05-13 16:29:08', 1148, 111, '48401', '부산 남구 남동천로 76-2', '설악산 정상 숨겨진 동굴', '김근육', '010-2224-2323', '1652426948441user01', 84, 1),
	('user01', '2022-05-13 16:38:53', 688, 1, '11919', '경기 구리시 동구릉로53번길 103', '1402호', '현빈', '01098452124', '1652427532399user01', 85, 1),
	('user01', '2022-05-13 16:42:29', 232, 35, '11919', '경기 구리시 동구릉로53번길 103', '1402호', '현빈', '010-9845-2124', '1652427748061user01', 86, 1),
	('user01', '2022-05-13 16:42:29', 1148, 4, '11919', '경기 구리시 동구릉로53번길 103', '1402호', '현빈', '010-9845-2124', '1652427748061user01', 87, 1),
	('user04', '2022-05-13 19:54:17', 232, 1, '23033', '인천 강화군 강화읍 남문안길 29', '4561', '강감찬', '01012345678', '1652439257528user04', 88, 0),
	('user04', '2022-05-13 19:56:31', 232, 1, '23033', '인천 강화군 강화읍 남문안길 29', '4561', '강감찬', '01012345678', '1652439392398user04', 89, 0),
	('user01', '2022-05-14 19:00:10', 819, 1, '11919', '경기 구리시 동구릉로53번길 103', '1402호', '현빈', '010-9845-2124', '1652522409969user01', 90, 0),
	('user01', '2022-05-14 19:20:43', 126, 20, '11919', '경기 구리시 동구릉로53번길 103', '1402호', '현빈', '01098452124', '1652523643034user01', 93, 0),
	('user01', '2022-05-14 20:11:21', 1139, 1, '11919', '경기 구리시 동구릉로53번길 103', '1402호', '현빈', '010-9845-2124', '1652526681214user01', 94, 0),
	('user01', '2022-05-14 20:11:21', 126, 1, '11919', '경기 구리시 동구릉로53번길 103', '1402호', '현빈', '010-9845-2124', '1652526681214user01', 95, 0),
	('user01', '2022-05-14 20:26:09', 126, 1, '11919', '경기 구리시 동구릉로53번길 103', '1402호', '현빈', '01098452124', '1652527569442user01', 96, 0),
	('user01', '2022-05-15 13:46:13', 1147, 1, '11919', '경기 구리시 동구릉로53번길 103', '1402호', '현빈', '010-9845-2124', '1652589972017user01', 97, 0),
	('user01', '2022-05-15 13:50:09', 1145, 15, '11919', '경기 구리시 동구릉로53번길 103', '1402호', '현빈', '01098452124', '1652590208569user01', 98, 0),
	('user01', '2022-05-15 13:50:48', 688, 1, '11919', '경기 구리시 동구릉로53번길 103', '1402호', '현빈', '010-9845-2124', '1652590247072user01', 99, 0),
	('user01', '2022-05-15 13:52:00', 1037, 1, '11919', '경기 구리시 동구릉로53번길 103', '1402호', '현빈', '010-9845-2124', '1652590319255user01', 100, 0),
	('user01', '2022-05-15 13:52:00', 1041, 1, '11919', '경기 구리시 동구릉로53번길 103', '1402호', '현빈', '010-9845-2124', '1652590319255user01', 101, 0),
	('user01', '2022-05-15 13:52:00', 688, 1, '11919', '경기 구리시 동구릉로53번길 103', '1402호', '현빈', '010-9845-2124', '1652590319255user01', 102, 0),
	('user01', '2022-05-15 14:01:50', 688, 1, '11919', '경기 구리시 동구릉로53번길 103', '1402호', '현빈', '010-9845-2124', '1652590909035user01', 103, 0),
	('user01', '2022-05-15 14:02:51', 688, 35, '11919', '경기 구리시 동구릉로53번길 103', '1402호', '현빈', '01098452124', '1652590970510user01', 104, 0),
	('user01', '2022-05-15 14:05:36', 688, 1, '11919', '경기 구리시 동구릉로53번길 103', '1402호', '현빈', '010-9845-2124', '1652591135153user01', 105, 1),
	('user01', '2022-05-15 14:15:27', 1150, 96, '11919', '경기 구리시 동구릉로53번길 103', '1402호', '현빈', '010-9845-2124', '1652591726370user01', 106, 0),
	('user01', '2022-05-15 15:00:30', 1150, 1, '11919', '경기 구리시 동구릉로53번길 103', '1402호', '현빈', '010-9845-2124', '1652594429121user01', 107, 1),
	('user01', '2022-05-15 16:16:49', 1150, 5, '11919', '경기 구리시 동구릉로53번길 103', '1402호', '현빈', '010-9845-2124', '1652599008601user01', 108, 1),
	('user01', '2022-05-15 21:59:40', 1149, 3, '11919', '경기 구리시 동구릉로53번길 103', '1402호', '현빈', '010-9845-2124', '1652619579832user01', 109, 0),
	('user01', '2022-05-15 21:59:40', 1148, 2, '11919', '경기 구리시 동구릉로53번길 103', '1402호', '현빈', '010-9845-2124', '1652619579832user01', 110, 0),
	('user01', '2022-05-15 21:59:40', 1150, 2, '11919', '경기 구리시 동구릉로53번길 103', '1402호', '현빈', '010-9845-2124', '1652619579832user01', 111, 0),
	('user01', '2022-05-15 21:59:40', 130, 5, '11919', '경기 구리시 동구릉로53번길 103', '1402호', '현빈', '010-9845-2124', '1652619579832user01', 112, 0),
	('admin1', '2022-05-16 00:09:27', 1149, 1, '21632', '인천 남동구 남동대로239번길 72-29', '205호', '박병철', '01084215645', '1652627366950admin1', 113, 0),
	('admin1', '2022-05-16 00:11:59', 126, 1, '21632', '인천 남동구 남동대로239번길 72-29', '205호', '박병철', '010-8421-5645', '1652627518692admin1', 114, 0),
	('admin1', '2022-05-16 00:11:59', 1149, 1, '21632', '인천 남동구 남동대로239번길 72-29', '205호', '박병철', '010-8421-5645', '1652627518692admin1', 115, 0),
	('admin1', '2022-05-16 00:11:59', 1139, 1, '21632', '인천 남동구 남동대로239번길 72-29', '205호', '박병철', '010-8421-5645', '1652627518692admin1', 116, 0),
	('admin1', '2022-05-16 00:11:59', 688, 3, '21632', '인천 남동구 남동대로239번길 72-29', '205호', '박병철', '010-8421-5645', '1652627518692admin1', 117, 0),
	('admin1', '2022-05-16 00:11:59', 134, 2, '21632', '인천 남동구 남동대로239번길 72-29', '205호', '박병철', '010-8421-5645', '1652627518692admin1', 118, 0),
	('user01', '2022-05-16 00:59:11', 1132, 4, '11919', '경기 구리시 동구릉로53번길 103', '1402호', '현빈', '010-9845-2124', '1652630350452user01', 119, 0),
	('user01', '2022-05-16 00:59:11', 1139, 2, '11919', '경기 구리시 동구릉로53번길 103', '1402호', '현빈', '010-9845-2124', '1652630350452user01', 120, 0),
	('user01', '2022-05-16 00:59:11', 1140, 2, '11919', '경기 구리시 동구릉로53번길 103', '1402호', '현빈', '010-9845-2124', '1652630350452user01', 121, 0),
	('user03', '2022-05-17 14:18:55', 688, 3, '05693', '서울 송파구 가락로 8', '42 204', '박원', '01085462312', '1652764732759user03', 122, 0),
	('user03', '2022-05-17 14:21:04', 688, 1, '05693', '서울 송파구 가락로 8', '42 204', '박원', '01085462312', '1652764862088user03', 123, 0),
	('user03', '2022-05-17 14:23:46', 688, 4, '05693', '서울 송파구 가락로 8', '42 204', '박원', '01085462312', '1652765023860user03', 124, 0),
	('user03', '2022-05-17 14:35:55', 130, 2, '05693', '서울 송파구 가락로 8', '42 204', '박원', '01085462312', '1652765752856user03', 125, 0),
	('user01', '2022-05-17 14:44:04', 1088, 11, '11919', '경기 구리시 동구릉로53번길 103', '1402호', '현빈', '010-9845-2124', '1652766241609user01', 126, 1),
	('user01', '2022-05-17 14:44:04', 1023, 4, '11919', '경기 구리시 동구릉로53번길 103', '1402호', '현빈', '010-9845-2124', '1652766241609user01', 127, 1),
	('user01', '2022-05-17 14:44:04', 705, 1, '11919', '경기 구리시 동구릉로53번길 103', '1402호', '현빈', '010-9845-2124', '1652766241609user01', 128, 0),
	('user01', '2022-05-17 14:44:04', 1138, 6, '11919', '경기 구리시 동구릉로53번길 103', '1402호', '현빈', '010-9845-2124', '1652766241609user01', 129, 0),
	('user01', '2022-05-17 14:44:04', 1147, 1, '11919', '경기 구리시 동구릉로53번길 103', '1402호', '현빈', '010-9845-2124', '1652766241609user01', 130, 0),
	('user01', '2022-05-17 16:09:27', 1140, 1, '11919', '경기 구리시 동구릉로53번길 103', '1402호', '현빈', '01098452124', '1652771364611user01', 131, 1),
	('doctor1', '2022-05-18 10:10:46', 1148, 1, '52550', '경남 사천시 주공1길 31', 'A동 501호', '난의사', '01098744561', '1652836242739doctor1', 132, 0),
	('user01', '2022-05-18 10:11:23', 1148, 1, '11919', '경기 구리시 동구릉로53번길 103', '1402호', '현빈', '01098452124', '1652836280142user01', 133, 0),
	('user01', '2022-05-18 11:16:17', 1147, 5, '11919', '경기 구리시 동구릉로53번길 103', '1402호', '현빈', '010-9845-2124', '1652840173946user01', 134, 1),
	('user01', '2022-05-18 11:16:17', 1159, 1, '11919', '경기 구리시 동구릉로53번길 103', '1402호', '현빈', '010-9845-2124', '1652840173946user01', 135, 0),
	('user01', '2022-05-18 11:16:17', 1145, 1, '11919', '경기 구리시 동구릉로53번길 103', '1402호', '현빈', '010-9845-2124', '1652840173946user01', 136, 0),
	('user01', '2022-05-18 11:16:17', 1160, 1, '11919', '경기 구리시 동구릉로53번길 103', '1402호', '현빈', '010-9845-2124', '1652840173946user01', 137, 0),
	('user01', '2022-05-18 13:40:53', 1046, 2, '11919', '경기 구리시 동구릉로53번길 103', '1402호', '현빈', '010-9845-2124', '1652848849597user01', 138, 0),
	('user01', '2022-05-18 13:40:53', 1147, 5, '11919', '경기 구리시 동구릉로53번길 103', '1402호', '현빈', '010-9845-2124', '1652848849597user01', 139, 0),
	('user01', '2022-05-18 13:43:43', 232, 1, '11919', '경기 구리시 동구릉로53번길 103', '1402호', '현빈', '01098452124', '1652849020096user01', 140, 0),
	('user01', '2022-05-18 19:35:58', 1219, 1, '11919', '경기 구리시 동구릉로53번길 103', '1402호', '현빈', '010-9845-2124', '1652870163049user01', 141, 0),
	('user01', '2022-05-18 19:39:59', 689, 6, '11919', '경기 구리시 동구릉로53번길 103', '1402호', '현빈', '010-9845-2124', '1652870404273user01', 142, 0),
	('user01', '2022-05-18 19:39:59', 168, 1, '11919', '경기 구리시 동구릉로53번길 103', '1402호', '현빈', '010-9845-2124', '1652870404273user01', 143, 0),
	('user01', '2022-05-18 19:39:59', 172, 3, '11919', '경기 구리시 동구릉로53번길 103', '1402호', '현빈', '010-9845-2124', '1652870404273user01', 144, 0),
	('user01', '2022-05-18 19:41:07', 1217, 1, '11919', '경기 구리시 동구릉로53번길 103', '1402호', '현빈', '010-9845-2124', '1652870471694user01', 145, 0),
	('user01', '2022-05-18 19:41:07', 1211, 1, '11919', '경기 구리시 동구릉로53번길 103', '1402호', '현빈', '010-9845-2124', '1652870471694user01', 146, 0),
	('user01', '2022-05-18 19:41:07', 1212, 1, '11919', '경기 구리시 동구릉로53번길 103', '1402호', '현빈', '010-9845-2124', '1652870471694user01', 147, 0),
	('user01', '2022-05-18 19:41:52', 1214, 1, '11919', '경기 구리시 동구릉로53번길 103', '1402호', '현빈', '010-9845-2124', '1652870516906user01', 148, 1),
	('user01', '2022-05-18 20:40:46', 1218, 1, '11919', '경기 구리시 동구릉로53번길 103', '1402호', '현빈', '010-9845-2124', '1652874050847user01', 149, 1),
	('user07', '2022-05-19 00:25:42', 1339, 3, '22742', '인천 서구 국제대로 29', 'woo호텔', '김승우', '01054216523', '1652887547430user07', 150, 0),
	('user07', '2022-05-19 01:01:13', 1341, 3, '22742', '인천 서구 국제대로 29', 'woo호텔', '김승우', '01054216523', '1652889678319user07', 151, 0),
	('user06', '2022-05-19 01:07:42', 1341, 6, '05737', '서울 송파구 성내천로 127', '4567', '장보고', '01045675412', '1652890067569user06', 152, 0),
	('user01', '2022-05-19 08:01:43', 1341, 2, '11919', '경기 구리시 동구릉로53번길 103', '1402호', '현빈', '01098452124', '1652914901740user01', 153, 0),
	('user01', '2022-05-19 09:48:49', 1341, 1, '11919', '경기 구리시 동구릉로53번길 103', '1402호', '현빈', '01098452124', '1652921328520user01', 154, 1),
	('user01', '2022-05-19 10:57:11', 1331, 1, '11919', '경기 구리시 동구릉로53번길 103', '1402호', '현빈', '010-9845-2124', '1652925430132user01', 155, 1),
	('user01', '2022-05-19 10:57:11', 1330, 1, '11919', '경기 구리시 동구릉로53번길 103', '1402호', '현빈', '010-9845-2124', '1652925430132user01', 156, 0),
	('user01', '2022-05-19 10:57:11', 1327, 1, '11919', '경기 구리시 동구릉로53번길 103', '1402호', '현빈', '010-9845-2124', '1652925430132user01', 157, 0),
	('user01', '2022-09-02 22:05:44', 1148, 1, '11919', '경기 구리시 동구릉로53번길 103', '1402호', '현빈', '010-9845-2124', '1662123944938user01', 158, 0),
	('user01', '2022-09-02 22:06:40', 126, 3, '11919', '경기 구리시 동구릉로53번길 103', '1402호', '현빈', '01098452124', '1662124000669user01', 159, 0),
	('user01', '2022-09-02 22:12:14', 321, 1, '11919', '경기 구리시 동구릉로53번길 103', '1402호', '현빈', '010-9845-2124', '1662124334092user01', 160, 0),
	('user01', '2022-09-02 22:12:14', 1150, 1, '11919', '경기 구리시 동구릉로53번길 103', '1402호', '현빈', '010-9845-2124', '1662124334092user01', 161, 0),
	('user01', '2022-09-02 22:12:14', 1297, 3, '11919', '경기 구리시 동구릉로53번길 103', '1402호', '현빈', '010-9845-2124', '1662124334092user01', 162, 0);
/*!40000 ALTER TABLE `porderlist` ENABLE KEYS */;

-- Dumping data for table petchudb.rate: ~33 rows (approximately)
/*!40000 ALTER TABLE `rate` DISABLE KEYS */;
REPLACE INTO `rate` (`rno`, `id`, `scno`, `rate`, `comments`, `revDate`) VALUES
	(1, 'user04', 39, 5, '사장님 친절하시고 깨끗한 편입니다 . 애용할게요 ~', '2022-05-10 13:11:48'),
	(2, 'user05', 39, 4, '사장님 친절하시고 시설도 괜찮은데 연락이 잘 안되는 점이 좀 아쉽습니다 ㅠㅠ', '2022-05-10 13:11:48'),
	(3, 'user06', 39, 3, '예약도 힘들고 이용이 좀 불편하네요 ......', '2022-05-10 13:11:48'),
	(4, 'user06', 39, 5, '강아지들을 잘 맡아주신 덕에 편하게 여행 잘다녀왔습니다 감사합니다~', '2022-05-10 13:11:48'),
	(5, 'user04', 39, 5, '사장님 친절하시고 깨끗한 편입니다 . 애용할게요 ~', '2022-05-10 15:42:35'),
	(6, 'user05', 39, 4, '사장님 친절하시고 시설도 괜찮은데 연락이 잘 안되는 점이 좀 아쉽습니다 ㅠㅠ', '2022-05-10 15:42:35'),
	(7, 'user06', 39, 3, '예약도 힘들고 이용이 좀 불편하네요 ......', '2022-05-10 15:42:35'),
	(8, 'user06', 39, 5, '강아지들을 잘 맡아주신 덕에 편하게 여행 잘다녀왔습니다 감사합니다~', '2022-05-10 15:42:35'),
	(12, 'user04', 40, 1, '너무 시끄러워요!!!!! \r\n', '2022-05-11 09:20:43'),
	(13, 'user06', 40, 2, '비용도 비싸고 서비스도 별로.......\r\n', '2022-05-11 09:21:16'),
	(14, 'user07', 40, 5, '너무 친절하고 우리 애기도 사나운데 여기선 착하게 받았네요\r\n', '2022-05-11 09:22:25'),
	(15, 'admin1', 40, 4, '관리자가 추천하는 업소입니다!!', '2022-05-11 09:23:48'),
	(16, 'admin1', 40, 5, '', '2022-05-11 09:23:58'),
	(17, 'user01', 40, 3, '', '2022-05-11 09:24:28'),
	(18, 'user01', 41, 5, '너무 친절하고 우리 애기도 사나운데 여기선 착하게 받았네요', '2022-05-11 09:28:33'),
	(19, 'user05', 41, 2, '다녀 와서 더 사나워졌어요...', '2022-05-11 09:29:06'),
	(20, 'user06', 41, 3, '시설이 너무 더러워요... 근데 친절 하고 실력은 확실히 있네요', '2022-05-11 09:30:11'),
	(21, 'user07', 41, 1, '여기 맡길바에 다른데 맡기겠다!', '2022-05-11 09:30:56'),
	(22, 'user07', 42, 1, '맡기고 나서 몸에 상처가 생겼습니다', '2022-05-11 09:31:46'),
	(23, 'user05', 42, 2, ' 우리 똘똘이가 3kg이나 빠졌어요.. ', '2022-05-11 09:32:37'),
	(24, 'user01', 42, 3, '강아지를 같은곳에 둡니다..', '2022-05-11 09:33:52'),
	(25, 'admin1', 42, 5, '관리자 추천 업소입니다', '2022-05-11 09:34:20'),
	(26, 'user01', 41, 4, '나쁘진 않았어요!! 크게 더러운지도 잘 모르겠구요 일단 저희집보다는 깨끗했어요', '2022-05-11 18:47:38'),
	(27, 'user04', 39, 5, '리뷰를 남길수 있습니다~', '2022-05-13 11:19:19'),
	(28, 'user04', 39, 4, '리뷰를 달아보겠삼', '2022-05-13 11:22:49'),
	(29, 'user04', 39, 5, 'asdas', '2022-05-16 11:16:44'),
	(30, 'admin1', 40, 5, '관리자 추천 업체입니다 ! ', '2022-05-16 15:57:28'),
	(31, 'user05', 40, 4, '옥련동에서 제일 친절한 업체인거 같아요!', '2022-05-17 08:25:30'),
	(32, 'user01', 42, 4, '리뷰작성', '2022-05-18 10:45:17'),
	(33, 'user04', 39, 4, '시연중입니다./', '2022-05-18 11:08:36'),
	(34, 'user04', 39, 4, '이용해보니 깨끗하고 좋습니다', '2022-05-18 22:22:40'),
	(35, 'user04', 39, 5, '리뷰를 작성하겠습니다', '2022-05-19 09:20:05'),
	(36, 'user01', 39, 4, '시연중입니다.', '2022-05-19 10:49:13');
/*!40000 ALTER TABLE `rate` ENABLE KEYS */;

-- Dumping data for table petchudb.recruit: ~3 rows (approximately)
/*!40000 ALTER TABLE `recruit` DISABLE KEYS */;
REPLACE INTO `recruit` (`id`, `bno`, `regdate`, `contents`, `type`) VALUES
	('user01', 8, '2022-05-04 09:46:49', '펫시터 구합니다', '구인'),
	('user07', 14, '2022-05-04 15:11:07', '내일 급하게 펫시터 구합니다 5시부터 ', '구인'),
	('user04', 18, '2022-05-04 15:44:13', '5월 19일 돌봐줄 사람 구해요', '구인');
/*!40000 ALTER TABLE `recruit` ENABLE KEYS */;

-- Dumping data for table petchudb.recruitreply: ~2 rows (approximately)
/*!40000 ALTER TABLE `recruitreply` DISABLE KEYS */;
REPLACE INTO `recruitreply` (`id`, `rno`, `bno`, `regdate`, `reply`) VALUES
	('user01', 1, 18, '2022-05-09 10:01:56', '제가 하겠습니다'),
	('user02', 2, 18, '2022-05-09 10:49:05', '저도 가능합니다');
/*!40000 ALTER TABLE `recruitreply` ENABLE KEYS */;

-- Dumping data for table petchudb.reserve: ~2 rows (approximately)
/*!40000 ALTER TABLE `reserve` DISABLE KEYS */;
REPLACE INTO `reserve` (`rno`, `scno`, `id`, `checkin`, `checkout`, `reserveDate`, `request`, `userName`, `userTel`, `isEdit`, `isDel`) VALUES
	(46, 39, 'user04', '2022-05-25 00:00:00', '2022-05-30 00:00:00', '2022-05-19 09:19:18', '수정합니다', '이수정', '01012345678', 0, 2),
	(47, 39, 'user01', '2022-05-24 00:00:00', '2022-05-25 00:00:00', '2022-05-19 10:48:50', '수정하겠습니다', '현빈', '01098452124', 0, 2);
/*!40000 ALTER TABLE `reserve` ENABLE KEYS */;

-- Dumping data for table petchudb.review: ~84 rows (approximately)
/*!40000 ALTER TABLE `review` DISABLE KEYS */;
REPLACE INTO `review` (`rid`, `rtitle`, `rdetailrate1`, `rdetailrate2`, `rdetailrate3`, `star`, `review`, `delivery_review`, `rdate`, `rimage1`, `rimage2`, `rimage3`, `helpcount`, `pno`, `uid`, `ratingAvg`, `scno`, `bno`, `chk`) VALUES
	(83, '1', 0, 2, 0, 4, '1', '1', '2022-04-27 16:41:21', '', '', '', 1, 127, NULL, 4.0, NULL, NULL, 1),
	(84, '123', 1, 0, 0, 5, '123', '123', '2022-04-27 16:41:41', '', '', '', 0, 127, NULL, 4.0, NULL, NULL, 1),
	(85, '테스트', 0, 0, 0, 5, '리뷰데이터', NULL, '2022-04-28 09:41:08', '/doll.jpg', NULL, NULL, 0, 130, NULL, NULL, NULL, NULL, 1),
	(86, '테스트', 0, 0, 0, 5, '리뷰데이터', NULL, '2022-04-28 09:55:22', '/doll.jpg', NULL, NULL, 0, 126, NULL, NULL, NULL, NULL, 1),
	(87, 'gg', 1, 0, 0, 3, 'gg', 'gg', '2022-05-02 06:03:04', '', '', '', 0, 127, NULL, 4.0, NULL, NULL, 1),
	(88, '테스트', 0, 0, 0, 5, '리뷰데이터', NULL, '2022-05-06 09:52:17', '/doll.jpg', NULL, NULL, 0, 170, NULL, NULL, NULL, NULL, 1),
	(89, '테스트', 0, 0, 0, 5, '리뷰데이터', NULL, '2022-05-06 11:10:51', '/doll.jpg', NULL, NULL, 0, 170, NULL, NULL, NULL, NULL, 1),
	(90, NULL, 0, 0, 0, NULL, NULL, NULL, '2022-05-09 11:37:49', NULL, NULL, NULL, 0, 170, NULL, NULL, NULL, NULL, 1),
	(91, NULL, 0, 0, 0, NULL, NULL, NULL, '2022-05-09 11:37:55', NULL, NULL, NULL, 0, 170, NULL, NULL, NULL, NULL, 1),
	(92, NULL, 0, 0, 0, NULL, NULL, NULL, '2022-05-09 11:38:00', NULL, NULL, NULL, 0, 170, NULL, NULL, NULL, NULL, 1),
	(96, '요약', 0, 0, 0, NULL, '리뷰테스트', NULL, '2022-05-10 13:14:43', NULL, NULL, NULL, 0, 170, NULL, NULL, NULL, NULL, 1),
	(97, '냠냠', 0, 0, 0, NULL, '리뷰안나오는줄..ㅠㅠ', NULL, '2022-05-10 13:29:18', NULL, NULL, NULL, 0, 685, NULL, NULL, NULL, NULL, 1),
	(98, 'ㅠㅠㅠㅠㅠㅠㅠㅠㅠㅠㅠㅠㅠㅠㅠㅠㅠㅠㅠㅠㅠㅠㅠㅠㅠ', 0, 0, 0, NULL, 'ㅠㅠㅠㅠㅠㅠㅠㅠㅠㅠㅠㅠㅠㅠ나는 답이없어', NULL, '2022-05-11 11:11:36', '1652235098176_d9bc9924846daca0ef200e626d258c2c.jpg', NULL, NULL, 0, 141, NULL, NULL, NULL, NULL, 1),
	(99, 'ㅠㅠㅠㅠㅠㅠㅠㅠㅠㅠㅠㅠㅠㅠㅠㅠㅠㅠㅠㅠㅠㅠㅠㅠㅠ', 0, 0, 0, NULL, 'ㅠㅠㅠㅠㅠㅠㅠㅠㅠㅠㅠㅠㅠㅠ나는 답이없어', NULL, '2022-05-11 11:12:56', '1652235178202_피자파스타.jpg', NULL, NULL, 0, 141, NULL, NULL, NULL, NULL, 1),
	(100, 'ㅠㅠㅠㅠㅠㅠㅠㅠㅠㅠㅠㅠ', 0, 0, 0, NULL, 'ㅠㅠㅠㅠㅠㅠㅠㅠㅜㅜㅜㅜㅜㅜㅜㅜㅜㅜㅜㅜㅜㅜㅜㅜㅜㅜㅜㅜ', NULL, '2022-05-11 11:15:28', '1652235330470_d9bc9924846daca0ef200e626d258c2c.jpg', '1652235330473_피자파스타.jpg', NULL, 0, 129, NULL, NULL, NULL, NULL, 1),
	(101, 'ㅠㅠㅠㅠㅠㅠㅠㅠㅠㅠㅠㅠ시간이넘없다', 0, 0, 0, NULL, 'ㅠㅠㅠㅠㅠㅠㅠㅠㅠㅠㅠㅠㅠㅠㅠㅠㅠㅠㅠ바보바보야', NULL, '2022-05-11 11:20:26', '1652235627382_IMG_4916.JPG', '1652235627384_IMG_4917.JPG', NULL, 0, 129, NULL, NULL, NULL, NULL, 1),
	(102, '강아지가 아주 잘먹어요', 0, 0, 0, 0, '괜찮아요아마도?', NULL, '2022-05-11 15:00:57', '1652248858915_', NULL, NULL, 0, 126, NULL, NULL, NULL, NULL, 1),
	(103, '베리굿굿굿', 0, 0, 0, 0, '이제 list쪽에 보이면 별은 끝이다!!!', NULL, '2022-05-11 15:07:41', '1652249263313_', NULL, NULL, 0, 136, NULL, NULL, NULL, NULL, 1),
	(104, 'ㅠㅠㅠㅠㅠㅠㅠㅠ', 0, 0, 0, 0, '별점값안넘어가나요?', NULL, '2022-05-11 17:20:47', '1652257248635_', NULL, NULL, 0, 170, NULL, NULL, NULL, NULL, 1),
	(105, 'ㅜㅜㅜㅜㅜㅜㅠㅠㅠㅠ', 0, 0, 0, 0, '별점값이 안넘어가는데 사료가 눈에 들어옵니까..', NULL, '2022-05-11 17:35:39', '1652258140694_', NULL, NULL, 0, 170, NULL, NULL, NULL, NULL, 1),
	(106, '한줄요약입니다', 0, 0, 0, 0, '리뷰는10글자이상해주세요', NULL, '2022-05-11 17:45:50', '1652258753416_', NULL, NULL, 0, 170, NULL, NULL, NULL, NULL, 1),
	(107, NULL, 0, 0, 0, 0, NULL, NULL, '2022-05-11 17:53:13', NULL, NULL, NULL, 0, 170, NULL, NULL, NULL, NULL, 1),
	(108, '한줄요약입니다', 0, 0, 0, 0, '리뷰는10글자이상해주세요', NULL, '2022-05-11 17:53:20', '1652259204901_', NULL, NULL, 0, 170, NULL, NULL, NULL, NULL, 1),
	(109, 'ㅠㅠㅠㅠㅠㅠㅠㅠㅠㅠㅠ살려줘', 0, 0, 0, 0, '왜 추가가안되는거야.........?', NULL, '2022-05-11 18:21:00', '1652260864154_', NULL, NULL, 0, 170, NULL, NULL, NULL, NULL, 1),
	(110, 'ㅠㅠㅠㅠㅠㅠㅠㅠㅠㅠㅠ살려줘', 0, 0, 0, 0, '왜 추가가안되는거야.........?', NULL, '2022-05-11 18:23:25', '1652261010035_', NULL, NULL, 0, 170, NULL, NULL, NULL, NULL, 1),
	(111, '나도 좋아합니다 양고기', 0, 0, 0, 0, '양고기 맛있죠 강아지들이 좋아해요', NULL, '2022-05-11 18:32:29', '1652261553122_', NULL, NULL, 0, 170, NULL, NULL, NULL, NULL, 1),
	(112, 'ㅠㅠㅠㅠㅠㅠㅠ아니 그냥 내가 바보임..', 0, 0, 0, 0, '별점 진짜 어렵다ㅠㅠㅠㅠㅠㅠㅠㅠㅠㅠ', NULL, '2022-05-11 18:46:17', '1652262381819_', NULL, NULL, 0, 170, NULL, NULL, NULL, NULL, 1),
	(113, 'ㅠㅠㅠㅠㅠㅠㅠ아니 그냥 내가 바보임..', 0, 0, 0, 0, '별점 진짜 어렵다ㅠㅠㅠㅠㅠㅠㅠㅠㅠㅠ', NULL, '2022-05-11 18:47:33', '1652262457562_', NULL, NULL, 0, 170, NULL, NULL, NULL, NULL, 1),
	(114, 'ㅠㅠㅠㅠㅠㅠㅠㅠㅠㅠㅠㅠㅠㅠ', 0, 0, 0, 0, '아니 alert는 뜨는데 그럼 값갖고오는거아니야?????', NULL, '2022-05-11 18:54:51', '1652262895693_', NULL, NULL, 0, 170, NULL, NULL, NULL, NULL, 1),
	(115, 'ㅠㅠㅠㅠㅠㅠㅠㅠㅠㅠㅠㅠㅠㅠㅠㅠㅠㅠㅠ', 0, 0, 0, 0, 'ㅠㅠㅠㅠㅠㅠㅠㅠㅠㅠㅠㅠㅠㅠㅠㅠㅠ', NULL, '2022-05-11 19:02:08', '1652263332665_', NULL, NULL, 0, 170, NULL, NULL, NULL, NULL, 1),
	(116, 'ㅠㅠㅠㅠㅠㅠㅠㅠㅠㅠㅠㅠㅠㅠㅠㅠㅠㅠㅠ', 0, 0, 0, 0, 'ㅠㅠㅠㅠㅠㅠㅠㅠㅠㅠㅠㅠㅠㅠㅠㅠㅠ', NULL, '2022-05-11 19:05:30', '1652263534420_', NULL, NULL, 0, 170, NULL, NULL, NULL, NULL, 1),
	(117, 'ㅠㅠㅠㅠㅠㅠㅠㅠㅠㅠㅠㅠㅠㅠㅠㅠㅠㅠㅠ', 0, 0, 0, 0, 'ㅠㅠㅠㅠㅠㅠㅠㅠㅠㅠㅠㅠㅠㅠㅠㅠㅠ', NULL, '2022-05-11 19:11:02', '1652263866703_', NULL, NULL, 0, 170, NULL, NULL, NULL, NULL, 1),
	(119, '테스트', 0, 0, 0, 0, '테스트', NULL, '2022-05-12 09:29:51', '1652315395422_', NULL, NULL, 0, 142, NULL, NULL, NULL, NULL, 1),
	(148, 'ㅋㅋㅋㅋ', 0, 0, 0, 4, '넘어가니?ㅋㅋㅋㅋ', NULL, '2022-05-16 13:18:26', NULL, NULL, NULL, 0, 133, NULL, NULL, NULL, 2, 1),
	(149, 'ㅠㅠ', 0, 0, 0, 4, 'lis뜨니', NULL, '2022-05-16 14:44:26', NULL, NULL, NULL, 0, 170, NULL, NULL, NULL, 1, 1),
	(150, 'ㅠㅠㅠㅠㅠㅠㅠㅠㅠㅠㅠㅠㅠㅠㅠㅠㅠ', 0, 0, 0, 5, 'ㅠㅠㅠㅠㅠㅠㅠㅠㅠㅠㅠㅠㅠ', NULL, '2022-05-16 14:47:45', NULL, NULL, NULL, 0, 142, NULL, NULL, NULL, 3, 1),
	(152, 'ㅠㅠㅠㅠㅠㅠㅠㅠㅠㅠㅠㅠ', 0, 0, 0, 5, '다시처음부터..', NULL, '2022-05-16 14:52:40', NULL, NULL, NULL, 0, 170, NULL, NULL, NULL, 1, 1),
	(153, 'ㅎㅎㅎㅎㅎㅎㅎㅎㅎㅎㅎㅎㅎㅎㅎㅎㅎㅎㅎㅎ', 0, 0, 0, 4, 'ㅎㅎㅎㅎㅎㅎㅎㅎㅎㅎㅎㅎㅎㅎ', NULL, '2022-05-16 15:33:16', NULL, NULL, NULL, 0, 686, NULL, NULL, NULL, 14, 1),
	(155, '계속 처음으로 돌아가..', 0, 0, 0, 5, '아 답없다', NULL, '2022-05-16 16:12:09', NULL, NULL, NULL, 0, 131, NULL, NULL, NULL, 12, 1),
	(156, 'ㅠㅠㅠㅠㅠㅠㅠㅠㅠㅠㅠㅠㅠㅠㅠㅠㅠ', 0, 0, 0, 5, 'ㅠㅠㅠㅠㅠㅠㅠㅠㅠㅠㅠㅠㅠㅠㅠㅠㅠㅠ', NULL, '2022-05-16 16:44:30', NULL, NULL, NULL, 0, 142, NULL, NULL, NULL, 3, 1),
	(157, '테스트 2', 0, 0, 0, 1, '테스트 1', NULL, '2022-05-16 19:58:08', NULL, NULL, NULL, 0, 1132, NULL, NULL, NULL, NULL, 1),
	(158, '하기싫어', 0, 0, 0, 2, '리뷰 테스트 2237', NULL, '2022-05-16 22:37:29', NULL, NULL, NULL, 0, 1132, NULL, NULL, NULL, NULL, 1),
	(159, '되면 개망함', 0, 0, 0, 4, '리뷰 중복 테스트', NULL, '2022-05-16 22:38:16', NULL, NULL, NULL, 0, 1132, NULL, NULL, NULL, NULL, 1),
	(160, 'ㄷㅇ', 0, 0, 0, 4, '리뷰 등록\r\nbno 들어가는 찐데이터', NULL, '2022-05-16 22:41:24', NULL, NULL, NULL, 0, 1132, NULL, NULL, NULL, 119, 1),
	(161, '리뷰중복테스트-등록되면 콧구멍에 치약을 넣겠다', 0, 0, 0, 1, '리뷰중복테스트', NULL, '2022-05-16 22:42:03', NULL, NULL, NULL, 0, 1132, NULL, NULL, NULL, 119, 1),
	(164, '142412441테스트요약', 0, 0, 0, 4, '12312313123테스트', NULL, '2022-05-16 23:56:24', NULL, NULL, NULL, 0, 1132, NULL, NULL, NULL, NULL, 1),
	(165, '222222222222222222222', 0, 0, 0, 2, '1111111111111', NULL, '2022-05-17 00:07:35', NULL, NULL, NULL, 0, 1132, NULL, NULL, NULL, NULL, 1),
	(166, 'testing', 0, 0, 0, 2, 'testttttttttttt', NULL, '2022-05-17 00:10:34', NULL, NULL, NULL, 0, 1132, 'user01', NULL, NULL, 119, 1),
	(169, '124124', 0, 0, 0, 2, '124124', NULL, '2022-05-17 00:12:03', NULL, NULL, NULL, 0, 1132, NULL, NULL, NULL, NULL, 1),
	(170, '124124', 0, 0, 0, 0, '14214124', NULL, '2022-05-17 00:14:08', NULL, NULL, NULL, 0, 1132, NULL, NULL, NULL, NULL, 1),
	(171, '14124124214', 0, 0, 0, 3, '14214124', NULL, '2022-05-17 00:18:50', NULL, NULL, NULL, 0, 1132, NULL, NULL, NULL, NULL, 1),
	(172, '나간다', 0, 0, 0, 5, '들어간다', NULL, '2022-05-17 00:19:42', NULL, NULL, NULL, 0, 1132, 'user01', NULL, NULL, NULL, 1),
	(173, '세상이 빙글빙글', 0, 0, 0, 0, '히히히히ㅣ힣', NULL, '2022-05-17 00:25:06', NULL, NULL, NULL, 0, 1132, 'user01', NULL, NULL, 119, 1),
	(174, '됐다', 0, 0, 0, 4, '됐다!!!!!!!!!!!!!!!!!!!!!!\r\n정신줄 놓으니까 딘다 힣히히히히히히힣히ㅣ히히히히하하ㅣㄴ어히ㅏㅁㄴ엏ㄴㅁㅇ허ㅣ남ㅇ허ㅣㅏ써ㅑㅒㅓㅂ라', NULL, '2022-05-17 00:26:02', NULL, NULL, NULL, 0, 1132, 'user01', NULL, NULL, 119, 1),
	(175, '1', 0, 0, 0, 3, '다음작업 전 마지막 실험', NULL, '2022-05-17 00:27:26', NULL, NULL, NULL, 0, 1132, NULL, NULL, NULL, 119, 1),
	(176, 'ㅅㅂ!!!!!!!!!!!!!!!!', 0, 0, 0, 2, '웨않되!!!!!!!!!!!', NULL, '2022-05-17 00:29:06', NULL, NULL, NULL, 0, 1132, NULL, NULL, NULL, 119, 1),
	(177, '144444444444', 0, 0, 0, 4, '44444444444', NULL, '2022-05-17 00:33:40', NULL, NULL, NULL, 0, 1139, 'user01', NULL, NULL, 120, 1),
	(178, '화장실 다녀오니 됨', 0, 0, 0, 1, '컴퓨터 감수성은 실존한다', NULL, '2022-05-17 00:34:58', NULL, NULL, NULL, 0, 1139, 'user01', NULL, NULL, 120, 1),
	(179, '11111111111111', 0, 0, 0, 0, '1111111111111', NULL, '2022-05-17 00:42:50', NULL, NULL, NULL, 0, 1139, NULL, NULL, NULL, 120, 1),
	(180, '된다 시발', 0, 0, 0, 0, '24444444444444444', NULL, '2022-05-17 01:18:58', NULL, NULL, NULL, 0, 1132, NULL, NULL, NULL, 119, 1),
	(181, 'ㅅㅂ제발되라 진짜 좀 되라', 0, 0, 0, 3, '제발', NULL, '2022-05-17 01:19:48', NULL, NULL, NULL, 0, 1140, 'user01', NULL, NULL, 121, 1),
	(182, '분노가 차오른다', 0, 0, 0, 0, '제발 좀', NULL, '2022-05-17 01:20:18', NULL, NULL, NULL, 2, 1037, 'user01', NULL, NULL, 100, 1),
	(183, '된다', 0, 0, 0, 0, '사람이 먹어도 맛있어요', NULL, '2022-05-17 01:28:33', NULL, NULL, NULL, 1, 1150, 'user01', NULL, NULL, 78, 1),
	(184, '안되면 버그', 0, 0, 0, 0, '아침테스트', NULL, '2022-05-17 08:01:21', NULL, NULL, NULL, 0, 1132, NULL, NULL, NULL, 119, 1),
	(185, '123', 0, 0, 0, 0, 'uid 나와야함', NULL, '2022-05-17 08:03:07', NULL, NULL, NULL, 0, 1132, NULL, NULL, NULL, 119, 1),
	(186, '32443124', 0, 0, 0, 0, '애초에 등록이 안돼야함', NULL, '2022-05-17 08:03:31', NULL, NULL, NULL, 0, 1132, NULL, NULL, NULL, 119, 1),
	(187, '13313', 0, 0, 0, 0, '12412414', NULL, '2022-05-17 08:05:41', NULL, NULL, NULL, 0, 230, NULL, NULL, NULL, 30, 1),
	(188, '42142141', 0, 0, 0, 0, '21312313', NULL, '2022-05-17 08:08:52', NULL, NULL, NULL, 0, 230, NULL, NULL, NULL, 30, 1),
	(189, '111111163353535353535', 0, 0, 0, 0, 'ㅅㅈㄷㅅㅄㅈㄷㄹㅇㄴㄻㄴㅇㄹ', NULL, '2022-05-17 08:11:23', NULL, NULL, NULL, 0, 230, NULL, NULL, NULL, 30, 1),
	(190, '124412124', 0, 0, 0, 0, '12412421', NULL, '2022-05-17 08:13:31', NULL, NULL, NULL, 0, 230, 'user01', NULL, NULL, 30, 1),
	(191, 'asdasda', 0, 0, 0, 5, '고양이가 너무 좋아해요^^', NULL, '2022-05-17 08:55:15', NULL, NULL, NULL, 0, 688, 'user01', NULL, NULL, 66, 1),
	(193, '중복으로 입력 => 파일 제대로 들어가는지 확인', 0, 0, 0, 0, '테스트용이니 중복 노상관', NULL, '2022-05-17 09:34:18', NULL, NULL, NULL, 0, 1132, NULL, NULL, NULL, 119, 1),
	(194, '중복으로 입력 => 파일 제대로 들어가는지 확인', 0, 0, 0, 0, '중테2', NULL, '2022-05-17 09:36:55', 'review/shopproduct/1652747814505_soldout.png', 'review/shopproduct/1652747814506_icon_x.png', NULL, 0, 1132, NULL, NULL, NULL, 119, 1),
	(195, '중복으로 입력 => 파일 제대로 들어가는지 확인', 0, 0, 0, 0, '중테212412412412', NULL, '2022-05-17 10:02:14', 'review/shopproduct/1652749332371_soldout.png', 'review/shopproduct/1652749332372_icon_x.png', NULL, 0, 1132, NULL, NULL, NULL, 119, 1),
	(196, 'testtesttesttesttesttesttesttesttest', 0, 0, 0, 0, '124124142', NULL, '2022-05-17 10:31:29', 'review/shopproduct/1652751087507_', NULL, NULL, 0, 1132, NULL, NULL, NULL, 119, 1),
	(197, 'test5555', 0, 0, 0, 0, '5555555555', NULL, '2022-05-17 10:34:52', 'review/shopproduct/1652751290800_icon_dot.png', NULL, NULL, 0, 1132, NULL, NULL, NULL, 119, 1),
	(198, '4521512512512521', 0, 0, 0, 0, '124142124124214', NULL, '2022-05-17 10:38:53', 'review/shopproduct/1652751532185_', NULL, NULL, 0, 1132, NULL, NULL, NULL, 119, 1),
	(199, 'TEST1042SS1BAK', 0, 0, 0, 3, 'TEST', NULL, '2022-05-17 10:42:43', 'review/shopproduct/1652751761709_apiError.png', NULL, NULL, 0, 148, 'user01', NULL, NULL, 55, 1),
	(200, '존맛탱', 0, 0, 0, 4, '개가 안먹어서 제가 먹고있는데 개맛있어요', NULL, '2022-05-17 14:19:31', 'review/shopproduct/1652764768774_icon_x.png', NULL, NULL, 0, 688, 'user03', NULL, NULL, 122, 1),
	(207, '고양이가 좋아해요', 0, 0, 0, 5, '고양이가 좋아해요!', NULL, '2022-05-19 00:32:41', NULL, NULL, NULL, 0, 1339, 'user07', NULL, NULL, 150, 1),
	(208, '고양이가 좋아해요', 0, 0, 0, 5, '고양이가 좋아해요!!', NULL, '2022-05-19 01:05:36', NULL, NULL, NULL, 1, 1341, 'user07', NULL, NULL, 151, 1),
	(220, '웰스비 그레인프리 강아지 유기농 샘', 0, 0, 0, 0, '웰스비 그레인프리 강아지 유기농 샘', NULL, '2022-09-05 22:17:43', 'review/shopproduct/1662383863228_img031.jpg', NULL, NULL, 0, 232, 'user01', NULL, NULL, 163, 1),
	(221, '웰스비 그레인프리 강아지 유기농 샘플 알러지 가수분해 ', 0, 0, 0, 0, '웰스비 그레인프리 강아지 유기농 샘플 알러지 가수분해 사료', NULL, '2022-09-05 22:24:37', 'review/shopproduct/1662384277627_img031.jpg', NULL, NULL, 0, 1297, 'user01', NULL, NULL, 162, 1),
	(222, 'sdf', 0, 0, 0, 0, '좋아요', NULL, '2022-09-05 22:29:07', 'review/shopproduct/1662384547467_img051.jpg', NULL, NULL, 0, 1148, 'user01', NULL, NULL, 158, 1);
/*!40000 ALTER TABLE `review` ENABLE KEYS */;

-- Dumping data for table petchudb.rinfo: ~88 rows (approximately)
/*!40000 ALTER TABLE `rinfo` DISABLE KEYS */;
REPLACE INTO `rinfo` (`rid`, `rtitle`, `rdetailrate1`, `rdetailrate2`, `rdetailrate3`, `star`, `review`, `delivery_review`, `rdate`, `rimage1`, `rimage2`, `rimage3`, `helpcount`, `pno`, `uid`, `ratingAvg`, `scno`, `bno`, `chk`) VALUES
	(83, '1', 0, 2, 0, 4, '1', '1', '2022-04-27 16:41:21', '', '', '', 1, 127, NULL, 4.0, NULL, NULL, 1),
	(84, '123', 1, 0, 0, 5, '123', '123', '2022-04-27 16:41:41', '', '', '', 0, 127, NULL, 4.0, NULL, NULL, 1),
	(85, '테스트', 0, 0, 0, 5, '리뷰데이터', NULL, '2022-04-28 09:41:08', '/doll.jpg', NULL, NULL, 0, 130, NULL, NULL, NULL, NULL, 1),
	(86, '테스트', 0, 0, 0, 5, '리뷰데이터', NULL, '2022-04-28 09:55:22', '/doll.jpg', NULL, NULL, 0, 126, NULL, NULL, NULL, NULL, 1),
	(87, 'gg', 1, 0, 0, 3, 'gg', 'gg', '2022-05-02 06:03:04', '', '', '', 0, 127, NULL, 4.0, NULL, NULL, 1),
	(88, '테스트', 0, 0, 0, 5, '리뷰데이터', NULL, '2022-05-06 09:52:17', '/doll.jpg', NULL, NULL, 0, 170, NULL, NULL, NULL, NULL, 1),
	(89, '테스트', 0, 0, 0, 5, '리뷰데이터', NULL, '2022-05-06 11:10:51', '/doll.jpg', NULL, NULL, 0, 170, NULL, NULL, NULL, NULL, 1),
	(90, NULL, 0, 0, 0, NULL, NULL, NULL, '2022-05-09 11:37:49', NULL, NULL, NULL, 0, 170, NULL, NULL, NULL, NULL, 1),
	(91, NULL, 0, 0, 0, NULL, NULL, NULL, '2022-05-09 11:37:55', NULL, NULL, NULL, 0, 170, NULL, NULL, NULL, NULL, 1),
	(92, NULL, 0, 0, 0, NULL, NULL, NULL, '2022-05-09 11:38:00', NULL, NULL, NULL, 0, 170, NULL, NULL, NULL, NULL, 1),
	(96, '요약', 0, 0, 0, NULL, '리뷰테스트', NULL, '2022-05-10 13:14:43', NULL, NULL, NULL, 0, 170, NULL, NULL, NULL, NULL, 1),
	(97, '냠냠', 0, 0, 0, NULL, '리뷰안나오는줄..ㅠㅠ', NULL, '2022-05-10 13:29:18', NULL, NULL, NULL, 0, 685, NULL, NULL, NULL, NULL, 1),
	(98, 'ㅠㅠㅠㅠㅠㅠㅠㅠㅠㅠㅠㅠㅠㅠㅠㅠㅠㅠㅠㅠㅠㅠㅠㅠㅠ', 0, 0, 0, NULL, 'ㅠㅠㅠㅠㅠㅠㅠㅠㅠㅠㅠㅠㅠㅠ나는 답이없어', NULL, '2022-05-11 11:11:36', '1652235098176_d9bc9924846daca0ef200e626d258c2c.jpg', NULL, NULL, 0, 141, NULL, NULL, NULL, NULL, 1),
	(99, 'ㅠㅠㅠㅠㅠㅠㅠㅠㅠㅠㅠㅠㅠㅠㅠㅠㅠㅠㅠㅠㅠㅠㅠㅠㅠ', 0, 0, 0, NULL, 'ㅠㅠㅠㅠㅠㅠㅠㅠㅠㅠㅠㅠㅠㅠ나는 답이없어', NULL, '2022-05-11 11:12:56', '1652235178202_피자파스타.jpg', NULL, NULL, 0, 141, NULL, NULL, NULL, NULL, 1),
	(100, 'ㅠㅠㅠㅠㅠㅠㅠㅠㅠㅠㅠㅠ', 0, 0, 0, NULL, 'ㅠㅠㅠㅠㅠㅠㅠㅠㅜㅜㅜㅜㅜㅜㅜㅜㅜㅜㅜㅜㅜㅜㅜㅜㅜㅜㅜㅜ', NULL, '2022-05-11 11:15:28', '1652235330470_d9bc9924846daca0ef200e626d258c2c.jpg', '1652235330473_피자파스타.jpg', NULL, 0, 129, NULL, NULL, NULL, NULL, 1),
	(101, 'ㅠㅠㅠㅠㅠㅠㅠㅠㅠㅠㅠㅠ시간이넘없다', 0, 0, 0, NULL, 'ㅠㅠㅠㅠㅠㅠㅠㅠㅠㅠㅠㅠㅠㅠㅠㅠㅠㅠㅠ바보바보야', NULL, '2022-05-11 11:20:26', '1652235627382_IMG_4916.JPG', '1652235627384_IMG_4917.JPG', NULL, 0, 129, NULL, NULL, NULL, NULL, 1),
	(102, '강아지가 아주 잘먹어요', 0, 0, 0, 0, '괜찮아요아마도?', NULL, '2022-05-11 15:00:57', '1652248858915_', NULL, NULL, 0, 126, NULL, NULL, NULL, NULL, 1),
	(103, '베리굿굿굿', 0, 0, 0, 0, '이제 list쪽에 보이면 별은 끝이다!!!', NULL, '2022-05-11 15:07:41', '1652249263313_', NULL, NULL, 0, 136, NULL, NULL, NULL, NULL, 1),
	(104, 'ㅠㅠㅠㅠㅠㅠㅠㅠ', 0, 0, 0, 0, '별점값안넘어가나요?', NULL, '2022-05-11 17:20:47', '1652257248635_', NULL, NULL, 0, 170, NULL, NULL, NULL, NULL, 1),
	(105, 'ㅜㅜㅜㅜㅜㅜㅠㅠㅠㅠ', 0, 0, 0, 0, '별점값이 안넘어가는데 사료가 눈에 들어옵니까..', NULL, '2022-05-11 17:35:39', '1652258140694_', NULL, NULL, 0, 170, NULL, NULL, NULL, NULL, 1),
	(106, '한줄요약입니다', 0, 0, 0, 0, '리뷰는10글자이상해주세요', NULL, '2022-05-11 17:45:50', '1652258753416_', NULL, NULL, 0, 170, NULL, NULL, NULL, NULL, 1),
	(107, NULL, 0, 0, 0, 0, NULL, NULL, '2022-05-11 17:53:13', NULL, NULL, NULL, 0, 170, NULL, NULL, NULL, NULL, 1),
	(108, '한줄요약입니다', 0, 0, 0, 0, '리뷰는10글자이상해주세요', NULL, '2022-05-11 17:53:20', '1652259204901_', NULL, NULL, 0, 170, NULL, NULL, NULL, NULL, 1),
	(109, 'ㅠㅠㅠㅠㅠㅠㅠㅠㅠㅠㅠ살려줘', 0, 0, 0, 0, '왜 추가가안되는거야.........?', NULL, '2022-05-11 18:21:00', '1652260864154_', NULL, NULL, 0, 170, NULL, NULL, NULL, NULL, 1),
	(110, 'ㅠㅠㅠㅠㅠㅠㅠㅠㅠㅠㅠ살려줘', 0, 0, 0, 0, '왜 추가가안되는거야.........?', NULL, '2022-05-11 18:23:25', '1652261010035_', NULL, NULL, 0, 170, NULL, NULL, NULL, NULL, 1),
	(111, '나도 좋아합니다 양고기', 0, 0, 0, 0, '양고기 맛있죠 강아지들이 좋아해요', NULL, '2022-05-11 18:32:29', '1652261553122_', NULL, NULL, 0, 170, NULL, NULL, NULL, NULL, 1),
	(112, 'ㅠㅠㅠㅠㅠㅠㅠ아니 그냥 내가 바보임..', 0, 0, 0, 0, '별점 진짜 어렵다ㅠㅠㅠㅠㅠㅠㅠㅠㅠㅠ', NULL, '2022-05-11 18:46:17', '1652262381819_', NULL, NULL, 0, 170, NULL, NULL, NULL, NULL, 1),
	(113, 'ㅠㅠㅠㅠㅠㅠㅠ아니 그냥 내가 바보임..', 0, 0, 0, 0, '별점 진짜 어렵다ㅠㅠㅠㅠㅠㅠㅠㅠㅠㅠ', NULL, '2022-05-11 18:47:33', '1652262457562_', NULL, NULL, 0, 170, NULL, NULL, NULL, NULL, 1),
	(114, 'ㅠㅠㅠㅠㅠㅠㅠㅠㅠㅠㅠㅠㅠㅠ', 0, 0, 0, 0, '아니 alert는 뜨는데 그럼 값갖고오는거아니야?????', NULL, '2022-05-11 18:54:51', '1652262895693_', NULL, NULL, 0, 170, NULL, NULL, NULL, NULL, 1),
	(115, 'ㅠㅠㅠㅠㅠㅠㅠㅠㅠㅠㅠㅠㅠㅠㅠㅠㅠㅠㅠ', 0, 0, 0, 0, 'ㅠㅠㅠㅠㅠㅠㅠㅠㅠㅠㅠㅠㅠㅠㅠㅠㅠ', NULL, '2022-05-11 19:02:08', '1652263332665_', NULL, NULL, 0, 170, NULL, NULL, NULL, NULL, 1),
	(116, 'ㅠㅠㅠㅠㅠㅠㅠㅠㅠㅠㅠㅠㅠㅠㅠㅠㅠㅠㅠ', 0, 0, 0, 0, 'ㅠㅠㅠㅠㅠㅠㅠㅠㅠㅠㅠㅠㅠㅠㅠㅠㅠ', NULL, '2022-05-11 19:05:30', '1652263534420_', NULL, NULL, 0, 170, NULL, NULL, NULL, NULL, 1),
	(117, 'ㅠㅠㅠㅠㅠㅠㅠㅠㅠㅠㅠㅠㅠㅠㅠㅠㅠㅠㅠ', 0, 0, 0, 0, 'ㅠㅠㅠㅠㅠㅠㅠㅠㅠㅠㅠㅠㅠㅠㅠㅠㅠ', NULL, '2022-05-11 19:11:02', '1652263866703_', NULL, NULL, 0, 170, NULL, NULL, NULL, NULL, 1),
	(119, '테스트', 0, 0, 0, 0, '테스트', NULL, '2022-05-12 09:29:51', '1652315395422_', NULL, NULL, 0, 142, NULL, NULL, NULL, NULL, 1),
	(148, 'ㅋㅋㅋㅋ', 0, 0, 0, 4, '넘어가니?ㅋㅋㅋㅋ', NULL, '2022-05-16 13:18:26', NULL, NULL, NULL, 0, 133, NULL, NULL, NULL, 2, 1),
	(149, 'ㅠㅠ', 0, 0, 0, 4, 'lis뜨니', NULL, '2022-05-16 14:44:26', NULL, NULL, NULL, 0, 170, NULL, NULL, NULL, 1, 1),
	(150, 'ㅠㅠㅠㅠㅠㅠㅠㅠㅠㅠㅠㅠㅠㅠㅠㅠㅠ', 0, 0, 0, 5, 'ㅠㅠㅠㅠㅠㅠㅠㅠㅠㅠㅠㅠㅠ', NULL, '2022-05-16 14:47:45', NULL, NULL, NULL, 0, 142, NULL, NULL, NULL, 3, 1),
	(152, 'ㅠㅠㅠㅠㅠㅠㅠㅠㅠㅠㅠㅠ', 0, 0, 0, 5, '다시처음부터..', NULL, '2022-05-16 14:52:40', NULL, NULL, NULL, 0, 170, NULL, NULL, NULL, 1, 1),
	(153, 'ㅎㅎㅎㅎㅎㅎㅎㅎㅎㅎㅎㅎㅎㅎㅎㅎㅎㅎㅎㅎ', 0, 0, 0, 4, 'ㅎㅎㅎㅎㅎㅎㅎㅎㅎㅎㅎㅎㅎㅎ', NULL, '2022-05-16 15:33:16', NULL, NULL, NULL, 0, 686, NULL, NULL, NULL, 14, 1),
	(155, '계속 처음으로 돌아가..', 0, 0, 0, 5, '아 답없다', NULL, '2022-05-16 16:12:09', NULL, NULL, NULL, 0, 131, NULL, NULL, NULL, 12, 1),
	(156, 'ㅠㅠㅠㅠㅠㅠㅠㅠㅠㅠㅠㅠㅠㅠㅠㅠㅠ', 0, 0, 0, 5, 'ㅠㅠㅠㅠㅠㅠㅠㅠㅠㅠㅠㅠㅠㅠㅠㅠㅠㅠ', NULL, '2022-05-16 16:44:30', NULL, NULL, NULL, 0, 142, NULL, NULL, NULL, 3, 1),
	(157, '테스트 2', 0, 0, 0, 1, '테스트 1', NULL, '2022-05-16 19:58:08', NULL, NULL, NULL, 0, 1132, NULL, NULL, NULL, NULL, 1),
	(158, '하기싫어', 0, 0, 0, 2, '리뷰 테스트 2237', NULL, '2022-05-16 22:37:29', NULL, NULL, NULL, 0, 1132, NULL, NULL, NULL, NULL, 1),
	(159, '되면 개망함', 0, 0, 0, 4, '리뷰 중복 테스트', NULL, '2022-05-16 22:38:16', NULL, NULL, NULL, 0, 1132, NULL, NULL, NULL, NULL, 1),
	(160, 'ㄷㅇ', 0, 0, 0, 4, '리뷰 등록\r\nbno 들어가는 찐데이터', NULL, '2022-05-16 22:41:24', NULL, NULL, NULL, 0, 1132, NULL, NULL, NULL, 119, 1),
	(161, '리뷰중복테스트-등록되면 콧구멍에 치약을 넣겠다', 0, 0, 0, 1, '리뷰중복테스트', NULL, '2022-05-16 22:42:03', NULL, NULL, NULL, 0, 1132, NULL, NULL, NULL, 119, 1),
	(164, '142412441테스트요약', 0, 0, 0, 4, '12312313123테스트', NULL, '2022-05-16 23:56:24', NULL, NULL, NULL, 0, 1132, NULL, NULL, NULL, NULL, 1),
	(165, '222222222222222222222', 0, 0, 0, 2, '1111111111111', NULL, '2022-05-17 00:07:35', NULL, NULL, NULL, 0, 1132, NULL, NULL, NULL, NULL, 1),
	(166, 'testing', 0, 0, 0, 2, 'testttttttttttt', NULL, '2022-05-17 00:10:34', NULL, NULL, NULL, 0, 1132, 'user01', NULL, NULL, 119, 1),
	(169, '124124', 0, 0, 0, 2, '124124', NULL, '2022-05-17 00:12:03', NULL, NULL, NULL, 0, 1132, NULL, NULL, NULL, NULL, 1),
	(170, '124124', 0, 0, 0, 0, '14214124', NULL, '2022-05-17 00:14:08', NULL, NULL, NULL, 0, 1132, NULL, NULL, NULL, NULL, 1),
	(171, '14124124214', 0, 0, 0, 3, '14214124', NULL, '2022-05-17 00:18:50', NULL, NULL, NULL, 0, 1132, NULL, NULL, NULL, NULL, 1),
	(172, '나간다', 0, 0, 0, 5, '들어간다', NULL, '2022-05-17 00:19:42', NULL, NULL, NULL, 0, 1132, 'user01', NULL, NULL, NULL, 1),
	(173, '세상이 빙글빙글', 0, 0, 0, 0, '히히히히ㅣ힣', NULL, '2022-05-17 00:25:06', NULL, NULL, NULL, 0, 1132, 'user01', NULL, NULL, 119, 1),
	(174, '됐다', 0, 0, 0, 4, '됐다!!!!!!!!!!!!!!!!!!!!!!\r\n정신줄 놓으니까 딘다 힣히히히히히히힣히ㅣ히히히히하하ㅣㄴ어히ㅏㅁㄴ엏ㄴㅁㅇ허ㅣ남ㅇ허ㅣㅏ써ㅑㅒㅓㅂ라', NULL, '2022-05-17 00:26:02', NULL, NULL, NULL, 0, 1132, 'user01', NULL, NULL, 119, 1),
	(175, '1', 0, 0, 0, 3, '다음작업 전 마지막 실험', NULL, '2022-05-17 00:27:26', NULL, NULL, NULL, 0, 1132, NULL, NULL, NULL, 119, 1),
	(176, 'ㅅㅂ!!!!!!!!!!!!!!!!', 0, 0, 0, 2, '웨않되!!!!!!!!!!!', NULL, '2022-05-17 00:29:06', NULL, NULL, NULL, 0, 1132, NULL, NULL, NULL, 119, 1),
	(177, '144444444444', 0, 0, 0, 4, '44444444444', NULL, '2022-05-17 00:33:40', NULL, NULL, NULL, 0, 1139, 'user01', NULL, NULL, 120, 1),
	(178, '화장실 다녀오니 됨', 0, 0, 0, 1, '컴퓨터 감수성은 실존한다', NULL, '2022-05-17 00:34:58', NULL, NULL, NULL, 0, 1139, 'user01', NULL, NULL, 120, 1),
	(179, '11111111111111', 0, 0, 0, 0, '1111111111111', NULL, '2022-05-17 00:42:50', NULL, NULL, NULL, 0, 1139, NULL, NULL, NULL, 120, 1),
	(180, '된다 시발', 0, 0, 0, 0, '24444444444444444', NULL, '2022-05-17 01:18:58', NULL, NULL, NULL, 0, 1132, NULL, NULL, NULL, 119, 1),
	(181, 'ㅅㅂ제발되라 진짜 좀 되라', 0, 0, 0, 3, '제발', NULL, '2022-05-17 01:19:48', NULL, NULL, NULL, 0, 1140, 'user01', NULL, NULL, 121, 1),
	(182, '분노가 차오른다', 0, 0, 0, 0, '제발 좀', NULL, '2022-05-17 01:20:18', NULL, NULL, NULL, 2, 1037, 'user01', NULL, NULL, 100, 1),
	(183, '된다', 0, 0, 0, 0, '사람이 먹어도 맛있어요', NULL, '2022-05-17 01:28:33', NULL, NULL, NULL, 0, 1150, 'user01', NULL, NULL, 78, 1),
	(184, '안되면 버그', 0, 0, 0, 0, '아침테스트', NULL, '2022-05-17 08:01:21', NULL, NULL, NULL, 0, 1132, NULL, NULL, NULL, 119, 1),
	(185, '123', 0, 0, 0, 0, 'uid 나와야함', NULL, '2022-05-17 08:03:07', NULL, NULL, NULL, 0, 1132, NULL, NULL, NULL, 119, 1),
	(186, '32443124', 0, 0, 0, 0, '애초에 등록이 안돼야함', NULL, '2022-05-17 08:03:31', NULL, NULL, NULL, 0, 1132, NULL, NULL, NULL, 119, 1),
	(187, '13313', 0, 0, 0, 0, '12412414', NULL, '2022-05-17 08:05:41', NULL, NULL, NULL, 0, 230, NULL, NULL, NULL, 30, 1),
	(188, '42142141', 0, 0, 0, 0, '21312313', NULL, '2022-05-17 08:08:52', NULL, NULL, NULL, 0, 230, NULL, NULL, NULL, 30, 1),
	(189, '111111163353535353535', 0, 0, 0, 0, 'ㅅㅈㄷㅅㅄㅈㄷㄹㅇㄴㄻㄴㅇㄹ', NULL, '2022-05-17 08:11:23', NULL, NULL, NULL, 0, 230, NULL, NULL, NULL, 30, 1),
	(190, '124412124', 0, 0, 0, 0, '12412421', NULL, '2022-05-17 08:13:31', NULL, NULL, NULL, 0, 230, 'user01', NULL, NULL, 30, 1),
	(191, 'asdasda', 0, 0, 0, 5, '고양이가 너무 좋아해요^^', NULL, '2022-05-17 08:55:15', NULL, NULL, NULL, 0, 688, 'user01', NULL, NULL, 66, 1),
	(193, '중복으로 입력 => 파일 제대로 들어가는지 확인', 0, 0, 0, 0, '테스트용이니 중복 노상관', NULL, '2022-05-17 09:34:18', NULL, NULL, NULL, 0, 1132, NULL, NULL, NULL, 119, 1),
	(194, '중복으로 입력 => 파일 제대로 들어가는지 확인', 0, 0, 0, 0, '중테2', NULL, '2022-05-17 09:36:55', 'review/shopproduct/1652747814505_soldout.png', 'review/shopproduct/1652747814506_icon_x.png', NULL, 0, 1132, NULL, NULL, NULL, 119, 1),
	(195, '중복으로 입력 => 파일 제대로 들어가는지 확인', 0, 0, 0, 0, '중테212412412412', NULL, '2022-05-17 10:02:14', 'review/shopproduct/1652749332371_soldout.png', 'review/shopproduct/1652749332372_icon_x.png', NULL, 0, 1132, NULL, NULL, NULL, 119, 1),
	(196, 'testtesttesttesttesttesttesttesttest', 0, 0, 0, 0, '124124142', NULL, '2022-05-17 10:31:29', 'review/shopproduct/1652751087507_', NULL, NULL, 0, 1132, NULL, NULL, NULL, 119, 1),
	(197, 'test5555', 0, 0, 0, 0, '5555555555', NULL, '2022-05-17 10:34:52', 'review/shopproduct/1652751290800_icon_dot.png', NULL, NULL, 0, 1132, NULL, NULL, NULL, 119, 1),
	(198, '4521512512512521', 0, 0, 0, 0, '124142124124214', NULL, '2022-05-17 10:38:53', 'review/shopproduct/1652751532185_', NULL, NULL, 0, 1132, NULL, NULL, NULL, 119, 1),
	(199, 'TEST1042SS1BAK', 0, 0, 0, 3, 'TEST', NULL, '2022-05-17 10:42:43', 'review/shopproduct/1652751761709_apiError.png', NULL, NULL, 0, 148, 'user01', NULL, NULL, 55, 1),
	(200, '존맛탱', 0, 0, 0, 4, '개가 안먹어서 제가 먹고있는데 개맛있어요', NULL, '2022-05-17 14:19:31', 'review/shopproduct/1652764768774_icon_x.png', NULL, NULL, 0, 688, 'user03', NULL, NULL, 122, 1),
	(203, '됩니까??', 0, 0, 0, 4, '테스트 테스트', NULL, '2022-05-17 14:36:26', 'review/shopproduct/1652765784212_soldout.png', NULL, NULL, 1, 130, 'user03', NULL, NULL, 125, 1),
	(204, '~~~~~~~~', 0, 0, 0, 4, '무야호!!!', NULL, '2022-05-17 16:44:44', 'review/shopproduct/1652773481332_', NULL, NULL, 0, 1140, 'user01', NULL, NULL, 131, 1),
	(205, '냄새도 안 나고 완전 좋습니다.', 0, 0, 0, 5, '고양이가 좋아해요 12ㅎㅎ11111', NULL, '2022-05-18 10:12:24', 'review/shopproduct/1652836341668_', NULL, NULL, 2, 1148, 'user01', NULL, NULL, 133, 1),
	(206, '묘체공학적으로 설계된 모래입니다.', 0, 0, 0, 5, '아주 추천드립니다.', NULL, '2022-05-18 10:14:58', 'review/shopproduct/1652836494864_', NULL, NULL, 2, 1148, 'doctor1', NULL, NULL, 132, 1),
	(207, '고양이가 좋아해요', 0, 0, 0, 5, '고양이가 좋아해요!', NULL, '2022-05-19 00:32:41', NULL, NULL, NULL, 0, 1339, 'user07', NULL, NULL, 150, 1),
	(208, '고양이가 좋아해요', 0, 0, 0, 5, '고양이가 좋아해요!!', NULL, '2022-05-19 01:05:36', NULL, NULL, NULL, 1, 1341, 'user07', NULL, NULL, 151, 1),
	(209, '고양이가 좋아해요', 0, 0, 0, 5, '배송이 빨라요!', NULL, '2022-05-19 01:08:15', NULL, NULL, NULL, 0, 1341, 'user06', NULL, NULL, 152, 1),
	(210, '만족합니다!!', 0, 0, 0, 5, '만족합니다!!', NULL, '2022-05-19 08:02:26', 'review/shopproduct/1652914945067_', NULL, NULL, 0, 1341, 'user01', NULL, NULL, 153, 1),
	(211, 'Good!', 0, 0, 0, 5, 'Good!', NULL, '2022-05-19 09:02:41', 'review/shopproduct/1652918561220_darinka-kievskaya-ff221Bu56mI-unsplash.jpg', NULL, NULL, 0, 705, 'user01', NULL, NULL, 128, 1);
/*!40000 ALTER TABLE `rinfo` ENABLE KEYS */;

-- Dumping data for table petchudb.serviceco: ~13 rows (approximately)
/*!40000 ALTER TABLE `serviceco` DISABLE KEYS */;
REPLACE INTO `serviceco` (`scno`, `id`, `sccate`, `scname`, `scimage`, `sclicense`, `sctel`, `sczipcode`, `scaddress1`, `scaddress2`, `sconeline`, `scdetail_description`, `opentime`, `breaktime`, `closetime`, `scprice`, `bgimage`, `tag`, `isDelete`, `employed_count`) VALUES
	(21, 'user06', '미용', '탐라 펫뷰티', NULL, '545364564', '', '63503', '제주특별자치도 서귀포시 대정읍 대한로 632', '12312', '안녕하세요', '상세설명을 입력해 주세요', '오전 9시', '오후 12시~1시', '오후 8시', 98700, NULL, NULL, 0, 0),
	(27, 'user04', '홈클리닝', '클린펫', NULL, '1234-5678', '01053819685', '14464', '경기 부천시 성오로78번길 46', '1동 408호', '성실합니다', '성실히 하겠습니다', '오전 9시', '오후 12시~1시', '오후 8시', 15000, NULL, '#위생관리 ', 0, 0),
	(28, 'user05', '레슨', '레스으은', NULL, '123456789', '01053819685', '14464', '경기 부천시 성오로78번길 46', '방배아파트 1동 408호', '친절한 엽쌤', '안녕하세요 교육생의 눈높이에 맞는 다양한 레슨을 하고 있습니다', '오전 9시', '오후 12시~1시', '오후 8시', 0, NULL, '#종일반 ,#애견훈련 ', 0, 0),
	(29, 'user04', '미용', 'ㅁㄴㅇㅁㄴ', NULL, '12312', '01052155522', '63534', '제주특별자치도 서귀포시 가가로 15', '1231', '안녕하세요', '상세설명을 입력해 주세요', '오전 9시', '오후 12시~1시', '오후 8시', 20000, NULL, '#당일 입실,#위생관리 ', 1, 0),
	(39, 'user04', '호텔', '어바웃펫', 'pet/1652419053570_KakaoTalk_20220513_141210084.jpg', '7854251234', '050714363171', '21582', '인천 남동구 선수촌공원로23번길 1', '5층', '관교동 한신 아파트 후문으로 내려오면 사거리 앞 횡단보드 맞은편 1층', '안녕하세요. 저희 &quot;어바웃펫&quot;은 소중한 반려견들과 함께하는 공간입니다. 현재 애견분양 , 애견호텔 , 애견유치원 , 애견용품 , 애견놀이터을 운영하고 있습니다. 저희 어바웃 펫 은 사랑스러운 반려견을 위한 시설과 최고의 서비스를 제공하려고 노력하고 있으며, 모든 반려견을 우리집 반려견 처럼 생각하면서 관리하고 케어합니다.또한 호텔링은 좁은 케이지에 가둬놓는 호텔링이 아닌 넓은 매장에서 자유롭게 아이들과 교감하며 하루를 보내고 가장 편안하게 하루를 보낼 수 있게 도와주고 있습니다.사회성이 조금 부족한 아이들 또는 유치원에 처음오는 아이 들도 함께 뛰어놀면서 사회성도 기르고 운동량과 스트레스를 해소시켜줍니다.! 애견유치원, 애견호텔 이용시 사진과 동영상전송을 해드리는 서비스를 제공하고 있습니다.장기호텔링, 장기유치원은 따로 문의주세요 ~ 항상 믿고 맡겨주시는 분들을 위하여 저희 어바웃 펫 일동은 반려견들을 위해 최선을 다하며 관리하는 어바웃 펫이 되도록 노력하겠습니다.!!', '오전 9시', '오후 12시~1시', '오후 8시', 30000, 'pet/1652419053571_KakaoTalk_20220513_141210282.jpg', '#산책 ,#야외놀이터 ,#펫수영장 ,#1박2일,#3박4일 ,#4박5일 ,#단독실 ,#대형 ,#중형 ,#애견훈련 ,#당일 입실,#위생관리 ,#목욕 ,#인천광역시 ', 0, 0),
	(40, 'user05', '유치원', '사랑스럽개', 'pet/1652070095110_scimg01.jpg', '1207857856', '01085235123', '21939', '인천 연수구 비류대로 212', '2층', '편의 주차, 배달, 예약, 무선 인터넷, 반려동물 동반, 남/녀 화장실 구분, 국민지원금', '반려동물 토탈서비스 송도 사랑스럽개입니다 ●미용 사납거나, 어울리지 못하는 경우를 제외하고는 미용 전과후에 오픈된 공간에 자유롭게 풀어놓아 어쩔수없이 생기는 스트레스를 최소화 하고자합니다. 이제는 노령견이 된 나의 반려견을 처음 보듬았던 그마음으로 안전하게 미용합니다♡ ●가정집호텔 케이지에 가둬 불끄고 퇴근하는 호텔링은 하지않습니다. 저희 부부는 24시간 매장에서 상주하면서 아이들이 각자 익숙한 공간이나 자리를 선택할수있도록 자유로운 분위기에서 케어합니다♡ ●놀이터 우리 아이들에게도 친구를 만들어주세요. 다른강아지들 냄새도 맡고, 사회화 교육도 해야해요. 놀이를 통해 몸도 마음도 건강하게 해주세요♡', '오전 9시', '오후 12시~1시', '오후 8시', 20000, 'pet/1652070095113_TBN02.png', '#산책 ,#야외놀이터 ,#펫수영장 ,#대형 ,#중형 ,#소형 ,#수의사 ,#cctv ,#애견훈련 ,#애견카페 ,#위생관리 ,#목욕 ,#서울특별시 ', 0, 0),
	(41, 'user04', '유치원', '꽃피는견생(유치원)', NULL, '554-154514-185', '01059116679', '22110', '인천 미추홀구 염전로202번길 59', '  ', '안녕', '상세설명을 입력해 주세요', '오전 9시', '오후 12시~1시', '오후 8시', 4000, NULL, '#종일반 ,#1박2일,#2박3일 ,#중형 ,#소형 ,#애견훈련 ,#인천광역시 ', 0, 0),
	(42, 'user04', '호텔', '꽃피는견생(호텔)', 'pet/1652419037082_KakaoTalk_20220513_141423905.jpg', '550-545484-401', '01059115669', '22110', '인천 미추홀구 염전로202번길 59', ' ', '안녕하세요 꽃피는견생은 10kg 미만 소중형견 애견유치원입니다 ', '호텔링도 운영중이며 호텔링은 24시간 상주하여 돌봅니다<br />\r\n&nbsp;', '00:00', '', '00:00', 40000, 'pet/1652419037083_KakaoTalk_20220513_141236682.png', '#1박2일,#2박3일 ,#3박4일 ,#4박5일 ,#장박 ,#중형 ,#소형 ,#애견훈련 ,#인천광역시 ', 0, 0),
	(43, 'user07', '미용', '나에개반하냥', 'pet/1652074498418_다운로드.jpg', '549-548421-871', '01022796677', '22114', '인천 미추홀구 숙골로 124', '108호', '도화동에 위치한 반려동물 미용실', '안녕하세요 ^^ 저희 나에개반하냥은 강아지미용,고양이미용,대형견미용 다양한 스타일 컷이 가능하며 스트레스를 최소화 하는 미용을 지향합니다! 먼저 아이들의 안전의 최우선이며 강압적은 미용을&nbsp;<br />\r\n하지 않습니다.<br />\r\n아이들응 위해서 최선을 다할것을 약속드립니다^^<br />\r\n<br />\r\n&nbsp;', '10:00', '', '20:00', 59000, 'pet/1652074498419_다운로드 (1).jpg', '#대형 ,#중형 ,#소형 ,#위생관리 ,#목욕 ,#인천광역시 ', 0, 0),
	(44, 'user07', '미용', '러블리강아지', 'pet/1652074817908_다운로드.jpg', '874-571324-542', '0327667007', '22104', '인천 미추홀구 동산로 9', ' ', '강아지 전문 미용', '강아지 애견미용 전문매장으로 굉장히 깔끔하며 강아지 미용,목욕,호텔 자그마한 커피카페를 같이 운영하고 있습니다.<br />\r\n애견미용은 다수의 경력을 갖고 계신 원장님이 전문 가위컷으로 여러분의 소중한 애완견들을 이뿌고 깜찍하게 미용해드리고 있으니 언제든지 연락주시고 방문해주세요. 또한 고양이도 무마취 미용을 하고 있으니 궁금하신분들은 연락주세여.', '10:00', '', '00:00', 39000, 'pet/1652074817908_다운로드 (1).jpg', '#중형 ,#소형 ,#애견카페 ,#인천광역시 ', 0, 0),
	(45, 'user05', '미용', '아이펫살롱', 'pet/1652075314964_다운로드.jpg', '561-871448-541', '01022034934', '22559', '인천 동구 새천년로 39-1', '아이펫살롱', '송림동 동산휴먼시아 2단지 아파트 정문 맞은편 큰도로 횡단보도 앞에 위치하고 있습니다', '&lt;2인샵&gt;미용 호텔 분양 스파 다행견 미용 가위컷 전문 &#39;아이펫살롱&#39;입니다.<br />\r\n&nbsp;', '10:00', '', '20:00', 10000, 'pet/1652075314965_다운로드 (1).jpg', '#단독실 ,#대형 ,#중형 ,#소형 ,#당일 입실,#위생관리 ,#인천광역시 ', 0, 0),
	(46, 'user04', '미용', '미용고수', 'pet/1652267368437_사진1.png', '12345789', '01023457895', '04213', '서울 마포구 마포대로 지하 100', '펫미용샵', '정성을 다합니다', '안녕하세요 반갑습니다', '오전 9시', '오후 12시~1시', '오후 8시', 15000, 'pet/1652267368468_사진1.png', '#목욕 ', 0, 0),
	(47, 'user06', '홈클리닝', '탐라 펫클리닝', 'pet/1652921848616_1650368840501_82362455338.2.jpg', '123456789', '01053819685', '05693', '서울 송파구 가락로 2', '가락동', '정설을 다하겠습니다', '당신의 반려동물의 보금자리를 깨끗하게 만들어 드립니다', '오전 9시', '오후 12시~1시', '오후 8시', 10000, 'pet/1652921848618_1650372680151_11702957084.11.jpg', '#펫수영장 ,#단독실 ', 0, 0);
/*!40000 ALTER TABLE `serviceco` ENABLE KEYS */;

-- Dumping data for table petchudb.serviceestimate: ~12 rows (approximately)
/*!40000 ALTER TABLE `serviceestimate` DISABLE KEYS */;
REPLACE INTO `serviceestimate` (`seno`, `scno`, `scname`, `brno`, `crno`, `lrno`, `sedate`, `price`, `description`, `secheck`, `failcheck`) VALUES
	(1, 27, '클린펫', NULL, 1, NULL, '2022-05-13 13:31:49', 150000, '반려동물 가정을 위한 청소업체입니다. 반려동물로 인해 더러워진 고객님의 집을 새것처럼 만들어 드려요^^ 가격은 협의 가능합니다.', 1, 0),
	(2, 27, '클린펫', NULL, 3, NULL, '2022-05-15 23:12:17', 150000, '안녕하세요', 0, 0),
	(3, 27, '클린펫', NULL, 4, NULL, '2022-05-16 09:27:21', 900000, '테스트중입니다', 0, 0),
	(4, 27, '클린펫', NULL, 5, NULL, '2022-05-16 09:33:10', 170000, '테스트으으으으으으', 0, 0),
	(5, 27, '클린펫', NULL, 7, NULL, '2022-05-18 10:20:35', 16000, '하하하하하하하하하', 1, 0),
	(6, 27, '클린펫', NULL, 8, NULL, '2022-05-18 22:42:08', 150000, '당신의 반려동물의 보금자리를 깨끗하게 만들어 드립니다. 성심을 다하겠습니다.  가격협상 가능합니다^^', 1, 0),
	(7, 27, '클린펫', NULL, 9, NULL, '2022-05-18 22:45:46', 180000, '테스트중입니다', 1, 0),
	(8, 27, '클린펫', NULL, 10, NULL, '2022-05-18 22:48:59', 180000, '안녕하세요 반갑습니다 가격협상가능합니다', 0, 0),
	(9, 27, '클린펫', NULL, 11, NULL, '2022-05-18 22:51:52', 250000, '정성을 다하겠습니다', 0, 0),
	(10, 27, '클린펫', NULL, 12, NULL, '2022-05-19 09:11:51', 200000, '안녕하세요 클린펫입니다. 반려동물의 보금자리를 깨끗하게 해드리겠습니다. 가격 문의 가능합니다~^^', 1, 0),
	(11, 47, '탐라 펫클리닝', NULL, 13, NULL, '2022-05-19 09:58:37', 200000, '최선을 다하겠습니다', 1, 0),
	(12, 27, '클린펫', NULL, 14, NULL, '2022-05-19 10:46:50', 10000, '시연중입니다.', 0, 0);
/*!40000 ALTER TABLE `serviceestimate` ENABLE KEYS */;

-- Dumping data for table petchudb.shopcart: ~17 rows (approximately)
/*!40000 ALTER TABLE `shopcart` DISABLE KEYS */;
REPLACE INTO `shopcart` (`cno`, `pno`, `uid`, `amount`, `chk`) VALUES
	(48, 131, 'user05', 9, 1),
	(49, 135, 'user05', 1, 0),
	(51, 141, 'user05', 2, 1),
	(52, 132, 'user05', 5, 1),
	(53, 136, 'user05', 2, 1),
	(54, 133, 'user02', 8, 1),
	(55, 136, 'user02', 4, 1),
	(100, 137, 'admin1', 2, 0),
	(139, 126, 'user04', 2, 1),
	(224, 1148, 'user05', 0, 0),
	(225, 273, 'user05', 1, 1),
	(226, 1150, 'user05', 1, 0),
	(228, 1146, 'user04', 1, 1),
	(229, 1147, 'user04', 1, 1),
	(231, 1148, 'user04', 1, 1),
	(232, 1147, 'admin1', 1, 1),
	(242, 1148, 'user02', 1, 0);
/*!40000 ALTER TABLE `shopcart` ENABLE KEYS */;

-- Dumping data for table petchudb.shopproduct: ~1 rows (approximately)
/*!40000 ALTER TABLE `shopproduct` DISABLE KEYS */;
REPLACE INTO `shopproduct` (`pno`, `pname`, `pprice`, `pbrand`, `pmaker`, `pcontents`, `prate`, `pimage`, `pcate2`, `pcate3`, `pcate4`, `pqantity`, `pisdelete`, `sellcount`) VALUES
	(126, '웰스비 그레인프리 강아지 유기농 샘플 알러지 가수분해 사료', 45400, '웰스비', '', NULL, 0, 'https://shopping-phinf.pstatic.net/main_1597809/15978095859.20220215165849.jpg', '강아지', '강아지 사료', '건식사료', 98, NULL, 165),
	(127, '펫원 더마독 관절 체중조절 강아지사료', 29000, '더마독', '펫원', NULL, 0, 'https://shopping-phinf.pstatic.net/main_1933080/19330803748.20220413143115.jpg', '강아지', '강아지 사료', '건식사료', 100, NULL, 105),
	(128, '마이펫닥터 시그니처 유기농 알러제닉 눈물 사료', 17000, '마이펫닥터', '', NULL, 0, 'https://shopping-phinf.pstatic.net/main_2640626/26406266522.20210318125034.jpg', '강아지', '강아지 사료', '건식사료', 100, NULL, 110),
	(129, '더퍼스트피드 웰스비 어덜트 강아지 유기농 기호성 피부 가수분해 건식 사료', 47000, '웰스비', '더퍼스트피드', NULL, 0, 'https://shopping-phinf.pstatic.net/main_1481746/14817460838.20200618142359.jpg', '강아지', '강아지 사료', '건식사료', 100, NULL, 101),
	(130, '마이펫닥터 시그니처 도그 푸드 슬리밍 컨트롤 다이어트 사료', 27990, '마이펫닥터', '', NULL, 0, 'https://shopping-phinf.pstatic.net/main_2114078/21140789867.20191023115201.jpg', '강아지', '강아지 사료', '건식사료', 93, NULL, 137),
	(131, '웰스비 시니어 노령견 가수분해 유기농 강아지 사료', 47000, '웰스비', '', NULL, 0, 'https://shopping-phinf.pstatic.net/main_2500812/25008123522.20201127115635.jpg', '강아지', '강아지 사료', '건식사료', 100, NULL, 115),
	(132, '펫원 더마독 피부 모질', 29000, '더마독', '펫원', NULL, 0, 'https://shopping-phinf.pstatic.net/main_1933091/19330910518.20220413142615.jpg', '강아지', '강아지 사료', '건식사료', 100, NULL, 103),
	(133, '더퍼스트피드 웰스비 퍼피 새끼 강아지 유기농 가수분해 사료', 47000, '웰스비', '더퍼스트피드', NULL, 0, 'https://shopping-phinf.pstatic.net/main_1547836/15478360299.20200618142428.jpg', '강아지', '강아지 사료', '건식사료', 100, NULL, 100),
	(134, '펫큐리안 NOW 그레인프리 스몰브리드 어덜트', 19780, 'NOW', '펫큐리안', NULL, 0, 'https://shopping-phinf.pstatic.net/main_1232582/12325828530.20210121101943.jpg', '강아지', '강아지 사료', '건식사료', 98, NULL, 102),
	(135, '마이펫닥터 시그니처 유기농 스킨컨트롤 피부 사료', 26640, '마이펫닥터', '', NULL, 0, 'https://shopping-phinf.pstatic.net/main_2117434/21174349916.20191028093734.jpg', '강아지', '강아지 사료', '건식사료', 100, NULL, 100),
	(136, '로얄캐닌 엑스스몰 미니 인도어 퍼피 어덜트 노령견 푸들 말티즈 비숑 시츄 포메라니안 사료', 17300, '로얄캐닌', '로얄캐닌', NULL, 0, 'https://shopping-phinf.pstatic.net/main_9432832/9432832066.22.jpg', '강아지', '강아지 사료', '건식사료', 100, NULL, 110),
	(137, '이레본 오요요 독 면역케어', 42000, '오요요', '이레본', NULL, 0, 'https://shopping-phinf.pstatic.net/main_3102425/31024259618.20220221150844.jpg', '강아지', '강아지 사료', '건식사료', 100, NULL, 100),
	(138, '로얄캐닌 하이포알러제닉 스몰독', 19480, '로얄캐닌', '로얄캐닌', NULL, 0, 'https://shopping-phinf.pstatic.net/main_1564506/15645061501.20181011092143.jpg', '강아지', '강아지 사료', '건식사료', 100, NULL, 101),
	(139, '로얄캐닌 미니 인도어 어덜트', 6380, '로얄캐닌', '로얄캐닌', NULL, 0, 'https://shopping-phinf.pstatic.net/main_5677880/5677880717.20200803173235.jpg', '강아지', '강아지 사료', '건식사료', 100, NULL, 100),
	(140, '네츄럴코어 사료 유기농 강아지 사료', 22000, '네츄럴코어', '이레본', NULL, 0, 'https://shopping-phinf.pstatic.net/main_1034399/10343993678.18.jpg', '강아지', '강아지 사료', '건식사료', 100, NULL, 100),
	(141, '내추럴발란스 LID 고구마 연어 건식사료 작은입자', 32900, '내추럴발란스', '내추럴발란스', NULL, 0, 'https://shopping-phinf.pstatic.net/main_1441800/14418000515.20210226173219.jpg', '강아지', '강아지 사료', '건식사료', 100, NULL, 107),
	(142, '로얄캐닌 하이포알러제닉', 26300, '로얄캐닌', '로얄캐닌', NULL, 0, 'https://shopping-phinf.pstatic.net/main_1492478/14924788412.20200817095631.jpg', '강아지', '강아지 사료', '건식사료', 100, NULL, 102),
	(143, '마이펫닥터 유기농 강아지 위장 사료', 15960, '마이펫닥터', '', NULL, 0, 'https://shopping-phinf.pstatic.net/main_2771491/27714913522.20210624131237.jpg', '강아지', '강아지 사료', '건식사료', 100, NULL, 103),
	(144, '로얄캐닌 유리너리 S/O 스몰독', 22680, '로얄캐닌', '', NULL, 0, 'https://shopping-phinf.pstatic.net/main_2103984/21039846640.20191008101330.jpg', '강아지', '강아지 사료', '건식사료', 100, NULL, 100),
	(145, '챔피온펫푸드 오리젠 스몰 브리드 독', 27010, '오리젠', '챔피온펫푸드', NULL, 0, 'https://shopping-phinf.pstatic.net/main_3124326/31243263618.20220310093835.jpg', '강아지', '강아지 사료', '건식사료', 100, NULL, 100),
	(146, '로얄캐닌 미니 스타터 마더 베이비독', 11500, '로얄캐닌', '로얄캐닌', NULL, 0, 'https://shopping-phinf.pstatic.net/main_1597808/15978084533.20181105111713.jpg', '강아지', '강아지 사료', '건식사료', 100, NULL, 100),
	(147, '로얄캐닌 푸들 어덜트', 7790, '로얄캐닌', '로얄캐닌', NULL, 0, 'https://shopping-phinf.pstatic.net/main_2431176/24311760526.20200929125629.jpg', '강아지', '강아지 사료', '건식사료', 100, NULL, 100),
	(148, '펫큐리안 NOW 그레인프리 스몰브리드 시니어', 21990, 'NOW', '펫큐리안', NULL, 0, 'https://shopping-phinf.pstatic.net/main_1456236/14562361991.20200612144311.jpg', '강아지', '강아지 사료', '건식사료', 100, NULL, 101),
	(149, '솔리드골드 마이티미니 치킨', 15900, '솔리드골드', '솔리드골드', NULL, 0, 'https://shopping-phinf.pstatic.net/main_1649639/16496396591.20210907115436.jpg', '강아지', '강아지 사료', '건식사료', 100, NULL, 100),
	(150, 'ANF 유기농 6프리 플러스 소고기 연어', 13680, 'ANF', 'ANF', NULL, 0, 'https://shopping-phinf.pstatic.net/main_2247018/22470189919.20200413124428.jpg', '강아지', '강아지 사료', '건식사료', 100, NULL, 100),
	(151, '퓨리나 프로플랜 퍼포먼스 애견사료', 46500, '프로플랜', '퓨리나', NULL, 0, 'https://shopping-phinf.pstatic.net/main_1441808/14418084174.20200526075420.jpg', '강아지', '강아지 사료', '건식사료', 100, NULL, 100),
	(152, '오리젠 사료 아카나 오리지널 독 퍼피 피트앤트림 프리런덕 라이트앤피트', 37000, '오리젠', '챔피온펫푸드', NULL, 0, 'https://shopping-phinf.pstatic.net/main_8135787/81357878829.9.jpg', '강아지', '강아지 사료', '건식사료', 100, NULL, 100),
	(153, '챔피온펫푸드 오리젠 피트앤트림 독 강아지 사료', 15900, '오리젠', '챔피온펫푸드', NULL, 0, 'https://shopping-phinf.pstatic.net/main_1631261/16312611873.20181126100142.jpg', '강아지', '강아지 사료', '건식사료', 100, NULL, 103),
	(154, '마이펫닥터 인섹트 더 제로 강아지 알러지사료', 21460, '마이펫닥터', '', NULL, 0, 'https://shopping-phinf.pstatic.net/main_2640513/26405132522.20210319155754.jpg', '강아지', '강아지 사료', '건식사료', 100, NULL, 100),
	(155, '나우사료 고사료 어덜트 퍼피 시니어 2.72kg 5.4kg 11.3kg', 43200, 'NOW', '펫큐리안', NULL, 0, 'https://shopping-phinf.pstatic.net/main_1140991/11409916892.18.jpg', '강아지', '강아지 사료', '건식사료', 100, NULL, 100),
	(156, '로얄캐닌 미니 인도어 퍼피', 6330, '로얄캐닌', '로얄캐닌', NULL, 0, 'https://shopping-phinf.pstatic.net/main_1597763/15977632163.20181105105707.jpg', '강아지', '강아지 사료', '건식사료', 100, NULL, 100),
	(157, '허즈 오리 칠면조 닭 강아지눈물 알러지사료 3종 908g', 100000, 'HERZ', '펫라이프', NULL, 0, 'https://shopping-phinf.pstatic.net/main_8215220/82152205598.5.jpg', '강아지', '강아지 사료', '건식사료', 100, NULL, 100),
	(158, '대용량 개사료 강아지 대형견 특수견 진돗개 진도 애견사료 10kg 15kg', 11890, '뉴트리나', '뉴트리나', NULL, 0, 'https://shopping-phinf.pstatic.net/main_8588773/8588773267.3.jpg', '강아지', '강아지 사료', '건식사료', 100, NULL, 100),
	(159, '챔피온펫푸드 오리젠 어덜트 오리지널 독', 5300, '오리젠', '챔피온펫푸드', NULL, 0, 'https://shopping-phinf.pstatic.net/main_2003507/20035078021.20190703125804.jpg', '강아지', '강아지 사료', '건식사료', 100, NULL, 102),
	(160, '강아지사료샘플 알러지사료 기호성테스트 샘플 100여종', 500, '', '', NULL, 0, 'https://shopping-phinf.pstatic.net/main_8290765/82907653329.2.jpg', '강아지', '강아지 사료', '건식사료', 100, NULL, 100),
	(161, '뉴트리나 건강백서 강아지 사료 관절 피부 체중 푸들 말티즈', 21000, '건강백서', '', NULL, 0, 'https://shopping-phinf.pstatic.net/main_8705666/8705666991.22.jpg', '강아지', '강아지 사료', '건식사료', 100, NULL, 100),
	(162, '챔피온펫푸드 오리젠 퍼피', 6000, '오리젠', '챔피온펫푸드', NULL, 0, 'https://shopping-phinf.pstatic.net/main_5762325/5762325404.20171013102335.jpg', '강아지', '강아지 사료', '건식사료', 100, NULL, 100),
	(163, '네츄럴코어 에코6  센시티브 솔루션 연어 작은알갱이', 9390, '네츄럴코어', '', NULL, 0, 'https://shopping-phinf.pstatic.net/main_6004983/6004983678.20190226174519.jpg', '강아지', '강아지 사료', '건식사료', 100, NULL, 100),
	(164, '개사료 15kg 20kg 대용량 대형견사료 특수견 강아지 애견 소형견 진돗개 진도사료', 24900, '필드스타 ', '팜스코', NULL, 0, 'https://shopping-phinf.pstatic.net/main_8871616/8871616677.5.jpg', '강아지', '강아지 사료', '건식사료', 100, NULL, 100),
	(165, '한국사료 더독 플래티넘 어덜트 이베리코', 26000, '더독', '한국사료', NULL, 0, 'https://shopping-phinf.pstatic.net/main_3042604/30426046618.20220304144637.jpg', '강아지', '강아지 사료', '건식사료', 100, NULL, 101),
	(166, '펫큐리안 NOW 그레인프리 스몰브리드 퍼피', 21070, 'NOW', '펫큐리안', NULL, 0, 'https://shopping-phinf.pstatic.net/main_1244141/12441417832.20200604151743.jpg', '강아지', '강아지 사료', '건식사료', 100, NULL, 100),
	(167, '하림펫푸드 더리얼/밥이보약 강아지사료 모음', 31350, '하림펫푸드', '하림펫푸드', NULL, 0, 'https://shopping-phinf.pstatic.net/main_8175178/81751782550.29.jpg', '강아지', '강아지 사료', '건식사료', 100, NULL, 100),
	(168, '챔피온펫푸드 아카나 독 프리런덕 강아지사료', 22320, '아카나', '챔피온펫푸드', NULL, 0, 'https://shopping-phinf.pstatic.net/main_1497939/14979398409.20180806094515.jpg', '강아지', '강아지 사료', '건식사료', 99, NULL, 101),
	(169, '네츄럴코어 에코시리즈 유기농 강아지사료 10Kg', 74000, '네츄럴코어', '', NULL, 0, 'https://shopping-phinf.pstatic.net/main_8028720/80287205853.jpg', '강아지', '강아지 사료', '건식사료', 100, NULL, 100),
	(170, 'ANF 램 홀리스틱 프리미엄 램28 15kg 10kg 양고기 애견사료', 49850, 'ANF', 'ANF', NULL, 0, 'https://shopping-phinf.pstatic.net/main_8193178/81931784082.3.jpg', '강아지', '강아지 사료', '건식사료', 100, NULL, 100),
	(171, '진도예찬 풍월 바이오 강아지 대형견 진돗개 개 대용량 사료 샘플 5kg 7.5kg 10kg 20kg', 11900, '천하제일', '천하제일', NULL, 0, 'https://shopping-phinf.pstatic.net/main_7868596/7868596939.20.jpg', '강아지', '강아지 사료', '건식사료', 100, NULL, 100),
	(172, '성보 네츄리스 어덜트', 12360, '네츄리스', '성보', NULL, 0, 'https://shopping-phinf.pstatic.net/main_3113336/31133362626.20220302155433.jpg', '강아지', '강아지 사료', '건식사료', 97, NULL, 103),
	(173, '강아지 샘플 사료 기호성 테스트 알러지 사료 샘플 소분', 500, '', '', NULL, 0, 'https://shopping-phinf.pstatic.net/main_8313234/83132349754.10.jpg', '강아지', '강아지 사료', '건식사료', 100, NULL, 103),
	(174, '로얄캐닌 비숑프리제 어덜트', 17700, '로얄캐닌', '로얄캐닌', NULL, 0, 'https://shopping-phinf.pstatic.net/main_1471878/14718783656.20190925163734.jpg', '강아지', '강아지 사료', '건식사료', 100, NULL, 100),
	(175, '로얄캐닌 세타이어티 강아지 사료', 22280, '로얄캐닌', '로얄캐닌', NULL, 0, 'https://shopping-phinf.pstatic.net/main_1597673/15976730128.20181105102145.jpg', '강아지', '강아지 사료', '건식사료', 100, NULL, 100),
	(176, '순수 오리고기 강아지수제사료 자연식 눈물 피부 사료 1kg', 20000, '', '', NULL, 0, 'https://shopping-phinf.pstatic.net/main_8350424/83504240787.4.jpg', '강아지', '강아지 사료', '수제사료', 100, NULL, 100),
	(177, '[듀먼] 듀먼 자연화식 샘플 체험팩 / 강아지 자연화식 간식 사료 맛보기패키지', 12900, '듀먼', '', NULL, 0, 'https://shopping-phinf.pstatic.net/main_8233733/82337339755.15.jpg', '강아지', '강아지 사료', '수제사료', 100, NULL, 100),
	(178, '아침애사료 가수분해 강아지 수제사료 오리연어 한우 피부건강 1.8kg 2.4kg 3kg', 22000, '아침애', '에이티바이오', NULL, 0, 'https://shopping-phinf.pstatic.net/main_1191261/11912613845.3.jpg', '강아지', '강아지 사료', '수제사료', 100, NULL, 100),
	(179, '[하이독]강아지화식 자연식 수제(습식)사료 내맘대로 골라담기 12종', 2100, '하이독', '하이독', NULL, 0, 'https://shopping-phinf.pstatic.net/main_9834765/9834765290.13.jpg', '강아지', '강아지 사료', '수제사료', 100, NULL, 100),
	(180, '강아지화식 강아지자연식 맛보기 50g 한끼 소분(5종) 깡이간식', 1800, '', '', NULL, 0, 'https://shopping-phinf.pstatic.net/main_8313966/83139661606.4.jpg', '강아지', '강아지 사료', '수제사료', 100, NULL, 100),
	(181, '레시펫 강아지 화식 수비드 자연식 수제사료', 4500, '레시펫', '', NULL, 0, 'https://shopping-phinf.pstatic.net/main_8328088/83280887781.jpg', '강아지', '강아지 사료', '수제사료', 100, NULL, 100),
	(182, '[듀먼] 자연화식 3주패키지 8종 24팩 (50g)', 33900, '듀먼', '', NULL, 0, 'https://shopping-phinf.pstatic.net/main_8233735/82337353044.8.jpg', '강아지', '강아지 사료', '수제사료', 100, NULL, 100),
	(183, '아침애사료 가수분해 오리 연어 한우 피부 수제사료 1.8kg 3kg', 22000, '아침애', '아침애아침에', NULL, 0, 'https://shopping-phinf.pstatic.net/main_8056849/80568495383.5.jpg', '강아지', '강아지 사료', '수제사료', 100, NULL, 100),
	(184, '강아지화식 강아지자연식 강아지수제사료 맛보기 7종', 32000, '', '', NULL, 0, 'https://shopping-phinf.pstatic.net/main_8253807/82538074040.13.jpg', '강아지', '강아지 사료', '수제사료', 100, NULL, 100),
	(185, '씽크라이크펫 강아지 화식 자연식 수제 사료 50g 6팩', 11100, '씽크라이크펫', '', NULL, 0, 'https://shopping-phinf.pstatic.net/main_8242773/82427738162.23.jpg', '강아지', '강아지 사료', '수제사료', 100, NULL, 100),
	(186, '테이스트오브네이처 강아지 화식 자연식 6종 골라담기', 21000, '', '', NULL, 0, 'https://shopping-phinf.pstatic.net/main_8249098/82490982911.4.jpg', '강아지', '강아지 사료', '수제사료', 100, NULL, 100),
	(187, '하이독 강아지화식 내추럴 (덕, 치킨) 10+3 덤 패키지', 15000, '하이독', '하이독', NULL, 0, 'https://shopping-phinf.pstatic.net/main_8348627/83486272980.3.jpg', '강아지', '강아지 사료', '수제사료', 100, NULL, 100),
	(188, '에이티바이오 아침애 수제사료 오리 연어 감자', 13860, '아침애', '에이티바이오', NULL, 0, 'https://shopping-phinf.pstatic.net/main_2641609/26416092526.20210319095235.jpg', '강아지', '강아지 사료', '수제사료', 100, NULL, 100),
	(189, '씽크라이크펫 강아지 화식 자연식 수제 사료 50g 24팩', 40500, '씽크라이크펫', '', NULL, 0, 'https://shopping-phinf.pstatic.net/main_8278578/82785788613.4.jpg', '강아지', '강아지 사료', '수제사료', 100, NULL, 100),
	(190, '아침애사료 오리연어 피부 한우 1.8kg 3kg 강아지사료', 22000, '아침애', '에이티바이오', NULL, 0, 'https://shopping-phinf.pstatic.net/main_8045816/8045816098.13.jpg', '강아지', '강아지 사료', '수제사료', 100, NULL, 100),
	(191, '도거박스 50g 강아지 자연식 화식 사료', 35000, '도거박스', '', NULL, 0, 'https://shopping-phinf.pstatic.net/main_8266039/82660395243.9.jpg', '강아지', '강아지 사료', '수제사료', 100, NULL, 100),
	(192, '[듀먼] 자연화식 3주패키지 8종 24팩 (100g)', 50900, '듀먼', '', NULL, 0, 'https://shopping-phinf.pstatic.net/main_8232622/82326227720.6.jpg', '강아지', '강아지 사료', '수제사료', 100, NULL, 100),
	(193, '[배송비만내고 이벤트] 마드레펫 강아지 자연식 사료 화식 50g 체험팩', 4000, '', '', NULL, 0, 'https://shopping-phinf.pstatic.net/main_8319378/83193780874.1.jpg', '강아지', '강아지 사료', '수제사료', 100, NULL, 100),
	(194, '[룰루키친] 강아지화식 반려견자연식 건강식 닭고기 칠면조 소고기 양고기 골라담기', 29700, '', '', NULL, 0, 'https://shopping-phinf.pstatic.net/main_8272660/82726606613.6.jpg', '강아지', '강아지 사료', '수제사료', 100, NULL, 100),
	(195, '메이에르 피부와 장에 좋은 수제 강아지 사료 그린밀 덕포독 1kg', 53000, '', '', NULL, 0, 'https://shopping-phinf.pstatic.net/main_8216791/82167910806.4.jpg', '강아지', '강아지 사료', '수제사료', 100, NULL, 100),
	(196, '멍이방앗간 강아지 화식 자연식 6종 100g', 3800, '', '', NULL, 0, 'https://shopping-phinf.pstatic.net/main_8236919/82369192279.2.jpg', '강아지', '강아지 사료', '수제사료', 100, NULL, 100),
	(197, '한하루 강아지수제사료 1kg 가수분해사료', 9100, '한하루', '에이티바이오', NULL, 0, 'https://shopping-phinf.pstatic.net/main_8208425/82084250266.2.jpg', '강아지', '강아지 사료', '수제사료', 100, NULL, 100),
	(198, '어니스트밀 20팩 골라담기 강아지 화식사료 7종', 74000, '', '', NULL, 0, 'https://shopping-phinf.pstatic.net/main_8294892/82948923765.3.jpg', '강아지', '강아지 사료', '수제사료', 100, NULL, 100),
	(199, '펫다이닝 맘마 화식 8종 - 강아지 자연식 건강식 습식 수제사료', 5000, '', '', NULL, 0, 'https://shopping-phinf.pstatic.net/main_8366407/83664075862.2.jpg', '강아지', '강아지 사료', '수제사료', 100, NULL, 100),
	(200, '[듀먼] 매일듀먼화식세트 36팩 (50g/100g) 8종세트 강아지자연화식', 47900, '듀먼', '', NULL, 0, 'https://shopping-phinf.pstatic.net/main_8241109/82411095785.1.jpg', '강아지', '강아지 사료', '수제사료', 100, NULL, 100),
	(201, '[펫픽] 강아지 자연식 화식 200g 테스트 샘플 사료 8종', 7400, '펫픽', '', NULL, 0, 'https://shopping-phinf.pstatic.net/main_8208198/82081980431.2.jpg', '강아지', '강아지 사료', '수제사료', 100, NULL, 100),
	(202, '씽크라이크펫 강아지 화식 자연식 수제 사료 50g 18팩', 31700, '씽크라이크펫', '', NULL, 0, 'https://shopping-phinf.pstatic.net/main_8260222/82602224682.10.jpg', '강아지', '강아지 사료', '수제사료', 100, NULL, 100),
	(203, '[스쿱543 강아지 수제사료 저단백 건강식] 건강한 멍라이스 500g', 27500, '', '', NULL, 0, 'https://shopping-phinf.pstatic.net/main_8220705/82207059536.2.jpg', '강아지', '강아지 사료', '수제사료', 100, NULL, 100),
	(204, '오도독 처방식 사료 소포장', 10000, '프롬벳', '프롬벳', NULL, 0, 'https://shopping-phinf.pstatic.net/main_1342377/13423775975.2.jpg', '강아지', '강아지 사료', '수제사료', 100, NULL, 100),
	(205, '맛밀 강아지 화식 50g 30팩 세트 자연식 습식사료', 105000, '', '', NULL, 0, 'https://shopping-phinf.pstatic.net/main_8171512/81715129900.1.jpg', '강아지', '강아지 사료', '수제사료', 100, NULL, 100),
	(206, '아침애 수제사료 피부개선', 13970, '아침애', '', NULL, 0, 'https://shopping-phinf.pstatic.net/main_2641542/26415422523.20210319101403.jpg', '강아지', '강아지 사료', '수제사료', 100, NULL, 100),
	(207, '내추럴펫 강아지 화식 사료 자연식 50/100g 전제품 골라담기', 2790, '내추럴펫', '내추럴펫', NULL, 0, 'https://shopping-phinf.pstatic.net/main_8319372/83193726332.2.jpg', '강아지', '강아지 사료', '수제사료', 100, NULL, 100),
	(208, '4가지 맛 1세트(100g x 4개) 플라잉퍼피 강아지 화식', 17800, '', '', NULL, 0, 'https://shopping-phinf.pstatic.net/main_8303695/83036958722.14.jpg', '강아지', '강아지 사료', '수제사료', 100, NULL, 100),
	(209, '[듀먼] 7종 100g x12팩 강아지 화식사료 기능성 애견사료', 26900, '듀먼', '', NULL, 0, 'https://shopping-phinf.pstatic.net/main_8257097/82570975974.4.jpg', '강아지', '강아지 사료', '수제사료', 100, NULL, 100),
	(210, '아침애 사료 전연령 피부건강 강아지 수제사료  2.6kg  43개', 1748000, '', '', NULL, 0, 'https://shopping-phinf.pstatic.net/main_3032796/30327963326.2.jpg', '강아지', '강아지 사료', '수제사료', 100, NULL, 100),
	(211, '멍이방앗간 강아지 화식 자연식 1kg', 38000, '', '', NULL, 0, 'https://shopping-phinf.pstatic.net/main_8244251/82442515598.1.jpg', '강아지', '강아지 사료', '수제사료', 100, NULL, 100),
	(212, '[스쿱543 강아지 수제사료 저단백 건강식] 건강한 멍라이스 200g', 11600, '', '', NULL, 0, 'https://shopping-phinf.pstatic.net/main_8213752/82137522626.2.jpg', '강아지', '강아지 사료', '수제사료', 100, NULL, 100),
	(213, '맛밀 강아지 화식 50g 단품 자연 습식사료 골라담기', 2800, '', '', NULL, 0, 'https://shopping-phinf.pstatic.net/main_8115656/81156568268.5.jpg', '강아지', '강아지 사료', '수제사료', 100, NULL, 100),
	(214, '[스쿱543 반려견 수제사료] 화식 500g', 34000, '', '', NULL, 0, 'https://shopping-phinf.pstatic.net/main_8213737/82137379830.3.jpg', '강아지', '강아지 사료', '수제사료', 100, NULL, 100),
	(215, '어니스트밀 12팩 골라담기 강아지 화식사료 7종', 46800, '', '', NULL, 0, 'https://shopping-phinf.pstatic.net/main_8251382/82513820664.4.jpg', '강아지', '강아지 사료', '수제사료', 100, NULL, 100),
	(216, '[듀먼] 한달행복식단 100g 8종 30팩 강아지자연화식 기능성사료 습식사료', 60900, '듀먼', '', NULL, 0, 'https://shopping-phinf.pstatic.net/main_8241108/82411080779.6.jpg', '강아지', '강아지 사료', '수제사료', 100, NULL, 100),
	(217, '스위피 덕 테린 강아지 화식 수제 사료 60g', 21600, '스위피', '', NULL, 0, 'https://shopping-phinf.pstatic.net/main_8278460/82784609052.4.jpg', '강아지', '강아지 사료', '수제사료', 100, NULL, 100),
	(218, '하이독 강아지 자연식 화식(수제사료) 야채 퓨레 50g X 5팩', 5500, '하이독', '하이독', NULL, 0, 'https://shopping-phinf.pstatic.net/main_8209925/82099259500.5.jpg', '강아지', '강아지 사료', '수제사료', 100, NULL, 100),
	(219, '힐링펫 강아지수제사료 모음전 관절사료 250g', 3900, '', '힐링펫', NULL, 0, 'https://shopping-phinf.pstatic.net/main_8700491/8700491649.5.jpg', '강아지', '강아지 사료', '수제사료', 100, NULL, 100),
	(220, '[오믈오믈] 강아지 화식 75g 기호성 좋은 습식 사료 수제 자연식 5종', 1900, '오믈오믈', '', NULL, 0, 'https://shopping-phinf.pstatic.net/main_8364779/83647791108.12.jpg', '강아지', '강아지 사료', '수제사료', 100, NULL, 100),
	(221, '아침애사료 국내산 가수분해 오리연어 피부 한우 수제사료 1kg 1.8kg 3kg', 14000, '아침애', '에이티바이오', NULL, 0, 'https://shopping-phinf.pstatic.net/main_8309449/83094492520.2.jpg', '강아지', '강아지 사료', '수제사료', 100, NULL, 100),
	(222, '강아지 화식 수제 사료 [소고기] 습식 자연식 건강식 애견 노견 노령견 다이어트 반려견', 3500, '', '', NULL, 0, 'https://shopping-phinf.pstatic.net/main_8138819/81388195480.jpg', '강아지', '강아지 사료', '수제사료', 100, NULL, 100),
	(223, '아침애 수제사료200g x 3종세트 (한우,오리,피부)', 7100, '아침애', '에이티바이오', NULL, 0, 'https://shopping-phinf.pstatic.net/main_8220887/82208877096.1.jpg', '강아지', '강아지 사료', '수제사료', 100, NULL, 100),
	(224, '힐링펫 강아지수제사료 모음 관절사료 250g', 3960, '', '', NULL, 0, 'https://shopping-phinf.pstatic.net/main_2931311/29313118792.1.jpg', '강아지', '강아지 사료', '수제사료', 100, NULL, 100),
	(225, '테라카니스 강아지 습식사료 노령견 다이어트 신부전 그레인프리', 4400, '', '', NULL, 0, 'https://shopping-phinf.pstatic.net/main_8109948/81099480912.5.jpg', '강아지', '강아지 사료', '습식사료', 100, NULL, 102),
	(226, '강아지 신장사료 1kg 닥터맘마 습식 애견 처방 사료', 33100, '닥터맘마', '', NULL, 0, 'https://shopping-phinf.pstatic.net/main_1170295/11702957084.11.jpg', '강아지', '강아지 사료', '습식사료', 100, NULL, 103),
	(227, '로얄캐닌 하이포알러제닉 캔사료', 59000, '로얄캐닌', '로얄캐닌', NULL, 0, 'https://shopping-phinf.pstatic.net/main_1564596/15645964325.20200101140816.jpg', '강아지', '강아지 사료', '습식사료', 100, NULL, 100),
	(228, '로얄캐닌 독 미니 어덜트 파우치', 980, '로얄캐닌', '로얄캐닌', NULL, 0, 'https://shopping-phinf.pstatic.net/main_2438152/24381521530.20201007162902.jpg', '강아지', '강아지 사료', '습식사료', 100, NULL, 100),
	(229, '치즈썬 미트밤 강아지습식사료 부드러운 강아지밥 반습식 노령견 노견 500g 1kg 2kg', 18900, '치즈썬', '', NULL, 0, 'https://shopping-phinf.pstatic.net/main_8236324/82363247363.1.jpg', '강아지', '강아지 사료', '습식사료', 100, NULL, 100),
	(230, '로얄캐닌 가스트로 인테스티날 로우팻 캔', 73100, '로얄캐닌', '로얄캐닌', NULL, 0, 'https://shopping-phinf.pstatic.net/main_2104791/21047914694.20191009115439.jpg', '강아지', '강아지 사료', '습식사료', 100, NULL, 104),
	(231, '로얄캐닌 리커버리 캔사료 강아지사료', 4670, '로얄캐닌', '로얄캐닌', NULL, 0, 'https://shopping-phinf.pstatic.net/main_1492656/14926565759.20180730143147.jpg', '강아지', '강아지 사료', '습식사료', 100, NULL, 100),
	(232, '개똑 유기농 강아지 습식사료 치매예방 그레인프리 3가지맛', 19500, '개똑', '', '	https://shop-phinf.pstatic.net/20201111_281/1605084226919c9VLI_JPEG/6220122645423235_121131870.jpg?type=m10000_10000_no_rotate', 0, 'https://shopping-phinf.pstatic.net/main_8239770/82397707016.1.jpg', '강아지', '강아지 사료', '습식사료', 89, NULL, 163),
	(233, '지위픽 독캔 강아지캔 170g 390g 닭 사슴고기 소고기 고등어 양 트라이프 습식사료', 4900, '지위픽', '지위픽', NULL, 0, 'https://shopping-phinf.pstatic.net/main_8317061/83170610267.3.jpg', '강아지', '강아지 사료', '습식사료', 100, NULL, 100),
	(234, '로얄캐닌 독 미니 에이징 12플러스 파우치', 1000, '로얄캐닌', '로얄캐닌', NULL, 0, 'https://shopping-phinf.pstatic.net/main_2556543/25565437522.20210111121628.jpg', '강아지', '강아지 사료', '습식사료', 100, NULL, 100),
	(235, '시그니처바이 P/a A/a 캔 8개+2개 추가', 6000, '', '', NULL, 0, 'https://shopping-phinf.pstatic.net/main_8367760/83677603490.3.jpg', '강아지', '강아지 사료', '습식사료', 100, NULL, 100),
	(236, '시저캔 100g 닭고기 소고기 양고기 강아지습식캔 시저1세이하 노령견간식 통조림 대용량캔', 1350, '시저', '마즈', NULL, 0, 'https://shopping-phinf.pstatic.net/main_1011135/10111358658.4.jpg', '강아지', '강아지 사료', '습식사료', 100, NULL, 100),
	(237, '지위픽 독 캔 강아지 습식사료 170g 390g', 4900, '지위픽', '지위픽', NULL, 0, 'https://shopping-phinf.pstatic.net/main_8361963/83619631093.jpg', '강아지', '강아지 사료', '습식사료', 100, NULL, 104),
	(238, '닥터맘마 촉촉사료 버라이어티팩1kg 강아지수제사료 자연식', 25800, '닥터맘마', '', NULL, 0, 'https://shopping-phinf.pstatic.net/main_8222160/82221604460.8.jpg', '강아지', '강아지 사료', '습식사료', 100, NULL, 112),
	(239, '로얄캐닌 레날 캔', 6500, '로얄캐닌', '로얄캐닌', NULL, 0, 'https://shopping-phinf.pstatic.net/main_2003561/20035618605.20190703144257.jpg', '강아지', '강아지 사료', '습식사료', 100, NULL, 100),
	(240, '내추로 그레인프리 전연령 강아지 습식 통조림 사료', 5000, '내추로', '', NULL, 0, 'https://shopping-phinf.pstatic.net/main_8306895/83068950646.9.jpg', '강아지', '강아지 사료', '습식사료', 100, NULL, 100),
	(241, '로얄캐닌 강아지 미니 퍼피 어덜트 에이징 습식 파우치 모음 1박스', 13000, '로얄캐닌', '로얄캐닌', NULL, 0, 'https://shopping-phinf.pstatic.net/main_8086797/80867970988.5.jpg', '강아지', '강아지 사료', '습식사료', 100, NULL, 100),
	(242, '시그니처바이 P/a A/a 캔 8개(+2캔씩추가증) 복약 식욕 저알러지 필 에퍼타잇 에이드 반려견 반려묘 반려견용', 6000, '', '미소', NULL, 0, 'https://shopping-phinf.pstatic.net/main_8324084/83240846368.17.jpg', '강아지', '강아지 사료', '습식사료', 100, NULL, 100),
	(243, '로얄캐닌 반려견 처방식 캔', 6500, '로얄캐닌', '로얄캐닌', NULL, 0, 'https://shopping-phinf.pstatic.net/main_8205720/82057203185.1.jpg', '강아지', '강아지 사료', '습식사료', 100, NULL, 102),
	(244, '로얄캐닌 헤파틱 캔', 6500, '로얄캐닌', '로얄캐닌', NULL, 0, 'https://shopping-phinf.pstatic.net/main_2406724/24067243524.20200907103442.jpg', '강아지', '강아지 사료', '습식사료', 100, NULL, 103),
	(245, '[전국 마지막 물량 / 힐스] 강아지 처방식캔 id i/d 로우팻 로우펫 354g 캔 스튜 1개', 14980, '', '', NULL, 0, 'https://shopping-phinf.pstatic.net/main_8368726/83687260901.1.jpg', '강아지', '강아지 사료', '습식사료', 100, NULL, 100),
	(246, '[릴리스키친] 강아지 습식캔 모음 150g 400g', 4500, '릴리스키친', '', NULL, 0, 'https://shopping-phinf.pstatic.net/main_8317129/83171299446.4.jpg', '강아지', '강아지 사료', '습식사료', 100, NULL, 100),
	(247, '로얄캐닌 카디악 캔', 6400, '로얄캐닌', '로얄캐닌', NULL, 0, 'https://shopping-phinf.pstatic.net/main_2406719/24067194522.20200907102522.jpg', '강아지', '강아지 사료', '습식사료', 100, NULL, 100),
	(248, '로얄캐닌 에듁 강아지 미니 스타터 퍼피 습식 파우치 사료', 980, '로얄캐닌', '로얄캐닌', NULL, 0, 'https://shopping-phinf.pstatic.net/main_8310582/83105822154.1.jpg', '강아지', '강아지 사료', '습식사료', 100, NULL, 100),
	(249, '로얄캐닌 푸들 어덜트 습식', 1180, '로얄캐닌', '로얄캐닌', NULL, 0, 'https://shopping-phinf.pstatic.net/main_5678428/5678428642.20200929124624.jpg', '강아지', '강아지 사료', '습식사료', 100, NULL, 100),
	(250, '테라카니스 강아지주식캔 모음전 클래식 그레인프리 디톡스 하이포알러젠', 4400, '테라카니스', '', NULL, 0, 'https://shopping-phinf.pstatic.net/main_8230050/82300502906.2.jpg', '강아지', '강아지 사료', '습식사료', 100, NULL, 100),
	(251, '시그니처바이 타히보 캔 P/a A/a 캔 스틱 30g x 8개', 6000, '', '', NULL, 0, 'https://shopping-phinf.pstatic.net/main_8216335/82163350316.3.jpg', '강아지', '강아지 사료', '습식사료', 100, NULL, 100),
	(252, '닥터맘마 심장사료 1kg 강아지심장질환', 31300, '닥터맘마', '', NULL, 0, 'https://shopping-phinf.pstatic.net/main_1170303/11703030604.10.jpg', '강아지', '강아지 사료', '습식사료', 100, NULL, 100),
	(253, '로얄캐닌 강아지사료 습식 모음전 85g 195g 파우치 주식캔 퍼피 어덜트 에이징', 14800, '로얄캐닌', '로얄캐닌', NULL, 0, 'https://shopping-phinf.pstatic.net/main_8253654/82536540209.5.jpg', '강아지', '강아지 사료', '습식사료', 100, NULL, 100),
	(254, '테라카니스 강아지 캔사료 독일 습식 사료 모음', 4400, '테라카니스', '', NULL, 0, 'https://shopping-phinf.pstatic.net/main_8227622/82276228490.2.jpg', '강아지', '강아지 사료', '습식사료', 100, NULL, 100),
	(255, '시그니처바이 타히보 캔 강아지 고양이 습식캔', 10000, '', '미소', NULL, 0, 'https://shopping-phinf.pstatic.net/main_8311372/83113728668.13.jpg', '강아지/고양이', '강아지 사료', '습식사료', 100, NULL, 100),
	(256, '로얄캐닌 유리너리 SO 파우치', 40150, '로얄캐닌', '로얄캐닌', NULL, 0, 'https://shopping-phinf.pstatic.net/main_2655690/26556909523.20210329120400.jpg', '강아지', '강아지 사료', '습식사료', 100, NULL, 100),
	(257, '로얄캐닌 퍼피 미니 파우치 85g', 930, '로얄캐닌', '로얄캐닌', NULL, 0, 'https://shopping-phinf.pstatic.net/main_2436889/24368896522.20201006170421.jpg', '강아지', '강아지 사료', '습식사료', 100, NULL, 100),
	(258, '[복수구매 15%] 강아지 습식 사료 내추로 카루 주식캔', 5000, '내추로', '', NULL, 0, 'https://shopping-phinf.pstatic.net/main_8209624/82096246358.4.jpg', '강아지', '강아지 사료', '습식사료', 100, NULL, 100),
	(259, '로얄캐닌 강아지 미니 퍼피 어덜트 에이징 푸들 닥스훈트 요크셔테리어 포메라니안 스테럴라이즈드 파우치 습식사료 85g', 1010, '로얄캐닌', '로얄캐닌', NULL, 0, 'https://shopping-phinf.pstatic.net/main_8304206/83042062165.jpg', '강아지', '강아지 사료', '습식사료', 100, NULL, 100),
	(260, '촉촉사료 신장 700g 강아지 자연식 화식 습식사료', 24200, '닥터맘마', '', NULL, 0, 'https://shopping-phinf.pstatic.net/main_8376875/83768754215.jpg', '강아지', '강아지 사료', '습식사료', 100, NULL, 100),
	(261, '로얄캐닌 독 처방캔 리커버리 하이포알러제닉 유리너리 가스트로인테스티널 헤파틱 레날 카디악 다이아베틱 센시티비티', 6500, '로얄캐닌', '로얄캐닌', NULL, 0, 'https://shopping-phinf.pstatic.net/main_8334722/83347222119.jpg', '강아지', '강아지 사료', '습식사료', 100, NULL, 100),
	(262, '지위픽 독 캔 양 소 닭 사슴고기 트라이프 고등어 모음 170g 390g 습식사료', 4900, '지위픽', '지위픽', NULL, 0, 'https://shopping-phinf.pstatic.net/main_8245737/82457373259.jpg', '강아지', '강아지 사료', '습식사료', 100, NULL, 100),
	(263, '지위픽 독 캔 강아지 습식사료', 4900, '지위픽', '지위픽', NULL, 0, 'https://shopping-phinf.pstatic.net/main_8246188/82461888863.jpg', '강아지', '강아지 사료', '습식사료', 100, NULL, 100),
	(264, '힐스 처방식 독 k/d 캔 354g / 스튜', 8000, '힐스사이언스다이어트', '', NULL, 0, 'https://shopping-phinf.pstatic.net/main_8378065/83780655744.jpg', '강아지', '강아지 사료', '습식사료', 100, NULL, 100),
	(265, '주식캔사료 애견비책 햇밥 오리 연어 치킨 소고기 120g', 1300, '', '오네스토펫푸드', NULL, 0, 'https://shopping-phinf.pstatic.net/main_8233648/82336486156.jpg', '강아지', '강아지 사료', '습식사료', 100, NULL, 100),
	(266, '아루바 독 캣 주식 파우치 습식사료 8종', 4700, '아루바', '', NULL, 0, 'https://shopping-phinf.pstatic.net/main_8382907/83829075862.jpg', '강아지', '강아지 사료', '습식사료', 100, NULL, 100),
	(267, '로얄캐닌 포메라니안 어덜트 파우치', 1030, '로얄캐닌', '로얄캐닌', NULL, 0, 'https://shopping-phinf.pstatic.net/main_2655562/26555627527.20210329110654.jpg', '강아지', '강아지 사료', '습식사료', 100, NULL, 100),
	(268, '지위픽 독캔 강아지캔 390g 고등어 양고기 사슴고기 소고기 닭고기', 7800, '지위픽', '지위픽', NULL, 0, 'https://shopping-phinf.pstatic.net/main_8235569/82355692585.jpg', '강아지', '강아지 사료', '습식사료', 100, NULL, 100),
	(269, '스페시픽 강아지/고양이 습식 사료 모음', 21000, '', '', NULL, 0, 'https://shopping-phinf.pstatic.net/main_8229414/82294141362.jpg', '고양이', '강아지 사료', '습식사료', 100, NULL, 100),
	(270, '로얄캐닌 처방식 독 가스트로 인테스티널 캔 400g (강아지)', 6500, '로얄캐닌', '로얄캐닌', NULL, 0, 'https://shopping-phinf.pstatic.net/main_8240330/82403303877.jpg', '강아지', '강아지 사료', '습식사료', 100, NULL, 100),
	(271, 'MARS PETCARE 시저 쇠고기와 달걀 1세이하', 1100, '시저', 'MARS PETCARE', NULL, 0, 'https://shopping-phinf.pstatic.net/main_3121684/31216841626.20220308123611.jpg', '강아지', '강아지 사료', '습식사료', 100, NULL, 100),
	(272, '포르자 강아지 습식 사료 귀 신장 위장 피부 오토 레날 더모 인테스티날 처방 캔 100g', 2000, '포르자10', '포르자', NULL, 0, 'https://shopping-phinf.pstatic.net/main_8218192/82181928226.1.jpg', '강아지', '강아지 사료', '습식사료', 100, NULL, 100),
	(273, '릴리스키친 독 강아지 주식캔 습식사료 150g 400g', 3600, '릴리스키친', '', NULL, 0, 'https://shopping-phinf.pstatic.net/main_8230499/82304990189.jpg', '강아지', '강아지 사료', '습식사료', 100, NULL, 100),
	(274, '지위픽 독 캔 소고기', 4900, '지위픽', '지위픽', NULL, 0, 'https://shopping-phinf.pstatic.net/main_2406717/24067170525.20200907101642.jpg', '강아지', '강아지 사료', '습식사료', 100, NULL, 100),
	(275, '강아지 시저 통조림 사각캔 습식사료 간식 파우치 100g 퍼피프랜드 100g', 740, '', '', NULL, 0, 'https://shopping-phinf.pstatic.net/main_1276841/12768417958.1.jpg', '강아지', '강아지 간식', '캔/파우치', 100, NULL, 100),
	(276, '마즈 시저 강아지사료 간식 캔 쇠고기 100g', 1230, '시저', '마즈', NULL, 0, 'https://shopping-phinf.pstatic.net/main_5662090/5662090193.20200508154031.jpg', '강아지', '강아지 간식', '캔/파우치', 100, NULL, 100),
	(277, '시저 100g 24개입 강아지간식 습식사료 캔', 35500, '시저', 'MARS PETCARE', NULL, 0, 'https://shopping-phinf.pstatic.net/main_1017395/10173952510.69.jpg', '강아지', '강아지 간식', '캔/파우치', 100, NULL, 100),
	(278, '시저 강아지 주식캔 100g 퍼피 어덜트 노령견 습식캔 쇠고기 닭고기 양고기 연어', 1360, '시저', '', NULL, 0, 'https://shopping-phinf.pstatic.net/main_8349576/83495764620.3.jpg', '강아지', '강아지 간식', '캔/파우치', 100, NULL, 100),
	(279, '네츄럴코어캔 강아지캔 95g', 970, '네츄럴코어', '네츄럴코어', NULL, 0, 'https://shopping-phinf.pstatic.net/main_1278524/12785249569.jpg', '강아지', '강아지 간식', '캔/파우치', 100, NULL, 100),
	(280, '시저 100g 12개입 강아지간식 습식사료 캔', 18000, '시저', 'MARS PETCARE', NULL, 0, 'https://shopping-phinf.pstatic.net/main_1023505/10235056524.73.jpg', '강아지', '강아지 간식', '캔/파우치', 100, NULL, 100),
	(281, '설레개 대용량 20p 설래개 강아지 츄르 죽 85g 이맛이 설레개 기능성 짜먹는 간식', 2600, '', '', NULL, 0, 'https://shopping-phinf.pstatic.net/main_8196265/81962657098.4.jpg', '강아지', '강아지 간식', '캔/파우치', 100, NULL, 100),
	(282, '시저캔 100g 9가지맛 시저 쇠고기 닭고기 참치 치즈 불고기 양고기', 1290, '시저', '', NULL, 0, 'https://shopping-phinf.pstatic.net/main_1215251/12152515292.5.jpg', '강아지', '강아지 간식', '캔/파우치', 100, NULL, 100),
	(283, '마즈 시저 강아지사료 간식 캔 쇠고기와 참치 100g', 1200, '시저', '마즈', NULL, 0, 'https://shopping-phinf.pstatic.net/main_5662092/5662092468.20200508155432.jpg', '강아지', '강아지 간식', '캔/파우치', 100, NULL, 100),
	(284, 'ANF 사조 러브잇 강아지 펠리코 캔 모음', 930, 'ANF', 'ANF', NULL, 0, 'https://shopping-phinf.pstatic.net/main_8216263/82162636864.2.jpg', '강아지', '강아지 간식', '캔/파우치', 100, NULL, 100),
	(285, '설레개 대용량 20p 강아지 기능성 이맛이 설래개 츄르 노령견 소고기 닭고기 연어', 4150, '', '펫더맨', NULL, 0, 'https://shopping-phinf.pstatic.net/main_8230981/82309810808.8.jpg', '강아지', '강아지 간식', '캔/파우치', 100, NULL, 100),
	(286, '강아지간식 캔 습식사료 시저 심플리 크래프티드 37g 15개', 31000, '시저', 'MARS PETCARE', NULL, 0, 'https://shopping-phinf.pstatic.net/main_8224540/82245408431.17.jpg', '강아지', '강아지 간식', '캔/파우치', 100, NULL, 100),
	(287, 'ANF 치킨순살 캔 95g', 980, 'ANF', 'ANF', NULL, 0, 'https://shopping-phinf.pstatic.net/main_1071537/10715378227.20191231183914.jpg', '강아지', '강아지 간식', '캔/파우치', 100, NULL, 100),
	(288, '5+1 더독 수제 강아지 삼계탕 간식 고양이 삼계죽 오리죽 오리탕 복어국 보양식', 2500, '더독', '', NULL, 0, 'https://shopping-phinf.pstatic.net/main_8237817/82378170837.4.jpg', '고양이', '강아지 간식', '캔/파우치', 100, NULL, 100),
	(289, '퍼피프랜드 사각캔100g 베게캔 원형캔400g 시저 강아지 통조림 사각캔 습식사료 파우치', 640, '펫더맨', '펫더맨', NULL, 0, 'https://shopping-phinf.pstatic.net/main_8294578/82945785328.2.jpg', '강아지', '강아지 간식', '캔/파우치', 100, NULL, 100),
	(290, 'ANF 강아지 캔 95g 5종 1개입 24개입', 26200, 'ANF', 'ANF', NULL, 0, 'https://shopping-phinf.pstatic.net/main_1106526/11065265242.1.jpg', '강아지', '강아지 간식', '캔/파우치', 100, NULL, 100),
	(291, 'MARS PETCARE 시저 강아지캔 양고기 100G', 1250, '시저', 'MARS PETCARE', NULL, 0, 'https://shopping-phinf.pstatic.net/main_5662094/5662094950.20200525135721.jpg', '강아지', '강아지 간식', '캔/파우치', 100, NULL, 100),
	(292, '강아지 대용량 통조림 캔 간식 모음전 다양한 맛 퍼피프랜드 헬로도기 베게 400g', 1050, '퍼피프랜드', '펫더맨', NULL, 0, 'https://shopping-phinf.pstatic.net/main_1277474/12774742149.5.jpg', '강아지', '강아지 간식', '캔/파우치', 100, NULL, 100),
	(293, 'ANF 치킨라이스 캔 95g', 1000, 'ANF', 'ANF', NULL, 0, 'https://shopping-phinf.pstatic.net/main_1071533/10715331040.20191231164906.jpg', '강아지', '강아지 간식', '캔/파우치', 100, NULL, 100),
	(294, '[강아지츄르맛집] 이맛이 설레개 대용량 츄르 간식 20p', 4150, '', '펫더맨', NULL, 0, 'https://shopping-phinf.pstatic.net/main_8207802/82078021199.3.jpg', '강아지', '강아지 간식', '캔/파우치', 100, NULL, 100),
	(295, '강아지 삼계탕 삼계죽 닭죽 강아지죽 오리탕 북어탕 통조림 수제 영양 습식', 650, '더독', '', NULL, 0, 'https://shopping-phinf.pstatic.net/main_1262435/12624357226.4.jpg', '강아지', '강아지 간식', '캔/파우치', 100, NULL, 100),
	(296, '시저캔 강아지간식 14종 골라담기', 1390, '시저', 'MARS PETCARE', NULL, 0, 'https://shopping-phinf.pstatic.net/main_8208243/82082432258.jpg', '강아지', '강아지 간식', '캔/파우치', 100, NULL, 100),
	(297, '네츄럴코어 러비츄 멀티팩 294g 21P입', 7980, '네츄럴코어', '', NULL, 0, 'https://shopping-phinf.pstatic.net/main_1904467/19044677804.20190503103400.jpg', '강아지', '강아지 간식', '캔/파우치', 100, NULL, 100),
	(298, '시저캔 100g 14종 믹스가능 강아지 통조림 캔 시져캔 애견 씨져 캔', 1340, '시저', '', NULL, 0, 'https://shopping-phinf.pstatic.net/main_8246386/82463860098.jpg', '강아지', '강아지 간식', '캔/파우치', 100, NULL, 100),
	(299, '로렌츠 짜먹는 스틱 강아지츄르 15g x 8P', 7000, '로렌츠', '', NULL, 0, 'https://shopping-phinf.pstatic.net/main_8257495/82574954105.3.jpg', '강아지', '강아지 간식', '캔/파우치', 100, NULL, 100),
	(300, '강아지 시저캔 24개(1박스)', 31900, '시저', '마즈', NULL, 0, 'https://shopping-phinf.pstatic.net/main_8231548/82315488210.1.jpg', '강아지', '강아지 간식', '캔/파우치', 100, NULL, 100),
	(301, '하림펫푸드 더-리얼 슬림 닭가슴살 90g', 1800, '더-리얼', '하림펫푸드', NULL, 0, 'https://shopping-phinf.pstatic.net/main_2005130/20051301176.20200612094807.jpg', '강아지', '강아지 간식', '캔/파우치', 100, NULL, 100),
	(302, '펫더맨 통조림캔 헬로도기캔 퍼피프랜드캔 수제캔 애견간식', 940, '헬로도기', '헬로도기', NULL, 0, 'https://shopping-phinf.pstatic.net/main_8046023/80460237633.1.jpg', '강아지', '강아지 간식', '캔/파우치', 100, NULL, 100),
	(303, '마이베프 별자리스틱 수의사 영양간식 강아지 츄르 고양이 관절 피부간식', 6000, '', '', NULL, 0, 'https://shopping-phinf.pstatic.net/main_8316757/83167578005.1.jpg', '고양이', '강아지 간식', '캔/파우치', 100, NULL, 100),
	(304, '너를 위한 디저트 도기춥스 강아지 사탕 캔디 M, L 마약캔디 간식 부착형 스트레스해소', 3700, '너를위한디저트', '대주바이오', NULL, 0, 'https://shopping-phinf.pstatic.net/main_8227416/82274167398.1.jpg', '강아지', '강아지 간식', '캔/파우치', 100, NULL, 100),
	(305, '닥터맘마 미니파이 4종 반려견 강아지 간식 통조림 캔 모음 특식 30g 10개', 9200, '닥터맘마', '미소', NULL, 0, 'https://shopping-phinf.pstatic.net/main_8256409/82564093823.3.jpg', '강아지', '강아지 간식', '캔/파우치', 100, NULL, 100),
	(306, '네츄럴코어 강아지캔 95g', 970, '네츄럴코어', '네츄럴코어', NULL, 0, 'https://shopping-phinf.pstatic.net/main_8125046/81250469760.3.jpg', '강아지', '강아지 간식', '캔/파우치', 100, NULL, 100),
	(307, 'ANF 강아지 통조림 습식캔 간식 95g', 1200, 'ANF', 'ANF', NULL, 0, 'https://shopping-phinf.pstatic.net/main_8154003/81540031887.1.jpg', '강아지', '강아지 간식', '캔/파우치', 100, NULL, 100),
	(308, '시저 강아지간식 습식캔 100g 14종 심플리 4종 강아지간식캔', 1280, '시저', '마즈', NULL, 0, 'https://shopping-phinf.pstatic.net/main_8306859/83068592439.1.jpg', '강아지', '강아지 간식', '캔/파우치', 100, NULL, 100),
	(309, '이나바 강아지 챠오츄르 완츄르 퐁츄르 츄르바이트 모음', 1750, '이나바', '이나바', NULL, 0, 'https://shopping-phinf.pstatic.net/main_8204329/82043290148.2.jpg', '강아지', '강아지 간식', '캔/파우치', 100, NULL, 100),
	(310, '이즈칸 황태죽 강아지 고양이 영양간식 모음', 950, '이즈칸', '', NULL, 0, 'https://shopping-phinf.pstatic.net/main_8264924/82649240485.1.jpg', '강아지/고양이', '강아지 간식', '캔/파우치', 100, NULL, 100),
	(311, '미니파이케어 습식 캔 통조림 유동식 퓨레 죽 췌장염 신장 신부전 요로결석 간수치 수술후회복식 기침', 11500, '닥터맘마', '미소', NULL, 0, 'https://shopping-phinf.pstatic.net/main_8319891/83198910975.3.jpg', '강아지', '강아지 간식', '캔/파우치', 100, NULL, 100),
	(312, '시저캔 100g 쇠고기 닭고기 도그피앙 강아지 주식캔', 1090, '시저', '', NULL, 0, 'https://shopping-phinf.pstatic.net/main_8311026/83110267361.2.jpg', '강아지', '강아지 간식', '캔/파우치', 100, NULL, 100),
	(313, '강아지 죽 츄르 사탕 캔디 부드러운 파우치 간식 3종', 1900, '', '', NULL, 0, 'https://shopping-phinf.pstatic.net/main_8178845/81788454237.15.jpg', '강아지', '강아지 간식', '캔/파우치', 100, NULL, 100),
	(314, '시저캔 시저심플리 강아지 캔 습식 사료', 1180, '시저', 'MARS PETCARE', NULL, 0, 'https://shopping-phinf.pstatic.net/main_8376565/83765656630.1.jpg', '강아지', '강아지 간식', '캔/파우치', 100, NULL, 100),
	(315, '[20%쿠폰] 시그니처바이 타히보 캔 30g x 8개 P/a A/a 스틱', 6000, '', '미소', NULL, 0, 'https://shopping-phinf.pstatic.net/main_8367887/83678878167.5.jpg', '강아지', '강아지 간식', '캔/파우치', 100, NULL, 100),
	(316, '캐니노 타퍼 캔 강아지캔 간식 90g 마약캔 니나노 캔', 1100, '', '', NULL, 0, 'https://shopping-phinf.pstatic.net/main_8210023/82100235832.jpg', '강아지', '강아지 간식', '캔/파우치', 100, NULL, 100),
	(317, '마즈 시저 주식캔 닭고기 100g 맛있는간식 애견간식 강아지간식', 1210, '시저', '마즈', NULL, 0, 'https://shopping-phinf.pstatic.net/main_1546904/15469043293.20200508153415.jpg', '강아지', '강아지 간식', '캔/파우치', 100, NULL, 100),
	(318, '카카토 강아지 고양이 수제습식 캔 모음전', 2400, '', '', NULL, 0, 'https://shopping-phinf.pstatic.net/main_8287601/82876015630.1.jpg', '강아지/고양이', '강아지 간식', '캔/파우치', 100, NULL, 100),
	(319, '애견 간식 마약사탕 도기춥스 너를위한 강아지캔디 사탕', 2700, '펫앤피플', '', NULL, 0, 'https://shopping-phinf.pstatic.net/main_8262786/82627862765.3.jpg', '강아지', '강아지 간식', '캔/파우치', 100, NULL, 100),
	(320, '퍼피프랜드 헬로도기 수제조각캔 독한맛 강아지 애견 간식 캔 375g 400g 대용량', 1000, '헬로도기', '펫더맨', NULL, 0, 'https://shopping-phinf.pstatic.net/main_8203690/82036900097.1.jpg', '강아지', '강아지 간식', '캔/파우치', 100, NULL, 100),
	(321, '강아지 츄르 설레개 20P 노령견 간식 러비츄21P 설래개', 1100, '', '펫더맨', NULL, 0, 'https://shopping-phinf.pstatic.net/main_8232916/82329167923.3.jpg', '강아지', '강아지 간식', '캔/파우치', 99, NULL, 101),
	(322, '시저 강아지캔 11세 14세이상 100g 12개', 18000, '시저', 'MARS PETCARE', NULL, 0, 'https://shopping-phinf.pstatic.net/main_8077937/80779370854.23.jpg', '강아지', '강아지 간식', '캔/파우치', 100, NULL, 100),
	(323, '내추럴독 청크 대용량캔 375g 대형견캔 대형견간식 통조림', 880, '', '케미텍코리아', NULL, 0, 'https://shopping-phinf.pstatic.net/main_1241245/12412457521.2.jpg', '강아지', '강아지 간식', '캔/파우치', 100, NULL, 100),
	(324, 'ANF 치킨야채 캔 95g', 930, 'ANF', 'ANF', NULL, 0, 'https://shopping-phinf.pstatic.net/main_1127690/11276905312.20191231185816.jpg', '강아지', '강아지 간식', '캔/파우치', 100, NULL, 100),
	(325, '미래생명자원 보호 피부피모 뉴트리냠냠 150g', 31000, '보호', '미래생명자원', NULL, 0, 'https://shopping-phinf.pstatic.net/main_2787523/27875239522.20210706121636.jpg', '강아지', '강아지 건강/관리용품', '영양제', 100, NULL, 100),
	(326, '본아페티 브레스캡스 강아지 기관지 영양제 60정', 21800, '본아페티', '', NULL, 0, 'https://shopping-phinf.pstatic.net/main_2806183/28061832522.20211111102449.jpg', '강아지', '강아지 건강/관리용품', '영양제', 100, NULL, 100),
	(327, '닥터바이 조인트 관절영양제 80g', 22960, '닥터바이', '', NULL, 0, 'https://shopping-phinf.pstatic.net/main_2088969/20889696952.20220326072851.jpg', '강아지', '강아지 건강/관리용품', '영양제', 100, NULL, 100),
	(328, '퓨어메라 강아지 기침 영양제 라온브레스 60g', 22620, '퓨어메라', '', NULL, 0, 'https://shopping-phinf.pstatic.net/main_2743896/27438968522.20210621143450.jpg', '강아지', '강아지 건강/관리용품', '영양제', 100, NULL, 100),
	(329, '닥터바이 아이즈 눈물자국 영양제', 23860, '닥터바이', '', NULL, 0, 'https://shopping-phinf.pstatic.net/main_2161384/21613842418.20220326072542.jpg', '강아지', '강아지 건강/관리용품', '영양제', 100, NULL, 100),
	(330, '퓨어메라 강아지 눈물자국 영양제 라온아이즈 60g', 27130, '퓨어메라', '', NULL, 0, 'https://shopping-phinf.pstatic.net/main_2870744/28707444554.20210904115940.jpg', '강아지', '강아지 건강/관리용품', '영양제', 100, NULL, 100),
	(331, '선바이오연구소 38.5 강아지 눈건강에 좋은 루테인 아스잔틴한스푼 60g', 24960, '38.5', '선바이오연구소', NULL, 0, 'https://shopping-phinf.pstatic.net/main_2920373/29203734619.20211012164416.jpg', '강아지', '강아지 건강/관리용품', '영양제', 100, NULL, 100),
	(332, '퓨어메라 강아지 치주염 영양제 라온덴탈 60g', 27060, '퓨어메라', '', NULL, 0, 'https://shopping-phinf.pstatic.net/main_2796670/27966701529.20210712182028.jpg', '강아지', '강아지 건강/관리용품', '영양제', 100, NULL, 100),
	(333, '닥터바이 브레스 강아지 기침 기관지 협착증 영양제 호흡기 켁켁거림 특허소재 보조제', 27900, '닥터바이', '펫원', NULL, 0, 'https://shopping-phinf.pstatic.net/main_8333917/83339174174.4.jpg', '강아지', '강아지 건강/관리용품', '영양제', 100, NULL, 100),
	(334, '선바이오연구소 리브펫 강아지 고양이 아이즈 눈물영양제 60g', 28000, '리브펫', '선바이오연구소', NULL, 0, 'https://shopping-phinf.pstatic.net/main_2945557/29455575618.20220126191526.jpg', '강아지/고양이', '강아지 건강/관리용품', '영양제', 100, NULL, 100),
	(335, '본아페티 하트캡스 강아지 심장 영양제 60정', 21800, '본아페티', '', NULL, 0, 'https://shopping-phinf.pstatic.net/main_2789146/27891467522.20220321203435.jpg', '강아지', '강아지 건강/관리용품', '영양제', 100, NULL, 100),
	(336, '아이슬란딕 헤링 오메가3 영양제 250ml', 38200, '', '', NULL, 0, 'https://shopping-phinf.pstatic.net/main_2810660/28106601522.20210722095121.jpg', '강아지', '강아지 건강/관리용품', '영양제', 100, NULL, 100),
	(337, '헤파카디오 Q10 심장 보조제 영양제 강아지 고양이 60정', 29000, '', '', NULL, 0, 'https://shopping-phinf.pstatic.net/main_8027464/80274642229.7.jpg', '강아지/고양이', '강아지 건강/관리용품', '영양제', 100, NULL, 100),
	(338, '사메탑 60정 강아지 고양이 간 보조제 영양제', 39000, '', '', NULL, 0, 'https://shopping-phinf.pstatic.net/main_8016670/80166708387.10.jpg', '강아지/고양이', '강아지 건강/관리용품', '영양제', 100, NULL, 100),
	(339, '아이앤지메딕스 퓨어메라 강아지 심장 영양제 라온하트 60g', 27890, '퓨어메라', '아이앤지메딕스', NULL, 0, 'https://shopping-phinf.pstatic.net/main_3059051/30590519618.20220118170150.jpg', '강아지', '강아지 건강/관리용품', '영양제', 100, NULL, 100),
	(340, '벳플러스 액티베이트 소형견용 60캡슐', 35940, '벳플러스', '', NULL, 0, 'https://shopping-phinf.pstatic.net/main_2473992/24739927526.20201106142621.jpg', '강아지', '강아지 건강/관리용품', '영양제', 100, NULL, 100),
	(341, '베츠 닥터퓌레 조인트케어 강아지 관절영양제 30P', 29960, '베츠', '베츠', NULL, 0, 'https://shopping-phinf.pstatic.net/main_2757005/27570054522.20210614151012.jpg', '강아지', '강아지 건강/관리용품', '영양제', 100, NULL, 100),
	(342, '벳플러스 사이노퀸 30캡슐 소형견 관절보호제', 17440, '벳플러스', '', NULL, 0, 'https://shopping-phinf.pstatic.net/main_2473984/24739846524.20201106142444.jpg', '강아지', '강아지 건강/관리용품', '영양제', 100, NULL, 100),
	(343, '본아페티 조인트캡스 강아지 슬개골 관절 영양제 60정', 21800, '본아페티', '', NULL, 0, 'https://shopping-phinf.pstatic.net/main_2777773/27777736522.20220322142046.jpg', '강아지', '강아지 건강/관리용품', '영양제', 100, NULL, 100),
	(344, '이지알엠 저온압착 오메가3 피부영양제', 34900, '이지알엠', '', NULL, 0, 'https://shopping-phinf.pstatic.net/main_2798018/27980189522.20210713093354.jpg', '강아지', '강아지 건강/관리용품', '영양제', 100, NULL, 100),
	(345, '베토퀴놀 아조딜 영양제 90캡슐', 76000, '', '베토퀴놀', NULL, 0, 'https://shopping-phinf.pstatic.net/main_1299609/12996095462.20171215142623.jpg', '강아지', '강아지 건강/관리용품', '영양제', 100, NULL, 100),
	(346, '퓨어메라 관절 영양제 라온 조인트 60g', 27780, '퓨어메라', '', NULL, 0, 'https://shopping-phinf.pstatic.net/main_2749263/27492631522.20210621143831.jpg', '강아지', '강아지 건강/관리용품', '영양제', 100, NULL, 100),
	(347, '닥터바이레날 반려견 신장 방광 요로 영양제 전연령 애견 강아지 특허소재 영양제', 27900, '닥터바이', '펫원', NULL, 0, 'https://shopping-phinf.pstatic.net/main_8285647/82856472766.5.jpg', '강아지', '강아지 건강/관리용품', '영양제', 100, NULL, 100),
	(348, '사이노퀸 시노퀸 소형견 강아지 관절영양제 90 캡슐 / 타블렛 Synoquin EFA', 56900, '', '', NULL, 0, 'https://shopping-phinf.pstatic.net/main_8043590/80435902273.9.jpg', '강아지', '강아지 건강/관리용품', '영양제', 100, NULL, 100),
	(349, '우리가제약 강아지 비타민 영양제 360정 3개월', 37000, '펫튼', '우리가제약', NULL, 0, 'https://shopping-phinf.pstatic.net/main_1049663/10496639126.4.jpg', '강아지', '강아지 건강/관리용품', '영양제', 100, NULL, 100),
	(350, '선바이오연구소 리브펫 조인트 강아지 고양이 관절영양제 60g', 25000, '리브펫', '선바이오연구소', NULL, 0, 'https://shopping-phinf.pstatic.net/main_2777661/27776611522.20220126191134.jpg', '강아지/고양이', '강아지 건강/관리용품', '영양제', 100, NULL, 100),
	(351, '마이펫닥터 강아지눈물 눈꼽 백내장 영양제 모닉아이즈 60g', 39210, '마이펫닥터', '', NULL, 0, 'https://shopping-phinf.pstatic.net/main_1302148/13021480859.20220323101015.jpg', '강아지', '강아지 건강/관리용품', '영양제', 100, NULL, 100),
	(352, '강아지 특허 심장 면역 기침 기관지협착 호흡기 영양제 닥터바이하트업', 23900, '닥터바이', '', NULL, 0, 'https://shopping-phinf.pstatic.net/main_8254829/82548299036.10.jpg', '강아지', '강아지 건강/관리용품', '영양제', 100, NULL, 100),
	(353, '우리가제약 강아지 심장 영양제 360 정', 39000, '펫튼', '우리가제약', NULL, 0, 'https://shopping-phinf.pstatic.net/main_1118692/11186922305.1.jpg', '강아지', '강아지 건강/관리용품', '영양제', 100, NULL, 100),
	(354, '강아지 고양이 바르는 심장사상충약 기생충 회충 넥스가드 애드보킷 하트가드 대용', 7400, '필루', '필루', NULL, 0, 'https://shopping-phinf.pstatic.net/main_8258394/82583947064.jpg', '강아지/고양이', '강아지 건강/관리용품', '영양제', 100, NULL, 100),
	(355, '강아지 관절영양제 슬개골 연골 관절약 리얼보스웰리아 60일분', 25350, '퍼센트퍼센트', '에이티바이오', NULL, 0, 'https://shopping-phinf.pstatic.net/main_8287126/82871266760.11.jpg', '강아지', '강아지 건강/관리용품', '영양제', 100, NULL, 100),
	(356, '엔케이365 강아지 영양제 이뮨플러스 펫 면역 관절 식욕증진 아가리쿠스버섯 1개월 30정', 60000, 'NK365', '', NULL, 0, 'https://shopping-phinf.pstatic.net/main_8341292/83412925234.3.jpg', '강아지', '강아지 건강/관리용품', '영양제', 100, NULL, 100),
	(357, '사메탑 영양제 60정', 38390, '', '', NULL, 0, 'https://shopping-phinf.pstatic.net/main_1299650/12996507503.20171215145429.jpg', '강아지', '강아지 건강/관리용품', '영양제', 100, NULL, 100),
	(358, '안티놀 래피드 강아지 관절 영양제 180정', 128800, '', '', NULL, 0, 'https://shopping-phinf.pstatic.net/main_8359969/83599699524.jpg', '강아지', '강아지 건강/관리용품', '영양제', 100, NULL, 100),
	(359, '우리가제약 강아지 면역 영양제 360정 3개월', 39000, '펫튼', '우리가제약', NULL, 0, 'https://shopping-phinf.pstatic.net/main_1118259/11182598509.2.jpg', '강아지', '강아지 건강/관리용품', '영양제', 100, NULL, 100),
	(360, '마이펫닥터 강아지기침 감기 호흡기 영양제 노하브레스 60g', 47100, '마이펫닥터', '', NULL, 0, 'https://shopping-phinf.pstatic.net/main_1298852/12988529060.20220323100018.jpg', '강아지', '강아지 건강/관리용품', '영양제', 100, NULL, 100),
	(361, '액티베이트 벳플러스 소형견 60정 반려견 반려묘 강아지 고양이 영양제', 29900, '벳플러스', '', NULL, 0, 'https://shopping-phinf.pstatic.net/main_8397343/83973431720.1.jpg', '강아지/고양이', '강아지 건강/관리용품', '영양제', 100, NULL, 100),
	(362, '[즉시배송]MAGNETA mini(마그네타 미니) - 반려동물용 항산화 영양제', 41500, '닥터레이', '', NULL, 0, 'https://shopping-phinf.pstatic.net/main_8284852/82848522986.jpg', '강아지', '강아지 건강/관리용품', '영양제', 100, NULL, 100),
	(363, '우리가제약 강아지 관절 영양제 슬개골탈구 관절염 360 정 3개월', 38000, '펫튼', '우리가제약', NULL, 0, 'https://shopping-phinf.pstatic.net/main_1118680/11186805980.1.jpg', '강아지', '강아지 건강/관리용품', '영양제', 100, NULL, 100),
	(364, '강아지 올인원 종합영양제 조하이젠 60g 기관지 눈물 관절 피모 슬개골탈구', 27400, '', '', NULL, 0, 'https://shopping-phinf.pstatic.net/main_8361543/83615432641.jpg', '강아지', '강아지 건강/관리용품', '영양제', 100, NULL, 100),
	(365, '강아지심장영양제 노견 면역력 심장병예방 강아지영양제 100g 댕이수랏간 침향 심장튼튼', 25700, '', '', NULL, 0, 'https://shopping-phinf.pstatic.net/main_8373330/83733305405.4.jpg', '강아지', '강아지 건강/관리용품', '영양제', 100, NULL, 100),
	(366, '붉은눈물자국 리티어신 30ml', 27400, '', '', NULL, 0, 'https://shopping-phinf.pstatic.net/main_3036390/30363907618.20211230102256.jpg', '강아지', '강아지 건강/관리용품', '영양제', 100, NULL, 100),
	(367, '닥터바이 초유단백질 강아지 면역력 애견 산양유 펫밀크 노령견 영양제', 27900, '닥터바이', '펫원', NULL, 0, 'https://shopping-phinf.pstatic.net/main_8310379/83103794233.jpg', '강아지', '강아지 건강/관리용품', '영양제', 100, NULL, 100),
	(368, '강츄조인트 강아지 고양이 애견 반려견 반려동물 관절영양제 관절 약 슬개골 쓸개골 탈구 고관절 연골 디스크 관절염 관절보조제', 29500, '엘로스바이오', '에이티바이오', NULL, 0, 'https://shopping-phinf.pstatic.net/main_8232096/82320966353.3.jpg', '강아지/고양이', '강아지 건강/관리용품', '영양제', 100, NULL, 100),
	(369, '닥터바이 조인트 강아지관절영양제 3세트', 59700, '닥터바이', '', NULL, 0, 'https://shopping-phinf.pstatic.net/main_8236531/82365314130.5.jpg', '강아지', '강아지 건강/관리용품', '영양제', 100, NULL, 100),
	(370, '버박 뉴트리플러스겔 영양제 120.5g', 11400, '버박', '버박', NULL, 0, 'https://shopping-phinf.pstatic.net/main_1302219/13022198622.20171218121806.jpg', '강아지', '강아지 건강/관리용품', '영양제', 100, NULL, 100),
	(371, '우리가제약 강아지 장 영양제 360 정', 37000, '펫튼', '우리가제약', NULL, 0, 'https://shopping-phinf.pstatic.net/main_1118682/11186827305.1.jpg', '강아지', '강아지 건강/관리용품', '영양제', 100, NULL, 100),
	(372, '보호 영양제 세트 강아지 관절/눈/피부 뉴트리냠냠', 79800, '보호', '미래생명자원', NULL, 0, 'https://shopping-phinf.pstatic.net/main_8324807/83248073961.jpg', '강아지', '강아지 건강/관리용품', '영양제', 100, NULL, 100),
	(373, '강아지 키드너리 혈뇨 결석 방광염 신장영양제 2+1이벤트', 49000, '', '', NULL, 0, 'https://shopping-phinf.pstatic.net/main_8242680/82426800639.2.jpg', '강아지', '강아지 건강/관리용품', '영양제', 100, NULL, 100),
	(374, '강아지눈영양제 반려견 애견 강아지눈물영양제 100g 댕이수랏간 침향 눈물뚝', 25700, '', '', NULL, 0, 'https://shopping-phinf.pstatic.net/main_8373331/83733314073.3.jpg', '강아지', '강아지 건강/관리용품', '영양제', 100, NULL, 100),
	(375, '바우와우 치킨집 쿠키 애견스낵', 3580, '바우와우', '바우와우', NULL, 0, 'https://shopping-phinf.pstatic.net/main_1441883/14418833498.20180530141722.jpg', '강아지', '강아지 간식', '비스킷/스낵', 100, NULL, 100),
	(376, '우유 자일리톨 애견 스낵 220g 1p 비스킷 보상간식', 5840, '', '', NULL, 0, 'https://shopping-phinf.pstatic.net/main_2940275/29402755226.jpg', '강아지', '강아지 간식', '비스킷/스낵', 100, NULL, 100),
	(377, '노리밥 강아지 스낵 비스킷 블루베리 치즈 300g', 7900, '', '', NULL, 0, 'https://shopping-phinf.pstatic.net/main_8289044/82890447888.jpg', '강아지', '강아지 간식', '비스킷/스낵', 100, NULL, 100),
	(378, '강아지 과자 수수까까 저칼로리 알러지 야채 뻥튀기 간식 3종', 3500, '', '', NULL, 0, 'https://shopping-phinf.pstatic.net/main_8350437/83504372353.4.jpg', '강아지', '강아지 간식', '비스킷/스낵', 100, NULL, 100),
	(379, '비스켓 40g 강아지 스낵 반려동물 간식 생활 건강', 3452, '', '', NULL, 0, 'https://shopping-phinf.pstatic.net/main_3135559/31355598235.jpg', '강아지', '강아지 간식', '비스킷/스낵', 100, NULL, 100),
	(380, '네츄럴코어 강아지 스낵 트릿 쿠키 멍쵸 60g  참치', 1200, '네츄럴코어', '', NULL, 0, 'https://shopping-phinf.pstatic.net/main_2776504/27765046823.1.jpg', '강아지', '강아지 간식', '비스킷/스낵', 100, NULL, 100),
	(381, '소형견 훈련용 비스켓 치아건강 밀크 2개 강아지스낵', 9400, '', '', NULL, 0, 'https://shopping-phinf.pstatic.net/main_8257400/82574008811.jpg', '강아지', '강아지 간식', '비스킷/스낵', 100, NULL, 100),
	(382, '네츄럴코어 강아지 스낵 모음전 헬로쿠키 올리고칩 크래커 노즈워크 훈련간식', 650, '네츄럴코어', '네츄럴코어', NULL, 0, 'https://shopping-phinf.pstatic.net/main_8279233/82792334420.1.jpg', '강아지', '강아지 간식', '비스킷/스낵', 100, NULL, 100),
	(383, '[풀무원] 블루베리 기능성간식 강아지스낵(눈물자국)100g', 11500, '풀무원', '', NULL, 0, 'https://shopping-phinf.pstatic.net/main_3170648/31706480335.jpg', '강아지', '강아지 간식', '비스킷/스낵', 100, NULL, 100),
	(384, '반려견간식 강아지비스킷 고단백 애견스낵 건조 건식', 3270, '', '', NULL, 0, 'https://shopping-phinf.pstatic.net/main_3163831/31638316510.jpg', '강아지', '강아지 간식', '비스킷/스낵', 100, NULL, 100),
	(385, '강아지비스킷 애견스낵 강아지과자 딸기치즈', 6630, '', '', NULL, 0, 'https://shopping-phinf.pstatic.net/main_3161746/31617460388.jpg', '강아지', '강아지 간식', '비스킷/스낵', 100, NULL, 100),
	(386, '뉴버디 강아지 비스켓 애견스낵 트레이닝간식 12봉', 6920, '', '', NULL, 0, 'https://shopping-phinf.pstatic.net/main_2912864/29128647834.jpg', '강아지', '강아지 간식', '비스킷/스낵', 100, NULL, 100),
	(388, '강아지 스낵 과자 쿠키 바나나 120g 허니 버터링', 2910, '', '', NULL, 0, 'https://shopping-phinf.pstatic.net/main_3113214/31132144834.1.jpg', '강아지', '강아지 간식', '비스킷/스낵', 100, NULL, 100),
	(389, '굿프랜드 강아지 훈련용 간식 치킨맛 220g 2개 강아지스낵 과자', 9180, '굿프렌드', '굿프렌드', NULL, 0, 'https://shopping-phinf.pstatic.net/main_3146457/31464575530.jpg', '강아지', '강아지 간식', '비스킷/스낵', 100, NULL, 100),
	(390, '애견 강아지 스낵 비스킷 바나나맛 비스켓 220gx3개', 8570, '', '', NULL, 0, 'https://shopping-phinf.pstatic.net/main_8408823/84088239579.jpg', '강아지', '강아지 간식', '비스킷/스낵', 100, NULL, 100),
	(391, '애견 스낵볼 간식 스타마크 민츠 훈련 간식 156g', 5770, '코로나', '코로나', NULL, 0, 'https://shopping-phinf.pstatic.net/main_8408876/84088760779.jpg', '강아지', '강아지 간식', '비스킷/스낵', 100, NULL, 100),
	(394, '치와와 면역력향상 비타민보충 디저트캔디 강아지스낵', 7830, '', '', NULL, 0, 'https://shopping-phinf.pstatic.net/main_3179343/31793433903.jpg', '강아지', '강아지 간식', '비스킷/스낵', 100, NULL, 100),
	(395, '식욕부진강쥐 소고기향 과자 2개 강아지스낵 애견과자', 8260, '', '', NULL, 0, 'https://shopping-phinf.pstatic.net/main_3179373/31793731077.jpg', '강아지', '강아지 간식', '비스킷/스낵', 100, NULL, 100),
	(396, '강아지 변냄새 간식 단호박 45g 12개 애견과자 애완견스낵', 17600, '', '', NULL, 0, 'https://shopping-phinf.pstatic.net/main_3179096/31790966517.jpg', '강아지', '강아지 간식', '비스킷/스낵', 100, NULL, 100),
	(397, '펫슐랭 덴탈 바게트 200g - 관절체중 애견스낵 간식 애완견 디저트', 12790, '', '', NULL, 0, 'https://shopping-phinf.pstatic.net/main_3179231/31792312673.jpg', '강아지', '강아지 간식', '비스킷/스낵', 100, NULL, 100),
	(398, '묽은변 개선 고구마 애견스낵 250g 3개 애견비스켓', 20000, '더키코', '더키코', NULL, 0, 'https://shopping-phinf.pstatic.net/main_3179023/31790233670.jpg', '강아지', '강아지 간식', '비스킷/스낵', 100, NULL, 100),
	(399, '6개 코인 100g 연어 강아지스낵 강아지쿠키 애견과자', 20400, '', '대성물산', NULL, 0, 'https://shopping-phinf.pstatic.net/main_3179046/31790460803.jpg', '강아지', '강아지 간식', '비스킷/스낵', 100, NULL, 100),
	(400, '강아지 노즈워크 간식 요구르트 5개 애완견스낵', 15500, 'OSSION', '', NULL, 0, 'https://shopping-phinf.pstatic.net/main_3178987/31789878317.jpg', '강아지', '강아지 간식', '비스킷/스낵', 100, NULL, 100),
	(401, '미니볼 더블트릿 5개 강아지스낵 강아지과자 강아지비스켓', 13700, '코코브라운', '코코브라운', NULL, 0, 'https://shopping-phinf.pstatic.net/main_3179013/31790136861.jpg', '강아지', '강아지 간식', '비스킷/스낵', 100, NULL, 100),
	(402, '6개 미니볼 100g 소고기 강아지비스켓 강아지쿠키 강아지스낵', 20700, '', '대성물산', NULL, 0, 'https://shopping-phinf.pstatic.net/main_3179011/31790117179.jpg', '강아지', '강아지 간식', '비스킷/스낵', 100, NULL, 100),
	(403, '6개 애견간식 강아지비스켓 바나나 강아지스낵', 58600, '펫데이즈', '펫데이즈', NULL, 0, 'https://shopping-phinf.pstatic.net/main_3179021/31790213337.jpg', '강아지', '강아지 간식', '비스킷/스낵', 100, NULL, 100),
	(404, '코인 100g 연어 5개 강아지비스켓 강아지스낵', 18000, '', '대성물산', NULL, 0, 'https://shopping-phinf.pstatic.net/main_3178776/31787766092.jpg', '강아지', '강아지 간식', '비스킷/스낵', 100, NULL, 100),
	(405, '당근 45g 7개 강아지쿠키 애완견스낵 강아지간식', 14100, '', '', NULL, 0, 'https://shopping-phinf.pstatic.net/main_3178719/31787194969.jpg', '강아지', '강아지 간식', '비스킷/스낵', 100, NULL, 100),
	(406, '강아지 영양간식 고구마 블루베리 5개 강아지스낵 강아지쿠키', 22800, '', '', NULL, 0, 'https://shopping-phinf.pstatic.net/main_3178846/31788465085.jpg', '강아지', '강아지 간식', '비스킷/스낵', 100, NULL, 100),
	(407, '고구마 45g 7개 애견비스켓 강아지간식 강아지스낵', 13000, '', '', NULL, 0, 'https://shopping-phinf.pstatic.net/main_3178706/31787062512.jpg', '강아지', '강아지 간식', '비스킷/스낵', 100, NULL, 100),
	(408, '강아지훈련용간식 시금치 2개 강아지과자 강아지스낵', 18000, '', '', NULL, 0, 'https://shopping-phinf.pstatic.net/main_3178715/31787154149.jpg', '강아지', '강아지 간식', '비스킷/스낵', 100, NULL, 100),
	(409, '강아지 변냄새 간식 고구마 45g 12개 애견과자 애완견스낵', 14200, '', '', NULL, 0, 'https://shopping-phinf.pstatic.net/main_3178604/31786041366.jpg', '강아지', '강아지 간식', '비스킷/스낵', 100, NULL, 100),
	(410, '코인 100g 초유 5개 애견간식 강아지스낵 애견비스켓', 18000, '', '대성물산', NULL, 0, 'https://shopping-phinf.pstatic.net/main_3178607/31786076310.jpg', '강아지', '강아지 간식', '비스킷/스낵', 100, NULL, 100),
	(411, '6개 미니볼 100g 더블트릿 애견비스켓 강아지비스켓 강아지스낵', 19100, '', '대성물산', NULL, 0, 'https://shopping-phinf.pstatic.net/main_3178673/31786738965.jpg', '강아지', '강아지 간식', '비스킷/스낵', 100, NULL, 100),
	(412, '강아지 과자 관절간식 5개 강아지스낵 애완견스낵', 19900, '', '', NULL, 0, 'https://shopping-phinf.pstatic.net/main_3178479/31784790526.jpg', '강아지', '강아지 간식', '비스킷/스낵', 100, NULL, 100),
	(413, '강아지 영양간식 크루아상 플레인 100g 5개 애완견스낵', 24600, '바우와우', '바우와우', NULL, 0, 'https://shopping-phinf.pstatic.net/main_3178962/31789622552.jpg', '강아지', '강아지 간식', '비스킷/스낵', 100, NULL, 100),
	(414, '강아지 노즈워크 간식 치즈딸기 5개 애완견스낵 애견비스켓', 17700, '', '', NULL, 0, 'https://shopping-phinf.pstatic.net/main_3178485/31784850551.jpg', '강아지', '강아지 간식', '비스킷/스낵', 100, NULL, 100),
	(415, '강아지 변냄새 간식 고구마 45g 12개 강아지과자 강아지스낵', 16000, '', '', NULL, 0, 'https://shopping-phinf.pstatic.net/main_3178574/31785746226.jpg', '강아지', '강아지 간식', '비스킷/스낵', 100, NULL, 100),
	(416, '강아지 노즈워크 간식 단호박 5개 강아지스낵 애견비스켓', 16100, '', '', NULL, 0, 'https://shopping-phinf.pstatic.net/main_3178404/31784045008.jpg', '강아지', '강아지 간식', '비스킷/스낵', 100, NULL, 100),
	(417, '당근 45g 7개 강아지간식종류 강아지쿠키 강아지스낵', 13500, '', '', NULL, 0, 'https://shopping-phinf.pstatic.net/main_3178437/31784376786.jpg', '강아지', '강아지 간식', '비스킷/스낵', 100, NULL, 100),
	(418, '애견쿠키 당근맛 5개 애완견스낵 강아지스낵', 5600, '더키코', '더키코', NULL, 0, 'https://shopping-phinf.pstatic.net/main_3178439/31784398163.jpg', '강아지', '강아지 간식', '비스킷/스낵', 100, NULL, 100),
	(419, '강아지 노즈워크 간식 단호박맛 12개 강아지스낵 강아지비스켓', 17200, '', '', NULL, 0, 'https://shopping-phinf.pstatic.net/main_3178466/31784661018.jpg', '강아지', '강아지 간식', '비스킷/스낵', 100, NULL, 100),
	(420, '강아지 노즈워크 간식 자색고구마 5개 강아지스낵 애견과자', 15500, '', '', NULL, 0, 'https://shopping-phinf.pstatic.net/main_3178361/31783615693.jpg', '강아지', '강아지 간식', '비스킷/스낵', 100, NULL, 100),
	(421, '강아지 노즈워크 간식 바나나 5개 강아지간식종류 애완견스낵', 16100, '', '', NULL, 0, 'https://shopping-phinf.pstatic.net/main_3178304/31783041655.jpg', '강아지', '강아지 간식', '비스킷/스낵', 100, NULL, 100),
	(422, '강아지 델리소 맛있는 간식들 100g 애견 트릿 스틱 간식', 1800, '', '', NULL, 0, 'https://shopping-phinf.pstatic.net/main_8363067/83630676437.jpg', '강아지', '강아지 간식', '트릿/스틱', 100, NULL, 100),
	(423, '진수성찬 버거 100g 강아지간식 트릿 스틱 애견식품', 96305, '', '', NULL, 0, 'https://shopping-phinf.pstatic.net/main_3135584/31355841896.jpg', '강아지', '강아지 간식', '트릿/스틱', 100, NULL, 100),
	(424, '애견간식 닥터펫 200g(통) 강아지간식 트릿 스틱 저키', 8602, '', '', NULL, 0, 'https://shopping-phinf.pstatic.net/main_3135589/31355898794.jpg', '강아지', '강아지 간식', '트릿/스틱', 100, NULL, 100),
	(425, '진수성찬 버거 100g 애견간식 강아지간식 트릿 스틱', 25432, '', '', NULL, 0, 'https://shopping-phinf.pstatic.net/main_3135578/31355782396.jpg', '강아지', '강아지 간식', '트릿/스틱', 100, NULL, 100),
	(426, '애견간식(300g) 오리슬라이스 강아지영양식 트릿 스틱', 5570, '', '', NULL, 0, 'https://shopping-phinf.pstatic.net/main_8408876/84088767871.jpg', '강아지', '강아지 간식', '트릿/스틱', 100, NULL, 100),
	(427, '한우 불리스틱 1p (초소형) 강아지간식 트릿 스틱', 2570, '', '', NULL, 0, 'https://shopping-phinf.pstatic.net/main_3139681/31396816852.jpg', '강아지', '강아지 간식', '트릿/스틱', 100, NULL, 100),
	(428, '애견 강아지 간식 트릿 스틱 모이스트 치즈버거 100g', 3070, '', '', NULL, 0, 'https://shopping-phinf.pstatic.net/main_8408802/84088020311.jpg', '강아지', '강아지 간식', '트릿/스틱', 100, NULL, 100),
	(429, '허그 400g 강아지 간식 트릿 스틱', 7060, '', '', NULL, 0, 'https://shopping-phinf.pstatic.net/main_8408531/84085318874.jpg', '강아지', '강아지 간식', '트릿/스틱', 100, NULL, 100),
	(430, '한우 불리스틱 1p (소형) 강아지간식 트릿 스틱', 9060, '', '', NULL, 0, 'https://shopping-phinf.pstatic.net/main_3177952/31779524763.jpg', '강아지', '강아지 간식', '트릿/스틱', 100, NULL, 100),
	(431, '치즈 - 진수성찬 버거 100g 강아지간식 트릿 스틱 애견식품', 73310, '', '', NULL, 0, 'https://shopping-phinf.pstatic.net/main_3169225/31692252681.jpg', '강아지', '강아지 간식', '트릿/스틱', 100, NULL, 100),
	(432, '콤보 - 진수성찬 버거 100g 강아지간식 트릿 스틱 애견식품', 73310, '', '', NULL, 0, 'https://shopping-phinf.pstatic.net/main_3169227/31692272964.jpg', '강아지', '강아지 간식', '트릿/스틱', 100, NULL, 100),
	(433, '허그 400g 강아지 간식 트릿 스틱 애완견 저키 용품', 6910, '', '', NULL, 0, 'https://shopping-phinf.pstatic.net/main_3163694/31636942251.jpg', '강아지', '강아지 간식', '트릿/스틱', 100, NULL, 100),
	(434, '[JS] 진수성찬 버거 100g 애견간식 강아지간식 트릿 스틱', 21360, '', '', NULL, 0, 'https://shopping-phinf.pstatic.net/main_8403932/84039322980.jpg', '강아지', '강아지 간식', '트릿/스틱', 100, NULL, 100),
	(435, '허그 400g 강아지 간식 트릿 스틱 용품 애견식품 애완견', 9170, '', '', NULL, 0, 'https://shopping-phinf.pstatic.net/main_3157761/31577616765.jpg', '강아지', '강아지 간식', '트릿/스틱', 100, NULL, 100),
	(436, '허그 400g 강아지 간식 트릿 스틱 반려견 식품 애', 9300, '', '', NULL, 0, 'https://shopping-phinf.pstatic.net/main_3157697/31576977112.jpg', '강아지', '강아지 간식', '트릿/스틱', 100, NULL, 100),
	(437, '불리 (소형) 한우 강아지간식 트릿 스틱 1p', 5650, '', '', NULL, 0, 'https://shopping-phinf.pstatic.net/main_8403318/84033185910.jpg', '강아지', '강아지 간식', '트릿/스틱', 100, NULL, 100),
	(438, '[BS] 진수성찬 버거 100g 애견간식 강아지간식 트릿 스틱', 23470, '', '', NULL, 0, 'https://shopping-phinf.pstatic.net/main_3156640/31566407131.jpg', '강아지', '강아지 간식', '트릿/스틱', 100, NULL, 100),
	(439, '리리펫 강아지 우드 스틱 이갈이 장난감 커피츄 개껌', 4200, '리리펫', '', NULL, 0, 'https://shopping-phinf.pstatic.net/main_2986153/29861536784.20211127234804.jpg', '강아지', '용품', '장난감/토이', 100, NULL, 100),
	(440, '강아지 장난감 터그놀이 공 이갈이 삑삑이 라텍스', 990, '', '', NULL, 0, 'https://shopping-phinf.pstatic.net/main_8345948/83459485613.1.jpg', '강아지', '용품', '장난감/토이', 100, NULL, 100),
	(441, '소리나는 향기 갈비봉 새끼강아지 장난감 토이', 1930, '', '', NULL, 0, 'https://shopping-phinf.pstatic.net/main_2403068/24030686401.20200903224826.jpg', '강아지', '용품', '장난감/토이', 100, NULL, 100),
	(442, '말랑말랑 꽁치 빠스락 인형 1개 강아지 애견 장난감 토이', 4628, '', '', NULL, 0, 'https://shopping-phinf.pstatic.net/main_2887700/28877003336.20211223051714.jpg', '강아지', '용품', '장난감/토이', 100, NULL, 100),
	(443, '강아지 아기 새끼 대형견 애견 반려견 kong 콩 토이 클래식 워블러 간식 볼 장난감', 7000, '콩', '', NULL, 0, 'https://shopping-phinf.pstatic.net/main_8239467/82394674084.7.jpg', '강아지', '용품', '장난감/토이', 100, NULL, 100),
	(444, '스니프 강아지장난감 토이 흥미유발 펫토이 신디', 7200, '스니프', '', NULL, 0, 'https://shopping-phinf.pstatic.net/main_9668840/9668840645.jpg', '강아지', '용품', '장난감/토이', 100, NULL, 100),
	(445, 'JW 볼링핀 강아지 장난감 토이 대형 L', 5650, '', '', NULL, 0, 'https://shopping-phinf.pstatic.net/main_3004556/30045563963.20211212030941.jpg', '강아지', '용품', '장난감/토이', 100, NULL, 100),
	(446, '강아지장난감 토이 흥미유발 스니프 펫토이 후크 핸드', 7200, '스니프', '', NULL, 0, 'https://shopping-phinf.pstatic.net/main_9668801/9668801856.jpg', '강아지', '용품', '장난감/토이', 100, NULL, 100),
	(447, '강아지 장난감 토이 색상임의 애견 터그 놀이', 2800, '', '', NULL, 0, 'https://shopping-phinf.pstatic.net/main_2706280/27062801656.20210507182134.jpg', '강아지', '용품', '장난감/토이', 100, NULL, 100),
	(448, '보드미 컬러풀 실타래볼 랜덤 강아지 치석 애견 장난감 토이', 800, '', '', NULL, 0, 'https://shopping-phinf.pstatic.net/main_2908774/29087745171.20211003200832.jpg', '강아지', '용품', '장난감/토이', 100, NULL, 100),
	(449, '말랑말랑 슬리퍼 찍찍이 인형 1개 강아지 애견 장난감 토이', 6195, '', '', NULL, 0, 'https://shopping-phinf.pstatic.net/main_3028672/30286728080.20211225002038.jpg', '강아지', '용품', '장난감/토이', 100, NULL, 100),
	(450, 'ABM 애견 치실 볼 색상랜덤 강아지 장난감 토이', 1680, '', '', NULL, 0, 'https://shopping-phinf.pstatic.net/main_2404231/24042316640.20220328032228.jpg', '강아지', '용품', '장난감/토이', 100, NULL, 100),
	(451, '강아지장난감 펫토이 흥미유발 훈련장난감', 1000, '패리스독', '', NULL, 0, 'https://shopping-phinf.pstatic.net/main_1176538/11765381481.1.jpg', '강아지', '용품', '장난감/토이', 100, NULL, 100),
	(452, '스트레스 터그놀이 인형 돌고래 애견 장난감 토이', 9890, '', '', NULL, 0, 'https://shopping-phinf.pstatic.net/main_2408838/24088388980.20200909014424.jpg', '강아지', '용품', '장난감/토이', 100, NULL, 100),
	(453, 'JW 링모양 강아지 장난감 토이 대형 L', 5410, '', '', NULL, 0, 'https://shopping-phinf.pstatic.net/main_3003334/30033345606.20211211012354.jpg', '강아지', '용품', '장난감/토이', 100, NULL, 100),
	(454, '제이큐 노즈워크 지능발달 애견 강아지장난감 토이', 7910, '', '', NULL, 0, 'https://shopping-phinf.pstatic.net/main_2920540/29205409375.20211012190323.jpg', '강아지', '용품', '장난감/토이', 100, NULL, 100),
	(455, '강아지 장난감 콩 워블러 퍼피 씨니어 클래식 익스트림', 3980, '콩', '', NULL, 0, 'https://shopping-phinf.pstatic.net/main_8239639/82396392985.1.jpg', '강아지', '용품', '장난감/토이', 100, NULL, 100),
	(456, 'JW 곰모양 강아지 장난감 토이 소형 S', 5660, '', '', NULL, 0, 'https://shopping-phinf.pstatic.net/main_3004381/30043810279.20211212003111.jpg', '강아지', '용품', '장난감/토이', 100, NULL, 100),
	(457, 'JW 치킨모양 강아지 장난감 토이 소형 S', 8390, '', '', NULL, 0, 'https://shopping-phinf.pstatic.net/main_3027337/30273372082.20211224022647.jpg', '강아지', '용품', '장난감/토이', 100, NULL, 100),
	(458, '스쿼커 덴탈토이 강아지장난감 토이 훈련 반려동물', 3160, '', '', NULL, 0, 'https://shopping-phinf.pstatic.net/main_3091204/30912042718.20220213042432.jpg', '강아지', '용품', '장난감/토이', 100, NULL, 100),
	(459, '강아지 공놀이 애견 장난감 토이 삑삑이 세트 5p', 4850, '', '', NULL, 0, 'https://shopping-phinf.pstatic.net/main_3167778/31677785610.20220408184532.jpg', '강아지', '용품', '장난감/토이', 100, NULL, 100),
	(460, '펫토이 강아지완구 애견 장난감 토이 색상임의', 3470, '', '', NULL, 0, 'https://shopping-phinf.pstatic.net/main_3177043/31770434722.20220412133119.jpg', '강아지', '용품', '장난감/토이', 100, NULL, 100),
	(461, '블루하운드 스피너 도기 애견장난감 토이 본', 5000, '', '', NULL, 0, 'https://shopping-phinf.pstatic.net/main_3056504/30565048387.20220227023156.jpg', '강아지', '용품', '장난감/토이', 100, NULL, 100),
	(462, '강아지 장난감 토이 강아지훈련 반려동물 생활 건강', 1480, '', '', NULL, 0, 'https://shopping-phinf.pstatic.net/main_3172908/31729086530.20220412012019.jpg', '강아지', '용품', '장난감/토이', 100, NULL, 100),
	(463, '민트향 강아지 개껌 츄본 M 1P 애견 장난감 토이', 9880, '', '', NULL, 0, 'https://shopping-phinf.pstatic.net/main_2526366/25263668048.20201217211151.jpg', '강아지', '용품', '장난감/토이', 100, NULL, 100),
	(464, '4개 스트레스해소 삑삑 타이어 개 장난감 토이', 5770, '', '', NULL, 0, 'https://shopping-phinf.pstatic.net/main_3169038/31690383104.20220409114829.jpg', '강아지', '용품', '장난감/토이', 100, NULL, 100),
	(465, '강아지 간식놀이 개 장난감 토이 10개 펫장난감 노견', 9940, '', '', NULL, 0, 'https://shopping-phinf.pstatic.net/main_2978334/29783349181.20211122022527.jpg', '강아지', '용품', '장난감/토이', 100, NULL, 100),
	(466, '강아지반복 훈련용품 벨 애견장난감 토이 칭찬', 9370, '', '', NULL, 0, 'https://shopping-phinf.pstatic.net/main_3148655/31486558778.20220327023026.jpg', '강아지', '용품', '장난감/토이', 100, NULL, 100),
	(467, '말랑말랑 오징어 찍찍이 인형 1개 강아지 애견 장난감 토이', 7700, '', '', NULL, 0, 'https://shopping-phinf.pstatic.net/main_2638434/26384348123.20210316205726.jpg', '강아지', '용품', '장난감/토이', 100, NULL, 100),
	(468, '패리스독 강아지 장난감 토이 랜덤 흥미 즐거운 반려동물', 4270, '패리스독', '', NULL, 0, 'https://shopping-phinf.pstatic.net/main_3080724/30807241520.20220205015737.jpg', '강아지', '용품', '장난감/토이', 100, NULL, 100),
	(469, '치킨맛 애견 간식 M 1개 강아지 장난감 토이', 5640, '', '', NULL, 0, 'https://shopping-phinf.pstatic.net/main_2405592/24055929756.20200906031254.jpg', '강아지', '용품', '장난감/토이', 100, NULL, 100),
	(470, '애완동물 간식놀이 훈련 벨 강아지 애견 장난감 토이', 3700, '', '', NULL, 0, 'https://shopping-phinf.pstatic.net/main_2423920/24239200997.20200922181135.jpg', '강아지', '용품', '장난감/토이', 100, NULL, 100),
	(471, '강아지 간식놀이 봉제 개장난감 토이 대형견 노견 펫', 5530, '', '', NULL, 0, 'https://shopping-phinf.pstatic.net/main_3031798/30317986116.20211227222456.jpg', '강아지', '용품', '장난감/토이', 100, NULL, 100),
	(472, '강아지 간식놀이 봉제 개장난감 토이 노견 애완견 펫', 5530, '', '', NULL, 0, 'https://shopping-phinf.pstatic.net/main_2733430/27334309146.20210527214943.jpg', '강아지', '용품', '장난감/토이', 100, NULL, 100),
	(473, '강아지장난감 토이 롱 B타입 색상랜덤', 6390, '', '', NULL, 0, 'https://shopping-phinf.pstatic.net/main_2406390/24063906821.20200907015914.jpg', '강아지', '용품', '장난감/토이', 100, NULL, 100),
	(474, '강아지 교육용 노즈워크 지능개발 애견 장난감 토이', 28890, '', '', NULL, 0, 'https://shopping-phinf.pstatic.net/main_3039510/30395107490.20220103010157.jpg', '강아지', '용품', '장난감/토이', 100, NULL, 100),
	(475, '바닐라본소10cm1p 강아지장난감 반려견장난감 애견장난감 토이 애견 qxw2211da', 6370, '', '', NULL, 0, 'https://shopping-phinf.pstatic.net/main_3170156/31701563135.20220410071626.jpg', '강아지', '용품', '장난감/토이', 100, NULL, 100),
	(476, '간식삽입가능 애견장난감 토이 애견토이 강아지', 10010, '', '', NULL, 0, 'https://shopping-phinf.pstatic.net/main_2407041/24070414171.20200907180129.jpg', '강아지', '용품', '장난감/토이', 100, NULL, 100),
	(477, 'fab dog의 할로윈 alls Frankenstein 애견 장난감 토이', 37430, '', '', NULL, 0, 'https://shopping-phinf.pstatic.net/main_3022538/30225382001.20211220051300.jpg', '강아지', '용품', '장난감/토이', 100, NULL, 100),
	(478, '블리핏 강아지 장난감 애견 노즈워크 실타래 바스락 장난감', 90, '', '', NULL, 0, 'https://shopping-phinf.pstatic.net/main_8242642/82426423101.1.jpg', '강아지', '용품', '장난감/토이', 100, NULL, 100),
	(479, '강아지장난감 콩토이 콩클래식 콩워블러 설채현장난감', 7400, '콩', '', NULL, 0, 'https://shopping-phinf.pstatic.net/main_8334461/83344614398.6.jpg', '강아지', '용품', '장난감/토이', 100, NULL, 100),
	(480, '강아지삑삑이장난감 리얼 새우 토이 애견장난감 토이', 4000, '', '', NULL, 0, 'https://shopping-phinf.pstatic.net/main_2406476/24064762696.20200907043554.jpg', '강아지', '용품', '장난감/토이', 100, NULL, 100),
	(481, '말랑말랑 수박모양 삑삑이 애견 장난감 토이장난감', 3700, '', '', NULL, 0, 'https://shopping-phinf.pstatic.net/main_2724187/27241879774.20210522184037.jpg', '강아지', '용품', '장난감/토이', 100, NULL, 100),
	(482, '패리스독 비타민 간식놀이 강아지 장난감 토이', 4500, '패리스독', '', NULL, 0, 'https://shopping-phinf.pstatic.net/main_8358550/83585508710.jpg', '강아지', '용품', '장난감/토이', 100, NULL, 100),
	(483, '아이디어 상품 애견 간식 사출기 강아지 장난감 토이 트레이닝 머신', 20900, '', '', NULL, 0, 'https://shopping-phinf.pstatic.net/main_8303910/83039109257.jpg', '강아지', '용품', '장난감/토이', 100, NULL, 100),
	(484, '삑삑이공 국산 강아지 장난감 토이 고양이 뜨개 장난감공', 4000, '', '', NULL, 0, 'https://shopping-phinf.pstatic.net/main_8361065/83610657798.1.jpg', '고양이', '용품', '장난감/토이', 100, NULL, 100),
	(485, '두잉비잉 강아지 장난감 터그놀이 삑삑이 인형', 700, '', '', NULL, 0, 'https://shopping-phinf.pstatic.net/main_8369379/83693795330.jpg', '강아지', '용품', '장난감/토이', 100, NULL, 100),
	(486, 'ZippyPaws 강아지 장난감 토이 원반 터그', 13000, '지피포우즈', '지피포우즈', NULL, 0, 'https://shopping-phinf.pstatic.net/main_8365793/83657931665.jpg', '강아지', '용품', '장난감/토이', 100, NULL, 100),
	(487, '다온펫 강아지 고양이 목걸이 인식표 애견 이름표', 5900, '', '', NULL, 0, 'https://shopping-phinf.pstatic.net/main_1026199/10261994048.25.jpg', '강아지/고양이', '야외용품', '목걸이/인식표', 100, NULL, 100),
	(488, '유디케이 네임포네임 편안한 고양이 강아지 목걸이 인식표 03A119', 12800, '네임포네임', '유디케이', NULL, 0, 'https://shopping-phinf.pstatic.net/main_3058843/30588433618.20220118130503.jpg', '강아지/고양이', '야외용품', '목걸이/인식표', 100, NULL, 100),
	(489, '강아지 인식표 목걸이 후크형 외장칩', 7800, '꼬리펫', '', NULL, 0, 'https://shopping-phinf.pstatic.net/main_8275361/82753612581.1.jpg', '강아지', '야외용품', '목걸이/인식표', 100, NULL, 100),
	(490, '고양이목걸이 가죽 목줄 강아지 인식표', 14800, '꼬리펫', '', NULL, 0, 'https://shopping-phinf.pstatic.net/main_8084604/80846042836.2.jpg', '고양이', '야외용품', '목걸이/인식표', 100, NULL, 100),
	(491, '[꼬까연구소] 강아지 목걸이 인식표 커스텀 반려동물 이름표', 13700, '', '', NULL, 0, 'https://shopping-phinf.pstatic.net/main_8309523/83095231065.10.jpg', '강아지', '야외용품', '목걸이/인식표', 100, NULL, 100),
	(492, '강아지 고양이 목걸이 인식표 애견 이름표', 18500, '', '', NULL, 0, 'https://shopping-phinf.pstatic.net/main_8070586/80705868495.11.jpg', '강아지/고양이', '야외용품', '목걸이/인식표', 100, NULL, 100),
	(493, '펫츠룩 강아지 고양이 목걸이 인식표 이름표', 7900, '펫츠룩', '애드봉', NULL, 0, 'https://shopping-phinf.pstatic.net/main_9733799/9733799493.89.jpg', '강아지/고양이', '야외용품', '목걸이/인식표', 100, NULL, 100),
	(494, '2+1 강아지 인식표 목걸이 고양이 이름표 모모펫', 6900, '', '', NULL, 0, 'https://shopping-phinf.pstatic.net/main_8847005/8847005624.27.jpg', '고양이', '야외용품', '목걸이/인식표', 100, NULL, 100),
	(495, '강아지 목걸이 고양이 목걸이 인식표 진주목걸이 이름표', 15900, '', '', NULL, 0, 'https://shopping-phinf.pstatic.net/main_8318961/83189617844.23.jpg', '고양이', '야외용품', '목걸이/인식표', 100, NULL, 100),
	(496, '[ 오늘출발 ] 러브 강아지 인식표 강아지 목걸이', 21800, '커스트린', '', NULL, 0, 'https://shopping-phinf.pstatic.net/main_1249089/12490891866.4.jpg', '강아지', '야외용품', '목걸이/인식표', 100, NULL, 100),
	(497, '강아지 인식표 고양이 목걸이 이름표 써지컬스틸', 7900, '', '', NULL, 0, 'https://shopping-phinf.pstatic.net/main_8117387/81173878137.1.jpg', '고양이', '야외용품', '목걸이/인식표', 100, NULL, 100),
	(498, '손글씨 각인 천연가죽 (목걸이형) 강아지 목걸이 강아지 인식표 고양이목걸이', 13000, '', '', NULL, 0, 'https://shopping-phinf.pstatic.net/main_8127216/81272168135.1.jpg', '고양이', '야외용품', '목걸이/인식표', 100, NULL, 100),
	(499, '구바스 강아지 고양이 인식표 이름표 네임텍 목걸이', 6900, '', '', NULL, 0, 'https://shopping-phinf.pstatic.net/main_2406428/24064281348.20210406160737.jpg', '강아지/고양이', '야외용품', '목걸이/인식표', 100, NULL, 100),
	(500, '구바스 강아지 고양이 인식표 목걸이 애견 이름표', 12800, '구바스', '', NULL, 0, 'https://shopping-phinf.pstatic.net/main_2864193/28641932231.20210830192431.jpg', '강아지/고양이', '야외용품', '목걸이/인식표', 100, NULL, 100),
	(501, '코코방스 강아지 고양이 인식표 이름표 가죽각인 면목줄인식표 목걸이', 9850, '', '', NULL, 0, 'https://shopping-phinf.pstatic.net/main_8253221/82532210030.24.jpg', '강아지/고양이', '야외용품', '목걸이/인식표', 100, NULL, 100),
	(502, '[고리형] 써지컬펜던트 클래식 강아지 인식표 강아지 이름표', 18000, '', '', NULL, 0, 'https://shopping-phinf.pstatic.net/main_8337904/83379041925.jpg', '강아지', '야외용품', '목걸이/인식표', 100, NULL, 100),
	(503, '강아지 인식표 목걸이 이름표 후크형', 5900, '아띠지기', '', NULL, 0, 'https://shopping-phinf.pstatic.net/main_1342019/13420194084.jpg', '강아지', '야외용품', '목걸이/인식표', 100, NULL, 100),
	(504, '[비비펫] 천연가죽 강아지 고양이 목걸이 애견 인식표 이름표', 14900, '', '', NULL, 0, 'https://shopping-phinf.pstatic.net/main_8245607/82456072608.jpg', '강아지/고양이', '야외용품', '목걸이/인식표', 100, NULL, 100),
	(505, '[ALWAYS WITH] 강아지 인식표 목걸이 애견 이름표 반려견 네임택 실버 컬러 볼체인', 16900, '1013프로젝트', '', NULL, 0, 'https://shopping-phinf.pstatic.net/main_1271254/12712548366.4.jpg', '강아지', '야외용품', '목걸이/인식표', 100, NULL, 100),
	(506, '(영문전용) JUNE 천연가죽 강아지 목걸이 강아지 인식표 고양이 목걸이', 13000, '', '', NULL, 0, 'https://shopping-phinf.pstatic.net/main_8133617/81336176731.jpg', '고양이', '야외용품', '목걸이/인식표', 100, NULL, 100),
	(507, '퍼플하트 나무 강아지 목걸이 강아지 인식표 고양이 목걸이', 29000, '', '', NULL, 0, 'https://shopping-phinf.pstatic.net/main_8145292/81452924317.1.jpg', '고양이', '야외용품', '목걸이/인식표', 100, NULL, 100),
	(508, '유디케이 네임포네임 포핑 강아지 고양이 반려견 목걸이 인식표', 8800, '네임포네임', '유디케이', NULL, 0, 'https://shopping-phinf.pstatic.net/main_3159668/31596680627.20220408203438.jpg', '강아지/고양이', '야외용품', '목걸이/인식표', 100, NULL, 100),
	(509, '강아지인식표 고양이 이름표 반려견 반려묘 가벼운 애견 목걸이', 32300, '', '', NULL, 0, 'https://shopping-phinf.pstatic.net/main_3153893/31538933313.20220331011223.jpg', '강아지', '야외용품', '목걸이/인식표', 100, NULL, 100),
	(510, '강아지목걸이 고양이 인식표 써지컬스틸 체인목걸이', 9800, '꼬리펫', '', NULL, 0, 'https://shopping-phinf.pstatic.net/main_8300434/83004340730.jpg', '고양이', '야외용품', '목걸이/인식표', 100, NULL, 100),
	(511, '강아지 핸드 드로잉 목걸이 인식표 써지컬 스틸 펜던트', 15900, '', '', NULL, 0, 'https://shopping-phinf.pstatic.net/main_2767190/27671909299.20220306014532.jpg', '강아지', '야외용품', '목걸이/인식표', 100, NULL, 100),
	(512, '코코방스 강아지인식표 똑딱이 반려동물이름표 네임택', 6600, '', '', NULL, 0, 'https://shopping-phinf.pstatic.net/main_8242404/82424040871.5.jpg', '강아지', '야외용품', '목걸이/인식표', 100, NULL, 100),
	(513, '반려동물 강아지인식표 강아지목걸이 애견 이름표 개 네임택', 6500, '', '', NULL, 0, 'https://shopping-phinf.pstatic.net/main_8308283/83082830896.2.jpg', '강아지', '야외용품', '목걸이/인식표', 100, NULL, 100),
	(514, '클래식타입 인식표 모음 고양이 강아지 반려동물 목걸이 이름표', 12900, '', '', NULL, 0, 'https://shopping-phinf.pstatic.net/main_1025406/10254063729.13.jpg', '강아지/고양이', '야외용품', '목걸이/인식표', 100, NULL, 100),
	(515, 'NOMA 강아지인식표 목걸이 애견 꽃 이름표 네임택', 9900, '', '', NULL, 0, 'https://shopping-phinf.pstatic.net/main_8308779/83087791638.3.jpg', '강아지', '야외용품', '목걸이/인식표', 100, NULL, 100),
	(516, '써지컬스틸 체인 강아지 인식표 목걸이', 17600, '', '', NULL, 0, 'https://shopping-phinf.pstatic.net/main_8023260/80232605221.1.jpg', '강아지', '야외용품', '목걸이/인식표', 100, NULL, 100),
	(517, '반려견 목걸이 강아지 인식표', 12900, '꼬리펫', '', NULL, 0, 'https://shopping-phinf.pstatic.net/main_8283854/82838547824.jpg', '강아지', '야외용품', '목걸이/인식표', 100, NULL, 100),
	(518, '[고리형] 레인보우 써지컬펜던트 클래식 강아지 인식표 하네스 인식표', 13000, '', '', NULL, 0, 'https://shopping-phinf.pstatic.net/main_8395089/83950892091.jpg', '강아지', '야외용품', '목걸이/인식표', 100, NULL, 100),
	(519, '[ 오늘출발 ] 강아지목걸이 강아지이름표 강아지인식표', 12900, '커스트린', '', NULL, 0, 'https://shopping-phinf.pstatic.net/main_8212353/82123532195.3.jpg', '강아지', '야외용품', '목걸이/인식표', 100, NULL, 100),
	(520, '네임포네임 벨벳 크리스탈 강아지목걸이, 고양이인식표', 17800, '네임포네임', '', NULL, 0, 'https://shopping-phinf.pstatic.net/main_8190509/81905090370.2.jpg', '고양이', '야외용품', '목걸이/인식표', 100, NULL, 100),
	(521, '강아지 진주 목걸이 하트 인식표 고양이 이름표', 13900, '', '', NULL, 0, 'https://shopping-phinf.pstatic.net/main_8390362/83903629985.2.jpg', '고양이', '야외용품', '목걸이/인식표', 100, NULL, 100),
	(522, '지니펫 고양이 강아지 목걸이 반려동물 인식표', 6900, '지니펫', '', NULL, 0, 'https://shopping-phinf.pstatic.net/main_8923936/8923936363.8.jpg', '강아지/고양이', '야외용품', '목걸이/인식표', 100, NULL, 100),
	(523, '유봉펫 강아지 원형 사각형 인식표 목걸이 이름표 네임택', 9900, '유봉펫', '', NULL, 0, 'https://shopping-phinf.pstatic.net/main_3041005/30410058666.20220228011337.jpg', '강아지', '야외용품', '목걸이/인식표', 100, NULL, 100),
	(524, '강아지인식표 애견 목걸이 고양이 이름표 목걸이', 15900, '', '', NULL, 0, 'https://shopping-phinf.pstatic.net/main_8333780/83337804705.5.jpg', '강아지', '야외용품', '목걸이/인식표', 100, NULL, 100),
	(525, '[1013프렌즈] 스와로브스키 스톤 곰돌이 강아지 인식표 목걸이 이름표 반려견', 21800, '1013프로젝트', '', NULL, 0, 'https://shopping-phinf.pstatic.net/main_8320660/83206605580.1.jpg', '강아지', '야외용품', '목걸이/인식표', 100, NULL, 100),
	(526, '[ALWAYS WITH] 강아지 인식표 목걸이 황동 물방울', 24800, '1013프로젝트', '', NULL, 0, 'https://shopping-phinf.pstatic.net/main_1266722/12667228779.3.jpg', '강아지', '야외용품', '목걸이/인식표', 100, NULL, 100),
	(527, '커스트린 변색없는 크리스탈 강아지목걸이 인식표 고양이목걸이', 12900, '커스트린', '', NULL, 0, 'https://shopping-phinf.pstatic.net/main_2411418/24114187684.20200910203809.jpg', '고양이', '야외용품', '목걸이/인식표', 100, NULL, 100),
	(528, '강아지 고양이 비즈 목걸이 인식표 만들기 DIY 알파벳 이니셜 구슬 진주 비즈공예 재료', 700, '1013프로젝트', '', NULL, 0, 'https://shopping-phinf.pstatic.net/main_8273726/82737262262.jpg', '강아지/고양이', '야외용품', '목걸이/인식표', 100, NULL, 100),
	(529, '고양이목걸이 강아지인식표 애견인식표 반려견목걸이', 4900, '카멜러버', '동진실리콘', NULL, 0, 'https://shopping-phinf.pstatic.net/main_8332946/83329469439.5.jpg', '강아지', '야외용품', '목걸이/인식표', 100, NULL, 100),
	(530, '강아지 고양이 애견 목걸이 인식표 이름표 금속각인', 4500, '', '', NULL, 0, 'https://shopping-phinf.pstatic.net/main_8334741/83347418695.1.jpg', '강아지/고양이', '야외용품', '목걸이/인식표', 100, NULL, 100),
	(531, '[1013프렌즈] 강아지 인식표 반려견 네임택 팬던트 하네스 키링', 14900, '1013프로젝트', 'RE:BORN', NULL, 0, 'https://shopping-phinf.pstatic.net/main_8234710/82347100638.4.jpg', '강아지', '야외용품', '목걸이/인식표', 100, NULL, 100),
	(532, '고양이 강아지 인식표 꽃송이 비즈 이니셜 목걸이-핑크', 7900, '', '', NULL, 0, 'https://shopping-phinf.pstatic.net/main_3061937/30619370466.20220120224825.jpg', '강아지/고양이', '야외용품', '목걸이/인식표', 100, NULL, 100),
	(533, '강아지 인식표 제작 벨크로 네임택 반려견 이름표 패치', 6900, '니즈더펫', '니즈더펫', NULL, 0, 'https://shopping-phinf.pstatic.net/main_8232262/82322629303.2.jpg', '강아지', '야외용품', '목걸이/인식표', 100, NULL, 100),
	(534, '강아지 켄넬 고양이 이동장 애견 캐리어 케이지 반려동물 이동가방 캔넬', 19900, '', '', NULL, 0, 'https://shopping-phinf.pstatic.net/main_8344332/83443329517.5.jpg', '강아지', '이동장/외출용품', '이동장/이동가방', 100, NULL, 100),
	(535, '펫츠핏 강아지이동가방 확장형 애견 캐리어 기내탑승가능', 44000, '', '', NULL, 0, 'https://shopping-phinf.pstatic.net/main_3154131/31541312993.20220331024625.jpg', '강아지', '이동장/외출용품', '이동장/이동가방', 100, NULL, 100),
	(536, '크로노 강아지캐리어 백팩 고양이 강아지이동가방', 81000, '크로노', '', NULL, 0, 'https://shopping-phinf.pstatic.net/main_1194364/11943645225.6.jpg', '강아지/고양이', '이동장/외출용품', '이동장/이동가방', 100, NULL, 100),
	(537, '강아지 캐리어 고양이 이동가방 스루피 슈퍼 사이즈 투명', 16300, '', '', NULL, 0, 'https://shopping-phinf.pstatic.net/main_2696798/26967981538.20211130015700.jpg', '고양이', '이동장/외출용품', '이동장/이동가방', 100, NULL, 100),
	(538, '퍼핑 강아지 이동가방 고양이 이동장 애견 캐리어 슬링백 산책 기내용가방', 69000, '퍼핑', '', NULL, 0, 'https://shopping-phinf.pstatic.net/main_8310738/83107382465.jpg', '강아지', '이동장/외출용품', '이동장/이동가방', 100, NULL, 100),
	(539, '밀리옹 베이글백 강아지 이동가방 고양이 이동장 애견 캐리어 산책 기내용 가방', 148000, '밀리옹', '', NULL, 0, 'https://shopping-phinf.pstatic.net/main_8372908/83729085269.3.jpg', '강아지', '이동장/외출용품', '이동장/이동가방', 100, NULL, 100),
	(540, '소유라이프 고양이 이동장 강아지 가방 애견 캐리어 산책 백팩 포대기 케이지 기내용 슬링백', 26900, '', '', NULL, 0, 'https://shopping-phinf.pstatic.net/main_2864406/28644061875.20220218005239.jpg', '강아지', '이동장/외출용품', '이동장/이동가방', 100, NULL, 100),
	(541, '강아지 켄넬 고양이 이동장 이동가방 애견 캐리어 케이지 아이리스', 35100, '아이리스', '아이리스', NULL, 0, 'https://shopping-phinf.pstatic.net/main_8321572/83215726298.5.jpg', '강아지', '이동장/외출용품', '이동장/이동가방', 100, NULL, 100),
	(542, '강아지 기내용가방 이동가방 애견 캐리어 소형견 이동장 반려견 애완견 투명가방 고양이', 19900, '', '', NULL, 0, 'https://shopping-phinf.pstatic.net/main_8318458/83184587338.2.jpg', '강아지', '이동장/외출용품', '이동장/이동가방', 100, NULL, 100),
	(543, '아이리스 에어트래블 애견캐리어 강아지 애견 켄넬 중형 대형 ATC-670', 89400, '아이리스', '', NULL, 0, 'https://shopping-phinf.pstatic.net/main_2975452/29754523523.20211119202745.jpg', '강아지', '이동장/외출용품', '이동장/이동가방', 100, NULL, 100),
	(544, 'make speed 자전거 강아지캐리어 반려견캐리어', 31900, '', '', NULL, 0, 'https://shopping-phinf.pstatic.net/main_2444572/24445729435.20201014011155.jpg', '강아지', '이동장/외출용품', '이동장/이동가방', 100, NULL, 100),
	(545, '강아지 캐리어 반려견 강아지이동가방 애견가방 기내이동장 애완견', 29000, '패리스독', '', NULL, 0, 'https://shopping-phinf.pstatic.net/main_8233452/82334527381.2.jpg', '강아지', '이동장/외출용품', '이동장/이동가방', 100, NULL, 100),
	(546, '고양이 이동장 강아지 이동가방 숄더백 우주선 백팩 애견 캐리어', 16900, '', '', NULL, 0, 'https://shopping-phinf.pstatic.net/main_8318628/83186281127.8.jpg', '강아지', '이동장/외출용품', '이동장/이동가방', 100, NULL, 100),
	(547, 'SSW425B95 이동장 해피포 강아지 반려캐리어 고양이 러블리 오렌지 애견 일반 이동장', 60590, '', '', NULL, 0, 'https://shopping-phinf.pstatic.net/main_3179004/31790048117.jpg', '강아지', '이동장/외출용품', '이동장/이동가방', 100, NULL, 100),
	(548, 'GBW425B96 해피포 고양이 블루 이동장 러블리 강아지 반려캐리어 애견 일반 이동장', 66460, '', '해피파우', NULL, 0, 'https://shopping-phinf.pstatic.net/main_3174561/31745612434.jpg', '강아지', '이동장/외출용품', '이동장/이동가방', 100, NULL, 100),
	(549, '리카리카 리카백 강아지 이동가방 애견 캐리어 고양이 이동장 기내용', 69000, '리카리카', '', NULL, 0, 'https://shopping-phinf.pstatic.net/main_2897290/28972907133.20220218162107.jpg', '강아지', '이동장/외출용품', '이동장/이동가방', 100, NULL, 100),
	(550, '강아지 고양이이동장 강아지이동장 반려캐리어 그린', 38830, '', '', NULL, 0, 'https://shopping-phinf.pstatic.net/main_3127882/31278828139.20220313005947.jpg', '강아지/고양이', '이동장/외출용품', '이동장/이동가방', 100, NULL, 100),
	(551, '견체공학 어부바라이트2 애견배낭 강아지 캐리어 슬링백', 99000, '어부바', '견체공학', NULL, 0, 'https://shopping-phinf.pstatic.net/main_1081805/10818053318.7.jpg', '강아지', '이동장/외출용품', '이동장/이동가방', 100, NULL, 100),
	(552, '크로노 노블 강아지이동가방 고양이 강아지캐리어', 73000, '크로노', '', NULL, 0, 'https://shopping-phinf.pstatic.net/main_8296782/82967822187.jpg', '강아지/고양이', '이동장/외출용품', '이동장/이동가방', 100, NULL, 100),
	(553, '가벼운 강아지 반려동물 캐리어 캡슐 백팩', 114000, '', '', NULL, 0, 'https://shopping-phinf.pstatic.net/main_8237125/82371257180.jpg', '강아지', '이동장/외출용품', '이동장/이동가방', 100, NULL, 100),
	(554, '대형견 이동식 켄넬 애견캐리어 반려동물 이동장', 163580, '', '', NULL, 0, 'https://shopping-phinf.pstatic.net/main_2861953/28619533736.20210828200949.jpg', '강아지', '이동장/외출용품', '이동장/이동가방', 100, NULL, 100),
	(555, '투명케이지 고양이산책 캐리어 강아지 반려동물', 65800, '', '', NULL, 0, 'https://shopping-phinf.pstatic.net/main_2987136/29871367072.20220128050720.jpg', '고양이', '이동장/외출용품', '이동장/이동가방', 100, NULL, 100),
	(556, '러빙펫 3in1 강아지 캐리어 백팩 반려견 애완용 애견', 62360, '', '', NULL, 0, 'https://shopping-phinf.pstatic.net/main_3110985/31109853371.20220301000426.jpg', '강아지', '이동장/외출용품', '이동장/이동가방', 100, NULL, 100),
	(557, 'UNKNOWN 강아지이동가방 백팩 투명 강아지캐리어 바퀴 고양이캐리어', 26680, '', 'UNKNOWN', NULL, 0, 'https://shopping-phinf.pstatic.net/main_3056564/30565646939.20220117013729.jpg', '고양이', '이동장/외출용품', '이동장/이동가방', 100, NULL, 100),
	(558, 'MIYO 강아지 캐리어 반려동물 이동 가방', 116840, '', '', NULL, 0, 'https://shopping-phinf.pstatic.net/main_3123594/31235940302.20220309233216.jpg', '강아지', '이동장/외출용품', '이동장/이동가방', 100, NULL, 100),
	(559, '[리카리카] 리뉴얼 리카백 강아지 이동가방 애견 캐리어 고양이 이동장 기내용 (3컬러)', 159000, '리카리카', '', NULL, 0, 'https://shopping-phinf.pstatic.net/main_8292283/82922830013.5.jpg', '강아지', '이동장/외출용품', '이동장/이동가방', 100, NULL, 100),
	(560, 'cy 펫 백팩 캐리어 반려 강아지 애견 이동가방 J-002', 39000, '', '', NULL, 0, 'https://shopping-phinf.pstatic.net/main_2402969/24029695171.20200903200113.jpg', '강아지', '이동장/외출용품', '이동장/이동가방', 100, NULL, 100),
	(561, 'UNKNOWN 강아지캐리어 반려동물 이동가방 고양이 고잉백 가방', 101570, 'UNKNOWN', 'UNKNOWN', NULL, 0, 'https://shopping-phinf.pstatic.net/main_3153887/31538873496.20220331005515.jpg', '고양이', '이동장/외출용품', '이동장/이동가방', 100, NULL, 100),
	(562, '고양이 강아지 캐리어 반려동물 이동장 외출 여행', 92360, '', '', NULL, 0, 'https://shopping-phinf.pstatic.net/main_2972869/29728695580.20211117233711.jpg', '강아지/고양이', '이동장/외출용품', '이동장/이동가방', 100, NULL, 100),
	(563, '고양이 가방 애견 캐리어 반려동물 이동장', 26800, '', '', NULL, 0, 'https://shopping-phinf.pstatic.net/main_2961144/29611449034.20211110005907.jpg', '강아지', '이동장/외출용품', '이동장/이동가방', 100, NULL, 100),
	(564, '강아지 캐리어 바퀴달린 이동장 이동가방 케이지-그레이', 57310, '', '', NULL, 0, 'https://shopping-phinf.pstatic.net/main_2404695/24046952001.20200905011620.jpg', '강아지', '이동장/외출용품', '이동장/이동가방', 100, NULL, 100),
	(565, '고양이 외출용 가방 캐리어 강아지 반려동물 이동장', 11900, '', '', NULL, 0, 'https://shopping-phinf.pstatic.net/main_2613684/26136844045.20210225185217.jpg', '고양이', '이동장/외출용품', '이동장/이동가방', 100, NULL, 100),
	(566, '발바닥 투명 애견 캐리어 반려동물 이동가방', 13200, '', '', NULL, 0, 'https://shopping-phinf.pstatic.net/main_2403031/24030316030.20200903204925.jpg', '강아지', '이동장/외출용품', '이동장/이동가방', 100, NULL, 100),
	(567, '고양이 이동 장 가방 백팩 캐리어 강아지 반려 동물', 88310, '', '', NULL, 0, 'https://shopping-phinf.pstatic.net/main_2920710/29207107524.20211012221502.jpg', '고양이', '이동장/외출용품', '이동장/이동가방', 100, NULL, 100),
	(568, '애완 동물 캐리어 반려 강아지 고양이 접이식 이동장', 141180, '', '', NULL, 0, 'https://shopping-phinf.pstatic.net/main_3030678/30306780371.20211226220553.jpg', '강아지/고양이', '이동장/외출용품', '이동장/이동가방', 100, NULL, 100),
	(569, '강아지캐리어 반려동물 배낭 고양이 가방', 31800, '', '', NULL, 0, 'https://shopping-phinf.pstatic.net/main_2403130/24031302485.20200904013125.jpg', '고양이', '이동장/외출용품', '이동장/이동가방', 100, NULL, 100),
	(570, '강아지 고양이 케이지 캐리어 반려 애견 견 묘 중형견', 165770, '', '', NULL, 0, 'https://shopping-phinf.pstatic.net/main_3004344/30043444807.20211211223410.jpg', '강아지/고양이', '이동장/외출용품', '이동장/이동가방', 100, NULL, 100),
	(571, '로마펫 애견 강아지 고양이 켄넬 이동가방 이동장 케이지 캐리어 숄더백', 15390, '', '', NULL, 0, 'https://shopping-phinf.pstatic.net/main_2699610/26996103234.20210501193240.jpg', '강아지/고양이', '이동장/외출용품', '이동장/이동가방', 100, NULL, 100),
	(572, '퍼피럽 강아지 이동 가방 기내용 애견 캐리어 확장형', 38000, '', '', NULL, 0, 'https://shopping-phinf.pstatic.net/main_3089573/30895732792.20220211223141.jpg', '강아지', '이동장/외출용품', '이동장/이동가방', 100, NULL, 100),
	(573, '강아지 이동 가방 기내용 애견 캐리어 이동장', 39800, '', '', NULL, 0, 'https://shopping-phinf.pstatic.net/main_8260909/82609096506.2.jpg', '강아지', '이동장/외출용품', '이동장/이동가방', 100, NULL, 100),
	(574, '애완동물 강아지 애견 반려동물 캐리어 7W61CD16', 20630, '', '', NULL, 0, 'https://shopping-phinf.pstatic.net/main_3152296/31522969374.jpg', '강아지', '이동장/외출용품', '이동장/이동가방', 100, NULL, 100),
	(575, '강아지 고양이 애견 반려 가방 캐리어 이동 슬링백', 83000, '', '', NULL, 0, 'https://shopping-phinf.pstatic.net/main_8399376/83993764687.jpg', '강아지/고양이', '이동장/외출용품', '이동장/이동가방', 100, NULL, 100),
	(576, '캐리어 애완견캐리어 이동장 강아지 반려동물캐리어  브라운', 42500, '', '엠케이코리아', NULL, 0, 'https://shopping-phinf.pstatic.net/main_3178598/31785988268.jpg', '강아지', '이동장/외출용품', '이동장/이동가방', 100, NULL, 100),
	(577, '고잉백 집사백 고양이 강아지 반려 동물 캐리어 가방', 95400, '', '', NULL, 0, 'https://shopping-phinf.pstatic.net/main_2907055/29070556125.jpg', '강아지/고양이', '이동장/외출용품', '이동장/이동가방', 100, NULL, 100),
	(578, '고양이 강아지 반려동물 캐리어 이동가방 우주선 이동', 35400, '', '', NULL, 0, 'https://shopping-phinf.pstatic.net/main_2701464/27014644955.1.jpg', '강아지/고양이', '이동장/외출용품', '이동장/이동가방', 100, NULL, 100),
	(579, '자전거 바구니 애완견 반려동물 캐리어 산책', 31400, '', '', NULL, 0, 'https://shopping-phinf.pstatic.net/main_2839616/28396160016.jpg', '강아지', '이동장/외출용품', '이동장/이동가방', 100, NULL, 100),
	(580, '애완동물 강아지 고양이 애견 반려동물 캐리어 이동가방', 80000, '', '', NULL, 0, 'https://shopping-phinf.pstatic.net/main_8224876/82248769433.1.jpg', '강아지/고양이', '이동장/외출용품', '이동장/이동가방', 100, NULL, 100),
	(581, '강아지옷 티셔츠 실내복 후드티 브릭브릭', 7800, '', '', NULL, 0, 'https://shopping-phinf.pstatic.net/main_9624183/9624183812.85.jpg', '강아지', '패션용품', '티셔츠/후드', 100, NULL, 100),
	(582, '강아지옷 티셔츠 원피스 나시 모음전', 9900, '', '', NULL, 0, 'https://shopping-phinf.pstatic.net/main_8338680/83386806353.1.jpg', '강아지', '패션용품', '티셔츠/후드', 100, NULL, 100),
	(583, '강아지옷 티셔츠 올인원 원피스 나시 모음전', 2500, '바이굄', '', NULL, 0, 'https://shopping-phinf.pstatic.net/main_8179720/81797203171.10.jpg', '강아지', '패션용품', '티셔츠/후드', 100, NULL, 100),
	(584, '강아지티셔츠 봄 가을 옷 반려견 의류 실내복 맨투맨', 4900, '', '', NULL, 0, 'https://shopping-phinf.pstatic.net/main_8292871/82928712958.26.jpg', '강아지', '패션용품', '티셔츠/후드', 100, NULL, 100),
	(585, '두키 강아지티셔츠 애견의류 곰돌이나그랑티 반려견옷 실내복', 5900, '', '', NULL, 0, 'https://shopping-phinf.pstatic.net/main_3088122/30881228517.20220324051605.jpg', '강아지', '패션용품', '티셔츠/후드', 100, NULL, 100),
	(586, '동동이네 데일리 티셔츠 강아지옷 XS-XL', 6800, '개꿀이냥', '', NULL, 0, 'https://shopping-phinf.pstatic.net/main_8230813/82308133099.18.jpg', '강아지', '패션용품', '티셔츠/후드', 100, NULL, 100),
	(587, '강아지옷 고양이옷 나시 원피스 티셔츠 봄 여름 가을 겨울 애견옷', 4900, '', '', NULL, 0, 'https://shopping-phinf.pstatic.net/main_8325410/83254102563.21.jpg', '강아지', '패션용품', '티셔츠/후드', 100, NULL, 100),
	(588, '명품 강아지옷 티셔츠 실내복 민소매 쿨나시 크롭', 9800, '도기스타', '', NULL, 0, 'https://shopping-phinf.pstatic.net/main_8256952/82569523114.9.jpg', '강아지', '패션용품', '티셔츠/후드', 100, NULL, 100),
	(589, '강아지 옷 봄 여름 티셔츠 애완견 애견 의류 쇼핑몰 포메 말티즈 토이 푸들 비숑 XS', 4900, '', '', NULL, 0, 'https://shopping-phinf.pstatic.net/main_8238029/82380299117.67.jpg', '강아지', '패션용품', '티셔츠/후드', 100, NULL, 100),
	(590, '강아지 옷 고양이 티셔츠 데일리 애견의류 실내복 수면 잠옷 도매 XS-XXL', 4700, '', '', NULL, 0, 'https://shopping-phinf.pstatic.net/main_8300061/83000614354.18.jpg', '강아지', '패션용품', '티셔츠/후드', 100, NULL, 100),
	(591, '페딕트 강아지옷 반팔 나그랑 오가닉프린트 코듀로이 강아지 티셔츠', 21000, '페딕트', '율그란', NULL, 0, 'https://shopping-phinf.pstatic.net/main_8401354/84013541098.1.jpg', '강아지', '패션용품', '티셔츠/후드', 100, NULL, 100),
	(592, '쭈쭈야 데일리 강아지 봄 여름 티셔츠 애견 실내복 예쁜 강아지옷', 9900, '', '', NULL, 0, 'https://shopping-phinf.pstatic.net/main_8275995/82759952159.18.jpg', '강아지', '패션용품', '티셔츠/후드', 100, NULL, 100),
	(593, '투스투스 강아지 쿨티셔츠 4 color 강아지 나시티', 13600, '투스투스', '투스투스', NULL, 0, 'https://shopping-phinf.pstatic.net/main_2490810/24908101924.20201119181020.jpg', '강아지', '패션용품', '티셔츠/후드', 100, NULL, 100),
	(594, '유앤펫 강아지 스마일 스트라이프 티셔츠 중형견 대형견 옷', 16810, '유앤펫', '', NULL, 0, 'https://shopping-phinf.pstatic.net/main_3066654/30666546309.20220205034412.jpg', '강아지', '패션용품', '티셔츠/후드', 100, NULL, 100),
	(595, '시원한 강아지 옷 봄 여름 나시 민소매 티셔츠 실내복 수면 잠옷 애견의류 XS-2XL', 2900, '', '', NULL, 0, 'https://shopping-phinf.pstatic.net/main_8363863/83638634191.2.jpg', '강아지', '패션용품', '티셔츠/후드', 100, NULL, 100),
	(596, '펫디자인 라인 나그랑 강아지티셔츠 강아지옷', 6500, '', '', NULL, 0, 'https://shopping-phinf.pstatic.net/main_1022477/10224772177.4.jpg', '강아지', '패션용품', '티셔츠/후드', 100, NULL, 100),
	(597, '강아지옷 후드 티셔츠 올인원 스니프 브릭브릭 패리스독', 7500, '패리스독', '', NULL, 0, 'https://shopping-phinf.pstatic.net/main_1036468/10364685909.90.jpg', '강아지', '패션용품', '티셔츠/후드', 100, NULL, 100),
	(598, '펫디자인 투투티셔츠 5colors 강아지옷 강아지티셔츠', 11000, '', '', NULL, 0, 'https://shopping-phinf.pstatic.net/main_8369654/83696542448.jpg', '강아지', '패션용품', '티셔츠/후드', 100, NULL, 100),
	(599, '매그독 데일리 강아지옷', 5800, '', '', NULL, 0, 'https://shopping-phinf.pstatic.net/main_8166292/81662926676.25.jpg', '강아지', '패션용품', '티셔츠/후드', 100, NULL, 100),
	(600, '유앤펫 애견 심플 베이직 컬러 티셔츠', 11590, '유앤펫', '유앤펫', NULL, 0, 'https://shopping-phinf.pstatic.net/main_2889217/28892171396.20210923043720.jpg', '강아지', '패션용품', '티셔츠/후드', 100, NULL, 100),
	(601, '피에이트랜드 퍼피엔젤 MAC 데일리 강아지 민소매 티셔츠 TS586', 7900, '퍼피엔젤', '피에이트랜드', NULL, 0, 'https://shopping-phinf.pstatic.net/main_2407381/24073814194.20200909105519.jpg', '강아지', '패션용품', '티셔츠/후드', 100, NULL, 100),
	(602, '블리핏 강아지옷 원피스 애견 후드 티셔츠 올인원', 5900, '', '', NULL, 0, 'https://shopping-phinf.pstatic.net/main_8270239/82702398515.2.jpg', '강아지', '패션용품', '티셔츠/후드', 100, NULL, 100),
	(603, '강아지옷 패리스독 사계절 올인원 티셔츠', 7200, '패리스독', '', NULL, 0, 'https://shopping-phinf.pstatic.net/main_1198086/11980864530.30.jpg', '강아지', '패션용품', '티셔츠/후드', 100, NULL, 100),
	(604, '스타일멍멍 엠보프릴 강아지 티셔츠 실내복', 15900, '스타일멍멍', '', NULL, 0, 'https://shopping-phinf.pstatic.net/main_3046946/30469464810.20220108214825.jpg', '강아지', '패션용품', '티셔츠/후드', 100, NULL, 100),
	(605, '강아지옷 애견 봄 여름 티 후드 푸들 비숑 말티즈 토이 초소형견용 XS S M 2XL', 6900, '', '', NULL, 0, 'https://shopping-phinf.pstatic.net/main_8298591/82985911892.8.jpg', '강아지', '패션용품', '티셔츠/후드', 100, NULL, 100),
	(606, '동동이네 여름 강아지옷 XS-XL 나시 민소매', 5800, '개꿀이냥', 'HONEYDOG', NULL, 0, 'https://shopping-phinf.pstatic.net/main_8296995/82969958034.4.jpg', '강아지', '패션용품', '티셔츠/후드', 100, NULL, 100),
	(607, '강아지옷 사계절 티셔츠 내복 실내복 잠옷S-2XL', 9900, '', '', NULL, 0, 'https://shopping-phinf.pstatic.net/main_8293100/82931000120.20.jpg', '강아지', '패션용품', '티셔츠/후드', 100, NULL, 100),
	(608, '오구오구 강아지옷 맨투맨티 (6 colors) / XS ~ 2XL', 10000, '', '', NULL, 0, 'https://shopping-phinf.pstatic.net/main_1219913/12199138974.4.jpg', '강아지', '패션용품', '티셔츠/후드', 100, NULL, 100),
	(609, '코코아르 애완견 의류 사계절 티셔츠 강아지옷', 3500, '', '', NULL, 0, 'https://shopping-phinf.pstatic.net/main_2407383/24073838094.20200907225209.jpg', '강아지', '패션용품', '티셔츠/후드', 100, NULL, 100),
	(610, '강아지 실내복 나시 여름옷 크롭티 대형견 중형견 옷', 9900, '드몽드펫', '', NULL, 0, 'https://shopping-phinf.pstatic.net/main_8195094/81950947515.8.jpg', '강아지', '패션용품', '티셔츠/후드', 100, NULL, 100),
	(611, '강아지 여름 쿨 티셔츠 쿨링 나시', 12800, '', '', NULL, 0, 'https://shopping-phinf.pstatic.net/main_8320857/83208575143.jpg', '강아지', '패션용품', '티셔츠/후드', 100, NULL, 100),
	(612, '강아지실내복 토끼프릴 민소매 강아지나시티 2color', 13900, '', '', NULL, 0, 'https://shopping-phinf.pstatic.net/main_8303237/83032370957.jpg', '강아지', '패션용품', '티셔츠/후드', 100, NULL, 100),
	(613, '스타일멍멍 견주 개플룩 스트라이프 강아지티셔츠 강아지옷', 13890, '스타일멍멍', '', NULL, 0, 'https://shopping-phinf.pstatic.net/main_3159879/31598796254.20220404024915.jpg', '강아지', '패션용품', '티셔츠/후드', 100, NULL, 100),
	(614, '강아지 옷 애견 티셔츠 실내복 수면 잠옷 후리스 XS-3XL', 2600, '', '', NULL, 0, 'https://shopping-phinf.pstatic.net/main_8318818/83188180256.3.jpg', '강아지', '패션용품', '티셔츠/후드', 100, NULL, 100),
	(615, '강아지옷 고양이옷 나시 티셔츠 봄 여름 애견옷 민소매', 5900, '', '', NULL, 0, 'https://shopping-phinf.pstatic.net/main_8342940/83429409131.7.jpg', '강아지', '패션용품', '티셔츠/후드', 100, NULL, 100),
	(616, '유앤펫 강아지옷 앵두 프릴 티셔츠', 7390, '유앤펫', '유앤펫', NULL, 0, 'https://shopping-phinf.pstatic.net/main_2404917/24049176019.20200905050419.jpg', '강아지', '패션용품', '티셔츠/후드', 100, NULL, 100),
	(617, '디스독왓캣 강아지 겨울 옷 가디건 기모티 조끼 실내복 후드티 잠옷 반려견옷 고양이옷', 3900, '', '', NULL, 0, 'https://shopping-phinf.pstatic.net/main_8356057/83560579992.1.jpg', '고양이', '패션용품', '티셔츠/후드', 100, NULL, 100),
	(618, 'pet 푸들 줄무늬 티셔츠 스트라이프 강아지옷', 11100, '', '', NULL, 0, 'https://shopping-phinf.pstatic.net/main_2880662/28806621695.20210911202423.jpg', '강아지', '패션용품', '티셔츠/후드', 100, NULL, 100),
	(619, '사계절 강아지옷 데일리 티셔츠 커플룩 실내복 애견옷 의류', 17000, '', '', NULL, 0, 'https://shopping-phinf.pstatic.net/main_8399056/83990569319.1.jpg', '강아지', '패션용품', '티셔츠/후드', 100, NULL, 100),
	(620, '강아지 파스텔 베이직 티셔츠 강아지가을옷 애견의류 실내복 기본티', 8500, '', '', NULL, 0, 'https://shopping-phinf.pstatic.net/main_8199508/81995083597.1.jpg', '강아지', '패션용품', '티셔츠/후드', 100, NULL, 100),
	(621, '브릭브릭 강아지옷 티셔츠 올인원 원피스 후드', 13000, '브릭브릭', '', NULL, 0, 'https://shopping-phinf.pstatic.net/main_8195091/81950911532.3.jpg', '강아지', '패션용품', '티셔츠/후드', 100, NULL, 100),
	(622, '스타일독 강아지옷 데일리 티셔츠', 7800, '', '', NULL, 0, 'https://shopping-phinf.pstatic.net/main_8340560/83405605671.3.jpg', '강아지', '패션용품', '티셔츠/후드', 100, NULL, 100),
	(623, '페시얌 강아지 크롭티 강아지옷', 13000, '', '', NULL, 0, 'https://shopping-phinf.pstatic.net/main_2402787/24027874133.20200903185445.jpg', '강아지', '패션용품', '티셔츠/후드', 100, NULL, 100),
	(624, '쁘띠나시 티셔츠 강아지옷', 11800, '스타일멍멍', '', NULL, 0, 'https://shopping-phinf.pstatic.net/main_8305523/83055235313.8.jpg', '강아지', '패션용품', '티셔츠/후드', 100, NULL, 100),
	(625, '두키 강아지옷 봄맞이꽃무늬가디건 애견옷', 6900, '', '', NULL, 0, 'https://shopping-phinf.pstatic.net/main_3099603/30996036174.20220218233427.jpg', '강아지', '패션용품', '티셔츠/후드', 100, NULL, 100),
	(626, '코튼스트라이프 카라티 강아지옷 강아지티셔츠', 14500, '', '', NULL, 0, 'https://shopping-phinf.pstatic.net/main_3148506/31485060671.20220331014512.jpg', '강아지', '패션용품', '티셔츠/후드', 100, NULL, 100),
	(627, '강아지옷 사계절 의류 티셔츠', 13800, '초코펫하우스', '펫츠랜드', NULL, 0, 'https://shopping-phinf.pstatic.net/main_8370245/83702453973.6.jpg', '강아지', '패션용품', '티셔츠/후드', 100, NULL, 100),
	(628, '강아지티셔츠 핸드메이드 강아지옷 국내오가닉원단 애견의류', 7000, '', '', NULL, 0, 'https://shopping-phinf.pstatic.net/main_8388259/83882598316.6.jpg', '강아지', '패션용품', '티셔츠/후드', 100, NULL, 100),
	(629, '강아지옷 레이스카라티 강아지티셔츠', 17790, '', '', NULL, 0, 'https://shopping-phinf.pstatic.net/main_3126649/31266494165.20220312014815.jpg', '강아지', '패션용품', '티셔츠/후드', 100, NULL, 100),
	(630, '강아지 크롭티 체크 봄스 3컬러 S-2XL', 11900, '', '', NULL, 0, 'https://shopping-phinf.pstatic.net/main_8213647/82136470526.3.jpg', '강아지', '패션용품', '티셔츠/후드', 100, NULL, 100),
	(631, '5H펫 강아지 입마개 대형견 중형견 소형견', 6900, '', '', NULL, 0, 'https://shopping-phinf.pstatic.net/main_8328386/83283866587.1.jpg', '강아지', '강아지 장난감/훈련', '훈련용품', 100, NULL, 100),
	(632, '루브립 강아지 입마개 소형견 투명 마스크 마우스핏', 25000, '루브립', '', NULL, 0, 'https://shopping-phinf.pstatic.net/main_8215517/82155176249.3.jpg', '강아지', '강아지 장난감/훈련', '훈련용품', 100, NULL, 100),
	(633, 'NEW 업그레이드 강아지 말하는 버튼 녹음벨 녹음부저 간식벨 훈련 벨 용품 장난감 번역기', 4700, '', '', NULL, 0, 'https://shopping-phinf.pstatic.net/main_8236601/82366017734.3.jpg', '강아지', '강아지 장난감/훈련', '훈련용품', 100, NULL, 100),
	(634, '루브립 마우스핏 강아지 투명 입마개 소형견 마스크 반려견 애견 산책', 24680, '', '', NULL, 0, 'https://shopping-phinf.pstatic.net/main_3032284/30322844766.20220402014522.jpg', '강아지', '강아지 장난감/훈련', '훈련용품', 100, NULL, 100),
	(635, '인파로 애견 강아지 짖음방지기 짖음방지 훈련 짖음 목줄 개', 11400, '', '인파로', NULL, 0, 'https://shopping-phinf.pstatic.net/main_2407409/24074095910.20200908000553.jpg', '강아지', '강아지 장난감/훈련', '훈련용품', 100, NULL, 100),
	(636, '댕스러빗 트릿백 강아지 산책 간식주머니 훈련가방', 14800, '', '', NULL, 0, 'https://shopping-phinf.pstatic.net/main_3166833/31668335603.20220409034251.jpg', '강아지', '강아지 장난감/훈련', '훈련용품', 100, NULL, 100),
	(637, '헐티 젠틀리더 강아지 소형견 중형견 대형견 애견 개 입마개 강아지입질 바스커빌', 19500, '', '', NULL, 0, 'https://shopping-phinf.pstatic.net/main_8267209/82672094379.3.jpg', '강아지', '강아지 장난감/훈련', '훈련용품', 100, NULL, 100),
	(638, '해리스힐 강아지 대형견 입마개 개 진돗개 중형견 골든 리트리버', 7900, '해리스힐', '', NULL, 0, 'https://shopping-phinf.pstatic.net/main_8261079/82610793822.2.jpg', '강아지', '강아지 장난감/훈련', '훈련용품', 100, NULL, 100),
	(639, '퍼피가드 l 강아지 입마개 소형견 중형견 대형견 짖음방지', 4980, '퍼피가드', '', NULL, 0, 'https://shopping-phinf.pstatic.net/main_3153892/31538926412.20220331011244.jpg', '강아지', '강아지 장난감/훈련', '훈련용품', 100, NULL, 100),
	(640, '애구애구 강아지 클리커 훈련용품', 670, '애구애구', '', NULL, 0, 'https://shopping-phinf.pstatic.net/main_2403034/24030340211.20200903205503.jpg', '강아지', '강아지 장난감/훈련', '훈련용품', 100, NULL, 100),
	(641, '독프리즈 강아지 짖음방지기 소리진동방식 도그트라 레디펫', 21600, '', '', NULL, 0, 'https://shopping-phinf.pstatic.net/main_6703845/6703845967.11.jpg', '강아지', '강아지 장난감/훈련', '훈련용품', 100, NULL, 100),
	(642, '애견 입마개 소형 중형 대형견 강아지 훈련용품 BB-1', 11900, '', '', NULL, 0, 'https://shopping-phinf.pstatic.net/main_2742966/27429662525.20210604015633.jpg', '강아지', '강아지 장난감/훈련', '훈련용품', 100, NULL, 100),
	(643, '강아지 입마개 짖음방지기 개 반려견 소형견 오리입마개 짖음방지 오리주둥이 마스크', 300, '', '', NULL, 0, 'https://shopping-phinf.pstatic.net/main_8363890/8363890330.6.jpg', '강아지', '강아지 장난감/훈련', '훈련용품', 100, NULL, 100),
	(644, '실리콘 강아지 입마개 오리 소형견 마스크', 810, '', '', NULL, 0, 'https://shopping-phinf.pstatic.net/main_2547774/25477743515.20210103225430.jpg', '강아지', '강아지 장난감/훈련', '훈련용품', 100, NULL, 100),
	(645, '자유롭개 강아지 입마개 짖음방지기 뱅뱅 마스크 대형견 짖음방지', 24900, '자유롭개', '자유롭개', NULL, 0, 'https://shopping-phinf.pstatic.net/main_8277346/82773463423.2.jpg', '강아지', '강아지 장난감/훈련', '훈련용품', 100, NULL, 100),
	(646, '퍼핑 강아지짐볼 슬개골탈구예방 운동기구 짐볼 홀더 세트', 15260, '퍼핑', '', NULL, 0, 'https://shopping-phinf.pstatic.net/main_2741328/27413287705.20220405015919.jpg', '강아지', '강아지 장난감/훈련', '훈련용품', 100, NULL, 100),
	(647, '무선컨트롤 강아지 짖음방지기 애견훈련용품', 9900, '', '', NULL, 0, 'https://shopping-phinf.pstatic.net/main_2871932/28719322617.20210906015103.jpg', '강아지', '강아지 장난감/훈련', '훈련용품', 100, NULL, 100),
	(648, '벤트라 히야 트릿백 반려견 훈련용 간식주머니', 32000, '', '', NULL, 0, 'https://shopping-phinf.pstatic.net/main_3118062/31180629436.20220306025312.jpg', '강아지', '강아지 장난감/훈련', '훈련용품', 100, NULL, 100),
	(649, '애견 강아지 훈련용 트릿백 간식 가방 - 스낵백 주머니 트릿파우치 산책', 4900, '아모란나', '', NULL, 0, 'https://shopping-phinf.pstatic.net/main_1233312/12333125654.12.jpg', '강아지', '강아지 장난감/훈련', '훈련용품', 100, NULL, 100),
	(650, '멍스크 최초의 국산 반려견 KF 마스크 강아지입마개 3ea', 11800, '멍스크', '', NULL, 0, 'https://shopping-phinf.pstatic.net/main_8308132/83081323262.jpg', '강아지', '강아지 장난감/훈련', '훈련용품', 100, NULL, 100),
	(651, '개 짖음 방지 소형견 강아지짖음훈련 강아지훈련용품', 54380, '', '', NULL, 0, 'https://shopping-phinf.pstatic.net/main_3080655/30806558598.20220205004948.jpg', '강아지', '강아지 장난감/훈련', '훈련용품', 100, NULL, 100),
	(652, '대형견 실리콘 오리입마개 산책용품 개입마개', 870, '', '', NULL, 0, 'https://shopping-phinf.pstatic.net/main_2926744/29267441933.20211017051401.jpg', '강아지', '강아지 장난감/훈련', '훈련용품', 100, NULL, 100),
	(653, '심플 젠틀리더 머리리드줄 강아지 훈련용품', 13900, '', '', NULL, 0, 'https://shopping-phinf.pstatic.net/main_8249815/82498152019.6.jpg', '강아지', '강아지 장난감/훈련', '훈련용품', 100, NULL, 100),
	(654, '강아지운동기구 튼튼짐볼', 23900, '', '', NULL, 0, 'https://shopping-phinf.pstatic.net/main_2507073/25070738523.20201217151604.jpg', '강아지', '강아지 장난감/훈련', '훈련용품', 100, NULL, 100),
	(655, '소형견 입질 무는 강아지 입마개 2호 말티즈 짖는개', 1220, '', '', NULL, 0, 'https://shopping-phinf.pstatic.net/main_2759061/27590612985.20210616041709.jpg', '강아지', '강아지 장난감/훈련', '훈련용품', 100, NULL, 100),
	(656, '스타마크 강아지 훈련 프로트레이닝 디럭스 클리커', 3290, '', '', NULL, 0, 'https://shopping-phinf.pstatic.net/main_3072023/30720237874.20220130042141.jpg', '강아지', '강아지 장난감/훈련', '훈련용품', 100, NULL, 100),
	(657, '독프리즈 강아지 짖음방지기 진동방식 전기자극NO', 18450, '', '', NULL, 0, 'https://shopping-phinf.pstatic.net/main_2404625/24046251574.20211206021910.jpg', '강아지', '강아지 장난감/훈련', '훈련용품', 100, NULL, 100),
	(658, '포켓앤포켓 트릿 파우치 (벨트포함) 애견 훈련 용품 강아지 간식 주머니 교육 산책 가방', 12500, '', '', NULL, 0, 'https://shopping-phinf.pstatic.net/main_1126418/11264184543.3.jpg', '강아지', '강아지 장난감/훈련', '훈련용품', 100, NULL, 100),
	(659, '강아지 훈련용품 도기프랜드 천 입마개 S', 1920, '', '', NULL, 0, 'https://shopping-phinf.pstatic.net/main_2985230/29852300674.20211127043738.jpg', '강아지', '강아지 장난감/훈련', '훈련용품', 100, NULL, 100),
	(660, '강아지 훈련용품 클리커', 990, '바이굄', '', NULL, 0, 'https://shopping-phinf.pstatic.net/main_8096498/80964982979.1.jpg', '강아지', '강아지 장난감/훈련', '훈련용품', 100, NULL, 100),
	(661, '레디펫 짖음방지기 소리 진동 LED S L 안전한 강아지 짖음방지목걸이 훈련용품', 30000, '', '', NULL, 0, 'https://shopping-phinf.pstatic.net/main_3109246/31092461519.20220227023401.jpg', '강아지', '강아지 장난감/훈련', '훈련용품', 100, NULL, 100),
	(662, '시너지랩 푸이 비터 물음방지제 스프레이 개 고양이 훈련', 6620, '', '', NULL, 0, 'https://shopping-phinf.pstatic.net/main_2856198/28561980954.20210825011406.jpg', '고양이', '강아지 장난감/훈련', '훈련용품', 100, NULL, 100),
	(663, '강아지 입마개 짖음방지 소형견 중형견 대형견 훈련', 2800, '', '', NULL, 0, 'https://shopping-phinf.pstatic.net/main_2407144/24071440025.20200907184341.jpg', '강아지', '강아지 장난감/훈련', '훈련용품', 100, NULL, 100),
	(664, '애견 반려견 강아지 훈련용품 산책 입마개목줄 M', 4900, '', '', NULL, 0, 'https://shopping-phinf.pstatic.net/main_2403053/24030530271.20200903215911.jpg', '강아지', '강아지 장난감/훈련', '훈련용품', 100, NULL, 100),
	(665, '스타마크토이 애견훈련용품 클리커 반려동물훈련', 3490, '', '', NULL, 0, 'https://shopping-phinf.pstatic.net/main_3081945/30819457914.20220405011809.jpg', '강아지', '강아지 장난감/훈련', '훈련용품', 100, NULL, 100),
	(666, '레오펫 강아지 간식가방 트릿백 훈련용품', 6200, '', '', NULL, 0, 'https://shopping-phinf.pstatic.net/main_2403444/24034448717.20211110180358.jpg', '강아지', '강아지 장난감/훈련', '훈련용품', 100, NULL, 100),
	(667, '써티이얼즈 강아지 애견 산책 훈련용품 간식가방 트릿백 간식주머니', 8050, '', '', NULL, 0, 'https://shopping-phinf.pstatic.net/main_2401403/24014031519.20200903002627.jpg', '강아지', '강아지 장난감/훈련', '훈련용품', 100, NULL, 100),
	(668, '강아지 입마개 산책 커버 강아지 마스크 나일론 M - 애견훈련용품 애견훈련용품', 2550, '', '', NULL, 0, 'https://shopping-phinf.pstatic.net/main_3148425/31484250743.20220326222414.jpg', '강아지', '강아지 장난감/훈련', '훈련용품', 100, NULL, 100),
	(669, '뉴업그레이드 강아지 말하는 버튼 녹음벨 간식벨 녹음부저 강아지벨 훈련벨 장난감 용품', 6300, '', '', NULL, 0, 'https://shopping-phinf.pstatic.net/main_8249174/82491749469.6.jpg', '강아지', '강아지 장난감/훈련', '훈련용품', 100, NULL, 100),
	(670, '포와이즈 나일론 입마개 애완견 훈련용품 훈련용', 1665, '', '', NULL, 0, 'https://shopping-phinf.pstatic.net/main_2761854/27618541240.20210618014545.jpg', '강아지', '강아지 장난감/훈련', '훈련용품', 100, NULL, 100),
	(671, '딩동펫 애견 훈련용품 클리커', 2890, '딩동펫', '', NULL, 0, 'https://shopping-phinf.pstatic.net/main_2404784/24047849235.20210120124309.jpg', '강아지', '강아지 장난감/훈련', '훈련용품', 100, NULL, 100),
	(672, '클리커 애견 훈련용품 트레이닝', 2090, '', '', NULL, 0, 'https://shopping-phinf.pstatic.net/main_2401526/24015261806.20200903032206.jpg', '강아지', '강아지 장난감/훈련', '훈련용품', 100, NULL, 100),
	(673, '애견훈련용품 스타마크 클리커 디럭스 프로트레이닝', 3260, '', '', NULL, 0, 'https://shopping-phinf.pstatic.net/main_3046995/30469950119.20220109002724.jpg', '강아지', '강아지 장난감/훈련', '훈련용품', 100, NULL, 100),
	(674, '헐티 울트라 입마개 1호 강아지입마개 애견훈련용품', 15900, '', '', NULL, 0, 'https://shopping-phinf.pstatic.net/main_2406246/24062466276.20200906203352.jpg', '강아지', '강아지 장난감/훈련', '훈련용품', 100, NULL, 100),
	(675, '딩동펫 고양이 안전장치 우주헬멧 입마개', 13900, '딩동펫', '딩동펫', NULL, 0, 'https://shopping-phinf.pstatic.net/main_2873141/28731412382.20210907003352.jpg', '고양이', '강아지 장난감/훈련', '훈련용품', 100, NULL, 100),
	(676, '댕댕이 멀티파우치 애완견훈련용품', 6300, '', '', NULL, 0, 'https://shopping-phinf.pstatic.net/main_3123615/31236159270.20220310004148.jpg', '강아지', '강아지 장난감/훈련', '훈련용품', 100, NULL, 100),
	(677, '전기식 짖음방지기 애견용품 애견훈련용품 목줄 애완', 15000, '', '', NULL, 0, 'https://shopping-phinf.pstatic.net/main_2404673/24046735550.20200905000946.jpg', '강아지', '강아지 장난감/훈련', '훈련용품', 0, NULL, 100),
	(678, '퍼핑 강아지짐볼 운동기구 애견 밸런스볼', 13900, '', '', NULL, 0, 'https://shopping-phinf.pstatic.net/main_8313912/83139120784.2.jpg', '강아지', '강아지 장난감/훈련', '훈련용품', 0, NULL, 100),
	(679, '강아지 훈련포켓 훈련 간식주머니 트릿백 실리콘', 4732, '', '', NULL, 0, 'https://shopping-phinf.pstatic.net/main_2680148/26801487281.20210417180411.jpg', '강아지', '강아지 장난감/훈련', '훈련용품', 0, NULL, 100),
	(680, '정전식 터치 버전업 베리앤펫 LED 터치톡 강아지 말하는 버튼 녹음벨 간식벨 녹음부저 훈련용 벨 번역기', 12000, '', '', NULL, 0, 'https://shopping-phinf.pstatic.net/main_3081747/30817474394.20220205234804.jpg', '강아지', '강아지 장난감/훈련', '훈련용품', 0, NULL, 100),
	(681, '리리펫 열빙어 트릿 60g', 6400, '리리펫', '리리펫', NULL, 0, 'https://shopping-phinf.pstatic.net/main_2828458/28284584556.20210804103253.jpg', '고양이', '고양이 간식', '동결건조 간식', 100, NULL, 100),
	(682, '닥터푸 고양이 동결건조간식 대용량 열빙어트릿 240g', 22960, '닥터푸', '닥터푸', NULL, 0, 'https://shopping-phinf.pstatic.net/main_3162443/31624431618.20220406104430.jpg', '고양이', '고양이 간식', '동결건조 간식', 100, NULL, 103),
	(683, '동결건조 간식 북어트릿 85g', 8900, '', '', NULL, 0, 'https://shopping-phinf.pstatic.net/main_2777588/27775888522.20210629101353.jpg', '고양이', '고양이 간식', '동결건조 간식', 100, NULL, 100),
	(684, '닥터푸 북어 트릿 240g', 20900, '닥터푸', '닥터푸', NULL, 0, 'https://shopping-phinf.pstatic.net/main_3164215/31642156618.20220407095740.jpg', '고양이', '고양이 간식', '동결건조 간식', 100, NULL, 105),
	(685, '캐츠랑 전연령 단백질원 80% 이상 사료', 5600, '캐츠랑', '대주산업', NULL, 0, 'https://shopping-phinf.pstatic.net/main_1185808/11858083484.20201209153221.jpg', '고양이', '고양이 사료', '건식사료', 100, NULL, 101),
	(686, '고양이사료대용량 길고양이 길냥이 밥 브프캣 20kg', 26900, '', '', NULL, 0, 'https://shopping-phinf.pstatic.net/main_8294674/82946742241.jpg', '고양이', '고양이 사료', '건식사료', 100, NULL, 100),
	(687, '웰스비 캣 올에이지 비프 가수분해 사료', 37900, '웰스비', '', NULL, 0, 'https://shopping-phinf.pstatic.net/main_3086509/30865092618.20220215123620.jpg', '고양이', '고양이 사료', '건식사료', 100, NULL, 100),
	(688, '로얄캐닌 인도어 27', 6390, '로얄캐닌', '로얄캐닌', NULL, 0, 'https://shopping-phinf.pstatic.net/main_5665403/5665403950.20191023164538.jpg', '고양이', '고양이 사료', '건식사료', 50, NULL, 188),
	(689, '<b>마이펫닥터 시그니처 유기농 알러제닉 눈물 사료</b>', 17000, '마이펫닥터', '', NULL, 0, 'https://shopping-phinf.pstatic.net/main_2640626/26406266522.20210318125034.jpg', '강아지', '강아지 사료/건식사료', '건식사료', 94, NULL, 106),
	(690, '<b>더마독 피부 모질</b>', 29000, '더마독', '펫원', NULL, 0, 'https://shopping-phinf.pstatic.net/main_1933091/19330910518.20220414133332.jpg', '강아지', '강아지 사료/건식사료', '건식사료', 100, NULL, 101),
	(692, '100% 천연 강아지 우드스틱 커피나무 츄 이갈이 장난감 카페마데라', 4200, '', '', NULL, 0, 'https://shopping-phinf.pstatic.net/main_3004692/30046922783.20211227144352.jpg', '강아지', '용품', '장난감/토이', 100, NULL, 100),
	(696, '리리펫 강아지 우드스틱 이갈이 장난감 커피나무 개껌', 4200, '리리펫', '', NULL, 0, 'https://shopping-phinf.pstatic.net/main_2986153/29861536784.20211127234804.jpg', '강아지', '용품', '장난감/토이', 100, NULL, 100),
	(698, '강아지 만득이 인형 칼리 공 놀이 삑삑이 라텍스 장난감', 2290, '', '', NULL, 0, 'https://shopping-phinf.pstatic.net/main_2633810/26338106910.20220331031707.jpg', '강아지', '용품', '장난감/토이', 100, NULL, 100),
	(699, '펫스테이지 강아지 커피나무 나무스틱 우드스틱 이갈이 장난감 커피츄 디어혼 치카본', 3250, '', '', NULL, 0, 'https://shopping-phinf.pstatic.net/main_8219937/82199378042.3.jpg', '강아지', '용품', '장난감/토이', 100, NULL, 100),
	(700, '비스토어 강아지터그놀이 강아지 이갈이 애견 장난감 공', 1900, '비스토어', '재영코프레이션', NULL, 0, 'https://shopping-phinf.pstatic.net/main_8250277/82502776878.1.jpg', '강아지', '용품', '장난감/토이', 100, NULL, 100),
	(701, '가또블랑코 아이언 캣폴 고양이 캣타워 3단세트', 109000, '가또블랑코', '가또블랑코', NULL, 0, 'https://shopping-phinf.pstatic.net/main_2840747/28407471555.20210813123246.jpg', '고양이', '고양이 캣타워', '', 100, NULL, 100),
	(702, '가또블랑코 고양이모래 먼지없는 벤토나이트 더스트제로 6kg', 32400, '가또블랑코', '가또블랑코', NULL, 0, 'https://shopping-phinf.pstatic.net/main_2952100/29521005618.20211103113906.jpg', '고양이', '고양이 배변용품', '응고형모래', 100, NULL, 100),
	(703, '퓨어비타 캣 그레인프리 치킨', 11280, '퓨어비타', '', NULL, 0, 'https://shopping-phinf.pstatic.net/main_7945777/7945777659.20190926144728.jpg', '고양이', '고양이 사료', '건식사료', 100, NULL, 100),
	(704, '네이월 동결건조 열빙어 트릿 4p', 2900, '네이월', '네이월', NULL, 0, 'https://shopping-phinf.pstatic.net/main_3003021/30030212619.20211210160425.jpg', '고양이', '고양이 간식', '동결건조 간식', 100, NULL, 104),
	(705, '로얄캐닌 마더 앤 베이비 캣 캔', 1580, '로얄캐닌', '로얄캐닌', NULL, 0, 'https://shopping-phinf.pstatic.net/main_1423949/14239496377.20180507155023.jpg', '고양이', '고양이 사료', '습식사료', 99, NULL, 101),
	(706, '동물사랑APS 앱스랑 사막화방지 화장실 대형 고양이 화장실 후드형', 29000, '동물사랑APS', '', NULL, 0, 'https://shopping-phinf.pstatic.net/main_2975526/29755268666.20211202020301.jpg', '고양이', '고양이 배변용품', '후드형화장실', 100, NULL, 100),
	(707, '아이원펫 대형 배변통 고양이 화장실', 18800, '아이원펫', '', NULL, 0, 'https://shopping-phinf.pstatic.net/main_2670286/26702866279.20210409185310.jpg', '고양이', '고양이 배변용품', '후드형화장실', 100, NULL, 100),
	(708, '38.5 초유한스푼 고양이 영양제 120g', 23760, '38.5', '', NULL, 0, 'https://shopping-phinf.pstatic.net/main_2013872/20138729407.20190709122934.jpg', '고양이', '고양이 건강/관리용품', '영양제', 100, NULL, 100),
	(709, '펫모어 오메가침대 강아지 고양이 방석 쿠션 침대 꿀잠 침대방석 세트', 69000, '펫모어', '', NULL, 0, 'https://shopping-phinf.pstatic.net/main_3031844/30318449827.20220127013724.jpg', '강아지/고양이', '리빙용품', '쿠션/방석', 100, NULL, 100),
	(711, '소동물 반려 동물 다람쥐 케이지 친칠라 집 하우스', 46390, '', '', NULL, 0, 'https://shopping-phinf.pstatic.net/main_2965740/29657401755.20211112221727.jpg', '기타', '햄스터용품', '', 0, NULL, 100),
	(712, '닥터바이 강아지수제간식 전복 삼계 오리 북어 야채 죽 국내생산 애견보양식 100g 5개입', 13900, '닥터바이', '펫원', NULL, 0, 'https://shopping-phinf.pstatic.net/main_8293968/82939686473.4.jpg', '강아지', '강아지 간식/수제간식', '수제간식', 100, NULL, 100),
	(713, '멍반점 1+1 오래먹는 국내산 강아지수제간식', 4600, '', '', NULL, 0, 'https://shopping-phinf.pstatic.net/main_8381374/83813749474.3.jpg', '강아지', '강아지 간식/수제간식', '수제간식', 100, NULL, 100),
	(714, '파피앤덕 오리날개 500g 강아지 수제간식 대형견간식', 7900, '', '', NULL, 0, 'https://shopping-phinf.pstatic.net/main_1300714/13007145726.42.jpg', '강아지', '강아지 간식/수제간식', '수제간식', 100, NULL, 100),
	(715, '까까묵자 애견 수제간식 피크닉 세트 멍피자 멍치킨 강아지 피자 강아지 치킨', 12000, '', '까까묵자', NULL, 0, 'https://shopping-phinf.pstatic.net/main_8318845/83188454357.1.jpg', '강아지', '강아지 간식/수제간식', '수제간식', 100, NULL, 100),
	(716, '강아지수제간식 무염황태40g 네이월 노즈워크 노령견 보양식', 5700, '네이월', '네이월', NULL, 0, 'https://shopping-phinf.pstatic.net/main_1054141/10541412025.1.jpg', '강아지', '강아지 간식/수제간식', '수제간식', 100, NULL, 100),
	(717, '파피앤덕 돼지귀 5p 강아지 수제간식 대형견간식', 6900, '', '', NULL, 0, 'https://shopping-phinf.pstatic.net/main_1302332/13023320293.32.jpg', '강아지', '강아지 간식/수제간식', '수제간식', 100, NULL, 100),
	(718, '매일 다른 강아지 간식 맞춤 펫토마이즈', 38900, '', '', NULL, 0, 'https://shopping-phinf.pstatic.net/main_3153968/31539685896.20220406040758.jpg', '강아지', '강아지 간식/수제간식', '수제간식', 100, NULL, 100),
	(719, '파피앤덕 돼지귀 슬라이스 340g 강아지 수제간식', 9500, '', '', NULL, 0, 'https://shopping-phinf.pstatic.net/main_1302322/13023224839.13.jpg', '강아지', '강아지 간식/수제간식', '수제간식', 100, NULL, 100),
	(720, '네이월 오리황태말이 강아지수제간식 6p 노견 새끼강아지간식', 3600, '네이월', '네이월', NULL, 0, 'https://shopping-phinf.pstatic.net/main_8310768/83107681434.jpg', '강아지', '강아지 간식/수제간식', '수제간식', 100, NULL, 100),
	(722, '강아지 터그놀이 치석제거 장난감 이갈이 삑삑이 간식놀이', 1300, '', '', NULL, 0, 'https://shopping-phinf.pstatic.net/main_1265978/12659781236.15.jpg', '강아지', '용품', '장난감/토이', 100, NULL, 100),
	(724, '강아지 장난감 소형견 중형견 대형견 애착 인형 아기 새끼 삑삑이 바스락 이갈이 터그 놀이 당근 치실 공', 500, '이모펫', '', NULL, 0, 'https://shopping-phinf.pstatic.net/main_8225065/82250651569.5.jpg', '강아지', '용품', '장난감/토이', 100, NULL, 100),
	(725, '[바램펫] 피트니스PRO 강아지 고양이 간식로봇장난감', 90000, '바램펫', '바램시스템', NULL, 0, 'https://shopping-phinf.pstatic.net/main_8201177/82011776465.9.jpg', '강아지/고양이', '용품', '장난감/토이', 100, NULL, 100),
	(728, '대형견터그 강아지 터그 놀이 이갈이 애견 장난감', 9900, '', '', NULL, 0, 'https://shopping-phinf.pstatic.net/main_3217199/32171993041.20220504200553.jpg', '강아지', '용품', '장난감/토이', 100, NULL, 100),
	(729, '[NEW 전용공 출시] 강아지 움직이는 장난감 놀이기구 혼자놀기 자동 강아지공놀이 도기볼', 59000, '', '', NULL, 0, 'https://shopping-phinf.pstatic.net/main_8215420/82154202092.5.jpg', '강아지', '용품', '장난감/토이', 100, NULL, 100),
	(730, '천연 라텍스 강아지장난감 애견장난감모음 이갈이 치석제거 장난감', 3900, '칼리', '', NULL, 0, 'https://shopping-phinf.pstatic.net/main_8175019/81750191284.jpg', '강아지', '용품', '장난감/토이', 100, NULL, 100),
	(733, '헬로도기 무독성 천연고무 강아지장난감 애견장난감모음 이갈이 치석제거 장난감', 2900, '헬로도기', '', NULL, 0, 'https://shopping-phinf.pstatic.net/main_8205095/82050958069.jpg', '강아지', '용품', '장난감/토이', 100, NULL, 100),
	(734, 'PETCA 강아지 장난감 터그놀이 삑삑이 이갈이 강아지장난감인형', 840, '', '', NULL, 0, 'https://shopping-phinf.pstatic.net/main_8392858/83928585160.jpg', '강아지', '용품', '장난감/토이', 100, NULL, 100),
	(735, '커피나무로 만든 커피츄 100% 강아지 우드 스틱 이갈이 장난감', 5000, '', '', NULL, 0, 'https://shopping-phinf.pstatic.net/main_8241785/82417859645.jpg', '강아지', '용품', '장난감/토이', 100, NULL, 100),
	(736, '칼리 스위티 라텍스 강아지 장난감 고무공 볼 테니스볼 터그인형 봉제인형 로프', 950, '칼리', '', NULL, 0, 'https://shopping-phinf.pstatic.net/main_8292558/82925586678.5.jpg', '강아지', '용품', '장난감/토이', 100, NULL, 100),
	(737, '버디부 버디볼, 노즈워크 피트니스 볼 자동장난감 강아지장난감', 29800, '', '', NULL, 0, 'https://shopping-phinf.pstatic.net/main_2854436/28544369450.jpg', '강아지', '용품', '장난감/토이', 100, NULL, 100),
	(738, '강아지 노즈워크 분리불안 훈련 간식장난감 클립 - 요기 푸드클립', 10000, '요기펫', '요기펫', NULL, 0, 'https://shopping-phinf.pstatic.net/main_1169228/11692282974.5.jpg', '강아지', '용품', '장난감/토이', 100, NULL, 100),
	(739, '패리스독 귀여운 강아지 노즈워크 훈련 장난감 토이 모음', 2000, '패리스독', '', NULL, 0, 'https://shopping-phinf.pstatic.net/main_8398563/83985630738.4.jpg', '강아지', '용품', '장난감/토이', 100, NULL, 100),
	(740, '풀러 강아지 애견 터그 놀이 반려견 장남감 이갈이 대형견 훈련 교육 용품', 15800, '', '', NULL, 0, 'https://shopping-phinf.pstatic.net/main_8241681/82416815521.3.jpg', '강아지', '용품', '장난감/토이', 100, NULL, 100),
	(741, '[러그140x180cm] 디팡 2개구성 소형견용 펫플레이 강아지매트 미끄럼방지매트', 107600, '디팡', '디팡', NULL, 0, 'https://shopping-phinf.pstatic.net/main_1283709/12837095608.11.jpg', '강아지', '리빙용품', '매트', 100, NULL, 100),
	(742, '체리펫 강아지매트 고양이 애견 슬개골탈구 미끄럼방지패드 방수 복도 거실 바닥시공 층간소음', 59000, '체리펫', '체리나무', NULL, 0, 'https://shopping-phinf.pstatic.net/main_1236042/12360422354.3.jpg', '강아지', '리빙용품', '매트', 100, NULL, 100),
	(743, '딩동펫 애견 미끄럼방지 매트', 18600, '딩동펫', '', NULL, 0, 'https://shopping-phinf.pstatic.net/main_3081747/30817473353.20220408010737.jpg', '강아지', '리빙용품', '매트', 100, NULL, 100),
	(744, '로하우스 미끄럼방지 애견매트 논슬립 펫 강아지 고양이 롤매트', 9900, '로하우스', '로하우스', NULL, 0, 'https://shopping-phinf.pstatic.net/main_8346566/83465665948.1.jpg', '강아지/고양이', '리빙용품', '매트', 100, NULL, 100),
	(745, '엘리샤펫 애견매트 논슬립 미끄럼방지매트', 49000, '엘리샤펫', '카라즈', NULL, 0, 'https://shopping-phinf.pstatic.net/main_1258230/12582305678.1.jpg', '강아지', '리빙용품', '매트', 100, NULL, 100),
	(746, '1+1 강아지매트 애견미끄럼방지 방수 매트', 117800, '엘리시아', '엘리시아', NULL, 0, 'https://shopping-phinf.pstatic.net/main_1287475/12874756736.2.jpg', '강아지', '리빙용품', '매트', 100, NULL, 100),
	(747, '강아지 매트 장판 시공 미끄럼방지 거실 복도 롤', 60800, '', '', NULL, 0, 'https://shopping-phinf.pstatic.net/main_8308752/83087528304.jpg', '강아지', '리빙용품', '매트', 100, NULL, 100),
	(748, '리포소 1004 애견 강아지 반려견 방수 미끄럼방지 매트 슬개골탈구방지 애완견 거실 애견매', 11400, '리포소', '디자인코지', NULL, 0, 'https://shopping-phinf.pstatic.net/main_2901933/29019335635.20220329175521.jpg', '강아지', '리빙용품', '매트', 100, NULL, 100),
	(749, '노곤하개 강아지 매트 애견 미끄럼방지 반려견 패드 논슬립 쿨 바닥 맞춤 40x10cm', 2300, '', '', NULL, 0, 'https://shopping-phinf.pstatic.net/main_8313976/83139765183.4.jpg', '강아지', '리빙용품', '매트', 100, NULL, 100),
	(750, '체리펫 강아지매트', 76700, '체리펫', '체리나무', NULL, 0, 'https://shopping-phinf.pstatic.net/main_1197558/11975584395.20201217152538.jpg', '강아지', '리빙용품', '매트', 100, NULL, 100),
	(751, '퍼핑 강아지 매트 러그 미끄럼방지 방수 매트리스 바닥 장판 시공', 79000, '퍼핑', '', NULL, 0, 'https://shopping-phinf.pstatic.net/main_8278502/82785025528.jpg', '강아지', '리빙용품', '매트', 100, NULL, 100),
	(752, '1+1 PVC강아지매트 애견미끄럼방지매트', 117800, '엘리시아', '엘리시아', NULL, 0, 'https://shopping-phinf.pstatic.net/main_8212527/82125273087.5.jpg', '강아지', '리빙용품', '매트', 100, NULL, 100),
	(753, '딩동펫 애견 미끄럼방지매트', 1090, '딩동펫', '딩동펫', NULL, 0, 'https://shopping-phinf.pstatic.net/main_1732574/17325741362.20210120155423.jpg', '강아지', '리빙용품', '매트', 100, NULL, 100),
	(754, '휴팡 멀티 pvc롤매트 셀프시공 강아지매트 미끄럼방지 슬개골보호 애견매트', 9800, '휴팡', '휴팡', NULL, 0, 'https://shopping-phinf.pstatic.net/main_3172894/31728949033.20220412003124.jpg', '강아지', '리빙용품', '매트', 100, NULL, 100),
	(755, '디어도르 강아지쿨매트 애견쿨매트 즉각쿨링효과', 6900, '디어도르', '', NULL, 0, 'https://shopping-phinf.pstatic.net/main_8257832/82578326219.1.jpg', '강아지', '리빙용품', '매트', 100, NULL, 100),
	(756, '개매트 강아지매트시공 강아지미끄럼방지패드', 43040, '', '', NULL, 0, 'https://shopping-phinf.pstatic.net/main_8362188/83621881791.jpg', '강아지', '리빙용품', '매트', 100, NULL, 100),
	(757, '[BEBEAN 베베앙] 퍼피앙 애견매트 강아지매트 반려견 펫 복도 미끄럼방지 롤타입', 10000, 'BEBEAN', '대산케미텍', NULL, 0, 'https://shopping-phinf.pstatic.net/main_8276734/82767341385.jpg', '강아지', '리빙용품', '매트', 100, NULL, 100),
	(758, '천일카페트 강아지 고양이 애견 미끄럼방지 매트', 3000, '천일카페트', '천일카페트', NULL, 0, 'https://shopping-phinf.pstatic.net/main_2905108/29051081955.20220105175312.jpg', '강아지/고양이', '리빙용품', '매트', 100, NULL, 100),
	(759, '애견카페트 애견 강아지매트 미끄럼방지 타일카페트', 1640, '', '', NULL, 0, 'https://shopping-phinf.pstatic.net/main_2886263/28862630584.20210915214036.jpg', '강아지', '리빙용품', '매트', 100, NULL, 100),
	(760, '[휘슬펫] 강아지 롤매트 5종 100x50cm', 8900, '', '', NULL, 0, 'https://shopping-phinf.pstatic.net/main_8296432/82964320325.1.jpg', '강아지', '리빙용품', '매트', 100, NULL, 100),
	(761, '블루선 고양이 회전장난감', 12000, '블루선', '', NULL, 0, 'https://shopping-phinf.pstatic.net/main_3153869/31538694657.20220330234750.jpg', '고양이', '용품', '자동장난감', 100, NULL, 100),
	(762, '세븐펫 고양이 삼줄 볼 수직형 스크래쳐', 17900, '세븐펫', '세븐펫', NULL, 0, 'https://shopping-phinf.pstatic.net/main_2920408/29204084618.20211012170119.jpg', '고양이', '고양이 장난감', '스크래쳐', 100, NULL, 100),
	(763, '크림펫 고양이 스크래쳐 수직 평판 원형 소파 기둥 원목 장난감', 13900, '크림펫', '', NULL, 0, 'https://shopping-phinf.pstatic.net/main_8211146/82111469158.8.jpg', '고양이', '고양이 장난감', '스크래쳐', 100, NULL, 100),
	(764, '하겐 셀러허브 펫 애블리즈 고양이 트릿 먹이퍼즐 냥냥펀치 간식 장난감 p321084475', 26500, '하겐', '', NULL, 0, 'https://shopping-phinf.pstatic.net/main_3167195/31671952296.20220408114856.jpg', '고양이', '고양이 장난감', '토이/쿠션/공', 100, NULL, 100),
	(765, '캣츠빌 고양이 낚시대 8종 세트', 11900, '캣츠빌', '', NULL, 0, 'https://shopping-phinf.pstatic.net/main_2406392/24063924419.20200907020646.jpg', '고양이', '고양이 장난감', '낚시/막대', 100, NULL, 100),
	(766, '데코퐁 고양이스크래쳐 박스 스크래치 롱바디 사쿠라 한라봉 크리스마스 라멘', 6900, '데코퐁', '', NULL, 0, 'https://shopping-phinf.pstatic.net/main_2648403/26484032267.20211019171416.jpg', '고양이', '고양이 장난감', '스크래쳐', 100, NULL, 100),
	(767, '마따따비 고양이 캣닙 캣닢 캣잎 사탕', 2090, '', '', NULL, 0, 'https://shopping-phinf.pstatic.net/main_8236020/82360208328.jpg', '고양이', '고양이 장난감', '토이/쿠션/공', 100, NULL, 100),
	(768, '고양이 스크래쳐 카페트 주문제작 매트', 16000, '가르르', '가르르', NULL, 0, 'https://shopping-phinf.pstatic.net/main_8252281/82522810633.6.jpg', '고양이', '고양이 장난감', '스크래쳐', 100, NULL, 100),
	(769, '가리가리 고양이 스크래쳐 장난감 용품 모던캣 빅써클', 7900, '', '', NULL, 0, 'https://shopping-phinf.pstatic.net/main_9394658/9394658335.3.jpg', '고양이', '고양이 장난감', '스크래쳐', 100, NULL, 100),
	(770, '(충전형) 펫디아 USB 롤링오뚝이 고양이 자동 장난감 충전형', 25900, '펫디아', '', NULL, 0, 'https://shopping-phinf.pstatic.net/main_8359816/83598169288.1.jpg', '고양이', '용품', '자동장난감', 100, NULL, 100),
	(771, '미묘 AB골 쇼파스크레쳐 캣스크래 고양이놀이감 애묘장난감 토 NH-2200', 15700, '', '', NULL, 0, 'https://shopping-phinf.pstatic.net/main_2990863/29908636096.20211202004939.jpg', '고양이', '고양이 장난감', '스크래쳐', 100, NULL, 100),
	(772, '키트니 냥모나이트 고양이 스크래쳐 원형 캣모나이트 침대 중대형', 12500, '키트니', '', NULL, 0, 'https://shopping-phinf.pstatic.net/main_2778906/27789068522.20210630104841.jpg', '고양이', '고양이 장난감', '스크래쳐', 100, NULL, 100),
	(773, '가또블랑코 피타 스크래쳐 타워', 69000, '가또블랑코', '가또블랑코', NULL, 0, 'https://shopping-phinf.pstatic.net/main_2112459/21124597634.20191021122348.jpg', '고양이', '고양이 장난감', '스크래쳐', 100, NULL, 100),
	(774, '고양이 장난감 막대 깃털 낚시대 축구공 반려묘 냥이 놀이감', 980, '', '', NULL, 0, 'https://shopping-phinf.pstatic.net/main_8274083/82740839550.jpg', '고양이', '고양이 장난감', '낚시/막대', 100, NULL, 100),
	(775, '언니픽 고양이스크래쳐 수직형 스크레쳐', 22900, '', '', NULL, 0, 'https://shopping-phinf.pstatic.net/main_3185894/31858942661.20220416151635.jpg', '고양이', '고양이 장난감', '스크래쳐', 100, NULL, 100),
	(776, '금돌캣 핸드메이드 고양이장난감 리필 낚시대 모음전', 2200, '금돌캣', '', NULL, 0, 'https://shopping-phinf.pstatic.net/main_8301640/83016400845.2.jpg', '고양이', '고양이 장난감', '낚시/막대', 100, NULL, 100),
	(777, '위드캣 알뜰평판 3P형 고양이스크래쳐', 4100, '', '', NULL, 0, 'https://shopping-phinf.pstatic.net/main_2685835/26858350282.20210421190744.jpg', '고양이', '고양이 장난감', '스크래쳐', 100, NULL, 100),
	(778, '가또나인 고양이 스크래쳐 장난감 용품 모음전 KC인증', 17900, '', '빅트리', NULL, 0, 'https://shopping-phinf.pstatic.net/main_1185459/11854591070.11.jpg', '고양이', '고양이 장난감', '스크래쳐', 100, NULL, 100),
	(779, '하겐 캣잇 고양이 먹이퍼즐 간식 장난감 푸드트리 디거 서킷 트릿퍼즐', 10900, '하겐', '하겐', NULL, 0, 'https://shopping-phinf.pstatic.net/main_8215170/82151706687.14.jpg', '고양이', '고양이 장난감', '토이/쿠션/공', 100, NULL, 100),
	(780, '죠스펫 움직이는 물고기 팔당물고기 정품 춤추는 강아지 고양이장난감 충전식 장난감', 8990, '', '', NULL, 0, 'https://shopping-phinf.pstatic.net/main_8253066/82530665490.5.jpg', '강아지/고양이', '고양이 장난감', '토이/쿠션/공', 100, NULL, 100),
	(791, '카샤카샤 고양이장난감 고양이낚시대 리필 깃털 오뎅꼬치 캣닢 마따따비 억새풀', 1900, '', 'ANF', NULL, 0, 'https://shopping-phinf.pstatic.net/main_8162790/81627906544.2.jpg', '고양이', '고양이 장난감', '낚시/막대', 100, NULL, 100),
	(792, '고양이오뚜기볼 - 펫위드 고양이 장난감 회전 공 자동 오뚜기', 5900, '', '', NULL, 0, 'https://shopping-phinf.pstatic.net/main_3109130/31091307051.20220302053535.jpg', '고양이', '고양이 장난감', '토이/쿠션/공', 100, NULL, 100),
	(793, '캣닢이 들어있는 고양이 탁구공 장난감', 15900, '', '', NULL, 0, 'https://shopping-phinf.pstatic.net/main_8412113/84121130853.jpg', '고양이', '고양이 장난감', '낚시/막대', 100, NULL, 100),
	(794, '춤추는물고기 움직이는 생선 물고기인형 고양이장난감', 5310, '', '', NULL, 0, 'https://shopping-phinf.pstatic.net/main_3070707/30707072578.20220331030954.jpg', '고양이', '고양이 장난감', '토이/쿠션/공', 100, NULL, 100),
	(795, '루시몰 고양이 스크래쳐 원형 대형 써클 리필 스크래처 장난감 물품 쇼파 침대 캣모나이트', 16000, '', '', NULL, 0, 'https://shopping-phinf.pstatic.net/main_8327885/83278855918.6.jpg', '고양이', '고양이 장난감', '스크래쳐', 100, NULL, 100),
	(796, '뽀떼 뽀핑크뽀그레이_L3 고양이 평판형 스크래쳐', 27880, '뽀떼', '', NULL, 0, 'https://shopping-phinf.pstatic.net/main_2723267/27232672282.20220128004503.jpg', '고양이', '고양이 장난감', '스크래쳐', 100, NULL, 100),
	(797, '고양이 캣닢 사탕 캔디 볼 음수량 증가 헤어볼 감소 스트레스해소 캣잎 장난감 골골 공', 2500, '', '', NULL, 0, 'https://shopping-phinf.pstatic.net/main_8247540/82475409378.jpg', '고양이', '고양이 장난감', '토이/쿠션/공', 100, NULL, 100),
	(798, '유미캣 고양이 낚시대 장난감 깃털 리필 74종 모음', 700, '유미캣', '', NULL, 0, 'https://shopping-phinf.pstatic.net/main_8222267/82222676313.7.jpg', '고양이', '고양이 장난감', '낚시/막대', 100, NULL, 100),
	(799, '고양이장난감 하겐 캣잇 플레이 트릿 퍼즐', 14650, '', '', NULL, 0, 'https://shopping-phinf.pstatic.net/main_3022387/30223873291.20220331034035.jpg', '고양이', '고양이 장난감', '토이/쿠션/공', 100, NULL, 100),
	(800, '쥬아펫 스윙프렌즈 고양이 장난감 낚시대 리필 깃털 장난감 (총 44종류 )', 990, '쥬아펫', '', NULL, 0, 'https://shopping-phinf.pstatic.net/main_8252237/82522377337.4.jpg', '고양이', '고양이 장난감', '낚시/막대', 100, NULL, 100),
	(801, '세상 튼튼한 모든펫 캣폴 원목 캣타워', 94000, '모든펫', '나무꾼', NULL, 0, 'https://shopping-phinf.pstatic.net/main_8281155/82811557559.2.jpg', '고양이', '고양이 캣타워', '', 100, NULL, 100),
	(802, '고양이 캣타워 캣폴 원목 반려묘 캣휠 스크래처 대형', 174530, '', '', NULL, 0, 'https://shopping-phinf.pstatic.net/main_3031973/30319730359.20211228023052.jpg', '고양이', '고양이 캣타워', '', 100, NULL, 100),
	(803, '가또페로 화이트폴 멀티 커스텀 고양이 캣폴 캣타워 반려묘 놀이터 피단 오토토이', 100000, '', '', NULL, 0, 'https://shopping-phinf.pstatic.net/main_3065450/30654501467.20220125042332.jpg', '고양이', '고양이 캣타워', '', 100, NULL, 100),
	(804, '그린웨일 B7 원목 캣폴 캣타워', 298000, '그린웨일', '다원팩토리', NULL, 0, 'https://shopping-phinf.pstatic.net/main_2866853/28668530557.20210901120403.jpg', '고양이', '고양이 캣타워', '', 100, NULL, 100),
	(805, '펫올 캣타워 원목대형 알루미늄기둥', 199000, '', '', NULL, 0, 'https://shopping-phinf.pstatic.net/main_2854678/28546782283.20210824025119.jpg', '고양이', '고양이 캣타워', '', 100, NULL, 100),
	(806, '캣츠빌 THE큰타워 B타입 원목 캣타워', 378000, '캣츠빌', '캣츠빌', NULL, 0, 'https://shopping-phinf.pstatic.net/main_3066604/30666047110.20220321050132.jpg', '고양이', '고양이 캣타워', '', 100, NULL, 100),
	(807, '하늘둥둥 고양이 캣타워 UFO스텝 혼합색상 1개', 33000, '하늘둥둥', '집사연구소', NULL, 0, 'https://shopping-phinf.pstatic.net/main_2795532/27955329893.20210711221242.jpg', '고양이', '고양이 캣타워', '', 100, NULL, 100),
	(808, '더따슴 고양이 스크래쳐 먼치킨 diy 원목 캣타워 5단 ct01z', 95920, '더따슴', '지비일렉트로닉스', NULL, 0, 'https://shopping-phinf.pstatic.net/main_3159880/31598803057.20220404024813.jpg', '고양이', '고양이 캣타워', '', 100, NULL, 100),
	(809, '캣츠빌 아쭈타워 5층 베스트옵션세트 A타입', 248000, '캣츠빌', '캣츠빌', NULL, 0, 'https://shopping-phinf.pstatic.net/main_2982403/29824031928.20211125004851.jpg', '고양이', '고양이 캣타워', '', 100, NULL, 100),
	(810, '오브바이포 고양이 베이직 캣폴', 104000, '오브바이포', '오브바이포', NULL, 0, 'https://shopping-phinf.pstatic.net/main_3028673/30286737296.20211226025620.jpg', '고양이', '고양이 캣타워', '', 100, NULL, 100),
	(811, '하츄펫 캣폴 고양이캣타워 알루미늄기둥', 199000, '', '', NULL, 0, 'https://shopping-phinf.pstatic.net/main_3064601/30646010974.20220123023848.jpg', '고양이', '고양이 캣타워', '', 100, NULL, 100),
	(812, '신개념 고양이놀이터 캣터-캣타워 집 스크래쳐', 19900, '', '', NULL, 0, 'https://shopping-phinf.pstatic.net/main_2404653/24046535141.20200904231523.jpg', '고양이', '고양이 캣타워', '', 100, NULL, 100),
	(813, '캣츠빌 먼치킨 타워 원목 캣타워', 94700, '캣츠빌', '캣츠빌', NULL, 0, 'https://shopping-phinf.pstatic.net/main_2983256/29832569618.20211125124354.jpg', '고양이', '고양이 캣타워', '', 100, NULL, 100),
	(814, '더따슴 고양이 스크래쳐 대형 뚱냥이 원목 캣타워 5단 CT01', 119000, '더따슴', '지비일렉트로닉스', NULL, 0, 'https://shopping-phinf.pstatic.net/main_2888958/28889584130.20210917185919.jpg', '고양이', '고양이 캣타워', '', 100, NULL, 100),
	(815, '캣츠빌 아쭈타워H 원목 캣타워', 108000, '캣츠빌', '캣츠빌', NULL, 0, 'https://shopping-phinf.pstatic.net/main_2838684/28386849554.20210811092806.jpg', '고양이', '고양이 캣타워', '', 100, NULL, 100),
	(816, '디어캣 원목 캣폴 캣타워 링타워', 229000, '디어캣', '디어캣', NULL, 0, 'https://shopping-phinf.pstatic.net/main_3080227/30802275619.20220211093422.jpg', '고양이', '고양이 캣타워', '', 100, NULL, 100),
	(817, '베이직준 옵션없는 3종 고급원목캣타워 DIY 대형 소형 미니 벽 먼치킨 원룸', 199000, '', '', NULL, 0, 'https://shopping-phinf.pstatic.net/main_3211557/32115576121.20220501113231.jpg', '고양이', '고양이 캣타워', '', 100, NULL, 100),
	(818, '찐사랑 DIY 원목 캣타워 켓타워 고양이용품 대형 A형 선반형 캣폴 튼튼한 고급 프리미엄', 154000, '', '대우산업', NULL, 0, 'https://shopping-phinf.pstatic.net/main_8268572/82685728514.6.jpg', '고양이', '고양이 캣타워', '', 100, NULL, 100),
	(819, '그린웨일 P1 고급 원목 알루미늄 대형 고양이 캣폴 캣타워 기본구성', 149000, '그린웨일', '다원팩토리', NULL, 0, 'https://shopping-phinf.pstatic.net/main_2857807/28578077683.20220317134547.jpg', '고양이', '고양이 캣타워', '', 99, NULL, 101),
	(820, 'BPF 캣폴 캣타워 일체형 고양이 스크래쳐', 93000, '', '', NULL, 0, 'https://shopping-phinf.pstatic.net/main_8331539/83315394152.jpg', '고양이', '고양이 캣타워', '', 100, NULL, 100),
	(831, '루어캣 고양이 숨숨집 스크래쳐 47', 8330, '', '', NULL, 0, 'https://shopping-phinf.pstatic.net/main_2439785/24397852318.20220510103311.jpg', '고양이', '고양이 장난감', '스크래쳐', 100, NULL, 100),
	(832, '노리펫 화이트 원형 고양이 스크래쳐', 11760, '노리펫', '', NULL, 0, 'https://shopping-phinf.pstatic.net/main_2990867/29908677138.20220503150509.jpg', '고양이', '고양이 장난감', '스크래쳐', 100, NULL, 100),
	(833, '고양이 스크래쳐 수직 우드 리필형 부착형 캣닢포함 장난감', 9900, '', '', NULL, 0, 'https://shopping-phinf.pstatic.net/main_8414303/84143032424.jpg', '고양이', '고양이 장난감', '스크래쳐', 100, NULL, 100),
	(834, '로마팸 장난감 숨숨집 수직 서클 라운드 캣닢 고양이 스크래쳐', 13900, '로마팸', '', NULL, 0, 'https://shopping-phinf.pstatic.net/main_8324155/83241555699.2.jpg', '고양이', '고양이 장난감', '스크래쳐', 100, NULL, 100),
	(835, '고양이스크래쳐 고양이 부착형 리필 포함 스크래쳐 놀이 장난감 용품', 14000, '고놈참', '가교', NULL, 0, 'https://shopping-phinf.pstatic.net/main_8269073/82690733144.3.jpg', '고양이', '고양이 장난감', '스크래쳐', 100, NULL, 100),
	(836, '루어캣 고양이 수직 스크래쳐 빅L', 2080, '', '', NULL, 0, 'https://shopping-phinf.pstatic.net/main_2928743/29287433074.20211019002842.jpg', '고양이', '고양이 장난감', '스크래쳐', 100, NULL, 100),
	(837, 'Tabby 그라운드 빅 소파 스크래쳐', 17900, '', '', NULL, 0, 'https://shopping-phinf.pstatic.net/main_2961096/29610960743.20211109222907.jpg', '고양이', '고양이 장난감', '스크래쳐', 100, NULL, 100),
	(838, '캣니스 친환경 고양이 스크래쳐 벽지', 8800, '', '', NULL, 0, 'https://shopping-phinf.pstatic.net/main_2608017/26080177947.20210221202421.jpg', '고양이', '고양이 장난감', '스크래쳐', 100, NULL, 100),
	(839, '고양이 스크래쳐 장난감 선인장 당근 기둥 수직', 19900, '', '', NULL, 0, 'https://shopping-phinf.pstatic.net/main_8307118/83071184699.16.jpg', '고양이', '고양이 장난감', '스크래쳐', 100, NULL, 100),
	(840, '모던하냥 고양이스크래쳐 터널 Type O - 대형', 21500, '', '', NULL, 0, 'https://shopping-phinf.pstatic.net/main_8156403/81564036183.jpg', '고양이', '고양이 장난감', '스크래쳐', 100, NULL, 100),
	(844, '고양이 스크래쳐 골판지 스크래쳐', 5800, '캣츠빌', '캣츠빌', NULL, 0, 'https://shopping-phinf.pstatic.net/main_8161935/81619353896.3.jpg', '고양이', '고양이 장난감', '스크래쳐', 100, NULL, 100),
	(847, '리치독스 고양이 스크래처 수직형 기둥 수직 선인장 당근 스크래쳐 숨숨집 고양이타워', 12900, '리치독스', '', NULL, 0, 'https://shopping-phinf.pstatic.net/main_8339314/83393149172.4.jpg', '고양이', '고양이 장난감', '스크래쳐', 100, NULL, 100),
	(848, '라라밤 2WAY 회전식 고양이 스크래쳐 장난감 수직 가리가리 원목 원형 기둥 기본형 S', 9900, '', '', NULL, 0, 'https://shopping-phinf.pstatic.net/main_8358606/83586067852.jpg', '고양이', '고양이 장난감', '스크래쳐', 100, NULL, 100),
	(849, '가리가리 고양이 스크래쳐 빅써클 월 소파', 6600, '', '', NULL, 0, 'https://shopping-phinf.pstatic.net/main_8010117/80101178249.1.jpg', '고양이', '고양이 장난감', '스크래쳐', 100, NULL, 100),
	(850, '고양이 스크래쳐 박스', 3500, '', '', NULL, 0, 'https://shopping-phinf.pstatic.net/main_8227121/82271212997.1.jpg', '고양이', '고양이 장난감', '스크래쳐', 100, NULL, 100),
	(851, '테비 플레이 그라운드 평판 고양이 스크래쳐3P 3개', 1200, '', '', NULL, 0, 'https://shopping-phinf.pstatic.net/main_2793075/27930752443.20220506034251.jpg', '고양이', '고양이 장난감', '스크래쳐', 100, NULL, 100),
	(852, '고양이 당근 스크래쳐 원형 방석 고양이 박스', 11000, '', '', NULL, 0, 'https://shopping-phinf.pstatic.net/main_8321815/83218156483.1.jpg', '고양이', '고양이 장난감', '스크래쳐', 100, NULL, 100),
	(853, '고놈참 고양이방석 고양이 스크래쳐 바구니 매트 용품', 11900, '', '', NULL, 0, 'https://shopping-phinf.pstatic.net/main_2869970/28699704921.20211016030051.jpg', '고양이', '고양이 장난감', '스크래쳐', 100, NULL, 100),
	(855, '화이트 고양이원형스크래쳐 대형 방석', 10800, '', '', NULL, 0, 'https://shopping-phinf.pstatic.net/main_8321825/83218253184.jpg', '고양이', '고양이 장난감', '스크래쳐', 100, NULL, 100),
	(856, '뽀떼 고양이 스크래쳐 T7', 31950, '뽀떼', '뽀떼', NULL, 0, 'https://shopping-phinf.pstatic.net/main_1931436/19314363941.20190516115322.jpg', '고양이', '고양이 장난감', '스크래쳐', 100, NULL, 100),
	(857, '5H펫 고양이 스크래쳐', 10900, '', '', NULL, 0, 'https://shopping-phinf.pstatic.net/main_8277429/82774296113.10.jpg', '고양이', '고양이 장난감', '스크래쳐', 100, NULL, 100),
	(858, '고양이놀이터 캣터 스크래쳐-캣타워 벽 바닥 사용가능', 15900, '', '런메이크', NULL, 0, 'https://shopping-phinf.pstatic.net/main_8259296/82592969702.5.jpg', '고양이', '고양이 장난감', '스크래쳐', 100, NULL, 100),
	(859, '네네린도 우드 수직 월 스크래쳐 외 고양이 스크래쳐 모음전', 22900, '네네린도', '', NULL, 0, 'https://shopping-phinf.pstatic.net/main_8313085/83130857661.1.jpg', '고양이', '고양이 장난감', '스크래쳐', 100, NULL, 100),
	(860, '고양이 몽마르트 스크래쳐 캣스크레쳐 침대 바스테트', 29900, '바스테트', '', NULL, 0, 'https://shopping-phinf.pstatic.net/main_8248820/82488203073.2.jpg', '고양이', '고양이 장난감', '스크래쳐', 100, NULL, 100),
	(871, '펫케어 초유한스푼 고양이용 영양제 120g', 25000, '', '', NULL, 0, 'https://shopping-phinf.pstatic.net/main_2831295/28312951109.jpg', '고양이', '고양이 건강/관리용품', '영양제', 100, NULL, 100),
	(872, '(오늘출발) 안티놀 래피드 30정 / 60정 / 90정 강아지/고양이용 Antinol', 34900, '', '바이오 라인', NULL, 0, 'https://shopping-phinf.pstatic.net/main_8397769/83977698514.4.jpg', '고양이', '강아지 건강/관리용품', '영양제', 100, NULL, 100),
	(873, '펫츠파인 마일드 샴푸 워터리스 세트 1+1 강아지용 고양이용 500ml 180ml', 54000, '펫츠파인', '그린코스', NULL, 0, 'https://shopping-phinf.pstatic.net/main_8339115/83391150560.2.jpg', '고양이', '미용/목욕', '샴푸/린스/비누', 100, NULL, 100),
	(874, '엔터펫 바이오강스 스팟온 외부기생충방제 5회분(고양이용)바이오스팟틱스', 13840, '', '', NULL, 0, 'https://shopping-phinf.pstatic.net/main_2260004/22600049186.3.jpg', '고양이', '고양이 건강/관리용품', '영양제', 100, NULL, 100),
	(875, '사이노퀸 캡슐 고양이용 30캡슐', 20000, '벳플러스', '', NULL, 0, 'https://shopping-phinf.pstatic.net/main_8319553/83195534851.4.jpg', '고양이', '고양이 건강/관리용품', '영양제', 100, NULL, 100),
	(876, '웰케어 유산균 고양이용 보조제 1.8g  30개', 66690, '웰케어', '', NULL, 0, 'https://shopping-phinf.pstatic.net/main_3094570/30945704186.2.jpg', '고양이', '고양이 건강/관리용품', '영양제', 100, NULL, 100),
	(877, '펫퍼스 뉴트리션 비거 캣 100g (고양이용 종합영양제)', 9740, '', '펫퍼스', NULL, 0, 'https://shopping-phinf.pstatic.net/main_2963780/29637805909.jpg', '고양이', '고양이 건강/관리용품', '영양제', 100, NULL, 100),
	(878, '마이뷰 종합영양제 300ml 고양이용', 23000, '', '', NULL, 0, 'https://shopping-phinf.pstatic.net/main_8246536/82465369091.jpg', '고양이', '고양이 건강/관리용품', '영양제', 100, NULL, 100),
	(879, '고양이용 마이뷰 (피부병예방영양제)300ml', 23000, '', '', NULL, 0, 'https://shopping-phinf.pstatic.net/main_1197539/11975399749.jpg', '고양이', '고양이 건강/관리용품', '영양제', 100, NULL, 100),
	(880, '엔피캣 10p(고양이용저칼로리투약보조제)', 9000, '', '성보', NULL, 0, 'https://shopping-phinf.pstatic.net/main_8344666/83446664825.jpg', '고양이', '고양이 건강/관리용품', '영양제', 100, NULL, 100),
	(881, '[벳플러스] 사이노퀸 캣 30캡슐 고양이용', 18000, '벳플러스', '', NULL, 0, 'https://shopping-phinf.pstatic.net/main_8357942/83579423718.1.jpg', '고양이', '고양이 건강/관리용품', '영양제', 100, NULL, 100),
	(882, '벨벳 웰케어 유산균 고양이용 투약보조제 10개', 7570, '벨벳', '', NULL, 0, 'https://shopping-phinf.pstatic.net/main_2661703/26617039618.2.jpg', '고양이', '고양이 건강/관리용품', '영양제', 100, NULL, 100),
	(883, '웰케어 생유산균 투약보조제 / 고양이용 100개', 90000, '', '', NULL, 0, 'https://shopping-phinf.pstatic.net/main_8282569/82825695526.jpg', '고양이', '고양이 건강/관리용품', '영양제', 100, NULL, 100),
	(884, '고양이용 헤어볼케어 영양보충제 튜브 몰트 페이스트', 38240, '', '', NULL, 0, 'https://shopping-phinf.pstatic.net/main_2703646/27036462267.jpg', '고양이', '고양이 건강/관리용품', '영양제', 100, NULL, 100),
	(885, '필루 천연해충방지 목걸이 어른고양이용 28cm', 12600, '', '', NULL, 0, 'https://shopping-phinf.pstatic.net/main_3164260/31642600309.jpg', '고양이', '고양이 건강/관리용품', '영양제', 100, NULL, 100),
	(886, '바이오강스 바이오스파틱스 고양이용 1ml 5개입', 13500, '바이오강스', '바이오강스', NULL, 0, 'https://shopping-phinf.pstatic.net/main_8309752/83097524371.jpg', '고양이', '고양이 건강/관리용품', '영양제', 100, NULL, 100),
	(888, '바이오강스 스팟온 (외부기생충) (고양이용)(5p)', 47180, '', '', NULL, 0, 'https://shopping-phinf.pstatic.net/main_2964037/29640373350.jpg', '고양이', '고양이 건강/관리용품', '영양제', 100, NULL, 100),
	(889, '[Pilou] 외부기생충예방 스팟온 고양이용', 15000, '', '', NULL, 0, 'https://shopping-phinf.pstatic.net/main_3077731/30777311790.jpg', '고양이', '고양이 건강/관리용품', '영양제', 100, NULL, 100),
	(891, '뉴트리션 비거 캣 100g (고양이용 종합영양제)', 9920, '', '', NULL, 0, 'https://shopping-phinf.pstatic.net/main_2703679/27036796753.jpg', '고양이', '고양이 건강/관리용품', '영양제', 100, NULL, 100),
	(892, '뉴트리나 참치와 닭안심 고양이용 비스트로 캔  160g  24개입', 22250, '', '', NULL, 0, 'https://shopping-phinf.pstatic.net/main_3151681/31516815126.jpg', '고양이', '고양이 간식', '캔/파우치', 100, NULL, 100),
	(893, '필루 스팟온골드 외부해충방지 고양이용 1ml', 12310, '', '', NULL, 0, 'https://shopping-phinf.pstatic.net/main_2703678/27036782104.jpg', '고양이', '고양이 건강/관리용품', '영양제', 100, NULL, 100),
	(894, '[고양이용] 사이노퀸 고양이 관절영양제 30캡슐', 25000, '', '', NULL, 0, 'https://shopping-phinf.pstatic.net/main_8337084/83370845309.2.jpg', '고양이', '고양이 건강/관리용품', '영양제', 100, NULL, 100),
	(895, '칸디올리 두오메가 500mg(30캡슐) 강아지용 고양이용', 23800, '', '', NULL, 0, 'https://shopping-phinf.pstatic.net/main_8322550/83225501456.jpg', '고양이', '고양이 건강/관리용품', '영양제', 100, NULL, 100),
	(896, '프로덴 플라그오프 고양이용 Plaqueoff 입냄새 치석', 29000, '', '', NULL, 0, 'https://shopping-phinf.pstatic.net/main_8223236/82232366386.jpg', '고양이', '고양이 건강/관리용품', '영양제', 100, NULL, 100),
	(897, '액티베이트 캣 고양이용 60캡슐 고양이항산화제 두뇌영양공급 노령묘 인지력유지', 41500, '벳플러스', '', NULL, 0, 'https://shopping-phinf.pstatic.net/main_8284595/82845951661.1.jpg', '고양이', '고양이 건강/관리용품', '영양제', 100, NULL, 100),
	(898, '사이노퀸 고양이용 30캡슐', 25000, '벳플러스', '', NULL, 0, 'https://shopping-phinf.pstatic.net/main_8094649/80946490111.4.jpg', '고양이', '고양이 건강/관리용품', '영양제', 100, NULL, 100),
	(899, '필루 내추럴 스팟온 골드 고양이용  1ml  1개', 7500, '필루', '', NULL, 0, 'https://shopping-phinf.pstatic.net/main_1918065/19180654831.4.jpg', '고양이', '고양이 건강/관리용품', '영양제', 100, NULL, 100),
	(911, '필루 진드기 벼룩 해충 예방 목걸이 고양이용', 5900, '필루', '필루', NULL, 0, 'https://shopping-phinf.pstatic.net/main_2054838/20548386137.jpg', '고양이', '고양이 건강/관리용품', '영양제', 100, NULL, 100),
	(912, '웰케어 생유산균 투약보조제 고양이용 10p', 7480, '웰케어', '', NULL, 0, 'https://shopping-phinf.pstatic.net/main_2445110/24451104527.20201014103707.jpg', '고양이', '고양이 건강/관리용품', '고양이유산균', 100, NULL, 100),
	(913, '[CAT] 카미녹스 60ml 고양이용 액상 칼륨영양제', 25500, '', '', NULL, 0, 'https://shopping-phinf.pstatic.net/main_8255511/82555112613.jpg', '고양이', '고양이 건강/관리용품', '영양제', 100, NULL, 100),
	(914, '액티베이트 캣 고양이용 항산화제 - 60캡슐', 56100, '벳플러스', '', NULL, 0, 'https://shopping-phinf.pstatic.net/main_8258489/82584892854.jpg', '고양이', '고양이 건강/관리용품', '영양제', 100, NULL, 100),
	(915, '벳플러스 사이노퀸 캣(고양이용) 관절영양제 30캡슐', 19500, '벳플러스', '', NULL, 0, 'https://shopping-phinf.pstatic.net/main_2625597/26255977891.24.jpg', '고양이', '고양이 건강/관리용품', '영양제', 100, NULL, 100),
	(916, '벨벳 벨벳 웰케어 유산균 고양이용 투약보조제 30개', 25800, '벨벳', '', NULL, 0, 'https://shopping-phinf.pstatic.net/main_2661791/26617914918.1.jpg', '고양이', '고양이 건강/관리용품', '영양제', 100, NULL, 100),
	(917, '베트리사이언스 레날에센셜 고양이용 타블렛/츄', 18500, '', '', NULL, 0, 'https://shopping-phinf.pstatic.net/main_8095346/80953468486.1.jpg', '고양이', '고양이 건강/관리용품', '영양제', 100, NULL, 100),
	(919, '바이오강스 스팟온(외부기생충) 고양이용5p', 15900, '', '', NULL, 0, 'https://shopping-phinf.pstatic.net/main_7751925/7751925752.2.jpg', '고양이', '고양이 건강/관리용품', '영양제', 100, NULL, 100),
	(920, '프로이젠 타블렛 200정 (고양이용)', 7990, '', '', NULL, 0, 'https://shopping-phinf.pstatic.net/main_8420094/84200942710.jpg', '고양이', '고양이 건강/관리용품', '영양제', 100, NULL, 100),
	(931, '고양이용 비토퀴놀 바이럴리스 젤 L라이신 보충제 5oz', 91410, '', '', NULL, 0, 'https://shopping-phinf.pstatic.net/main_3018430/30184303649.jpg', '고양이', '고양이 건강/관리용품', '영양제', 100, NULL, 100),
	(932, '웰케어 생유산균 투약보조제 / 고양이용 50개', 49000, '', '', NULL, 0, 'https://shopping-phinf.pstatic.net/main_8282569/82825695511.jpg', '고양이', '고양이 건강/관리용품', '영양제', 100, NULL, 100),
	(933, '참견의묘미 고양이용 참유산균 3개입', 3000, '', '', NULL, 0, 'https://shopping-phinf.pstatic.net/main_8257946/82579464734.jpg', '고양이', '고양이 건강/관리용품', '영양제', 100, NULL, 100),
	(934, '장쾌삼쾌 강아지 고양이용 생균제 프로바이오틱스', 29700, 'UNKNOWN', 'UNKNOWN', NULL, 0, 'https://shopping-phinf.pstatic.net/main_8414570/84145706755.jpg', '강아지/고양이', '고양이 건강/관리용품', '영양제', 100, NULL, 100),
	(936, '오큐글로 60츄 강아지,고양이용', 85900, '', '', NULL, 0, 'https://shopping-phinf.pstatic.net/main_2376238/23762383845.jpg', '고양이', '고양이 건강/관리용품', '영양제', 100, NULL, 100),
	(937, '프로이젠 종합영양제 타블렛 200정(애묘용) 고양이용', 16060, '', '', NULL, 0, 'https://shopping-phinf.pstatic.net/main_3228411/32284111922.jpg', '고양이', '고양이 건강/관리용품', '영양제', 100, NULL, 100),
	(938, '프로이젠 타블렛 200정 고양이용', 12710, '', '', NULL, 0, 'https://shopping-phinf.pstatic.net/main_8420568/84205683999.jpg', '고양이', '고양이 건강/관리용품', '영양제', 100, NULL, 100),
	(939, '포베츠 플루멕스 150g 고양이용', 32600, '', '', NULL, 0, 'https://shopping-phinf.pstatic.net/main_2903283/29032836671.jpg', '고양이', '고양이 건강/관리용품', '영양제', 100, NULL, 100),
	(940, '엠씨 플러스 뉴트리빗 종합영양제 고양이용 70g', 15240, '', '', NULL, 0, 'https://shopping-phinf.pstatic.net/main_3228354/32283543878.jpg', '고양이', '고양이 건강/관리용품', '영양제', 100, NULL, 100),
	(941, 'D17 뉴트리션 비거 캣 100g (고양이용 종합영양제)', 5280, '', '', NULL, 0, 'https://shopping-phinf.pstatic.net/main_8420398/84203981318.jpg', '고양이', '고양이 건강/관리용품', '영양제', 100, NULL, 100),
	(942, '뉴트리션 비거 캣 100g (고양이용 종합영양제)/고양이영양제', 4410, '', '펫퍼스바이오캠', NULL, 0, 'https://shopping-phinf.pstatic.net/main_1917907/19179077006.5.jpg', '고양이', '고양이 건강/관리용품', '영양제', 100, NULL, 100),
	(943, '고양이용 요로 건강 증진 제품 츄어블 60개 75g265oz', 22490, '', '', NULL, 0, 'https://shopping-phinf.pstatic.net/main_3226915/32269159600.jpg', '고양이', '고양이 건강/관리용품', '영양제', 100, NULL, 100),
	(947, 'BBC 유산균 앤 가바 PLUS 고양이용 영양제', 33200, 'UNKNOWN', '', NULL, 0, 'https://shopping-phinf.pstatic.net/main_3225129/32251299136.jpg', '고양이', '고양이 건강/관리용품', '영양제', 100, NULL, 100),
	(952, '뉴트리션 비거 캣 100g (고양이용 종합영양제)/고양이', 3870, '', '', NULL, 0, 'https://shopping-phinf.pstatic.net/main_3224834/32248343327.jpg', '고양이', '고양이 건강/관리용품', '영양제', 100, NULL, 100),
	(953, '뉴트리션 비거 캣 100g (고양이용 종합영양제)/고', 4320, '', '', NULL, 0, 'https://shopping-phinf.pstatic.net/main_3224992/32249925338.jpg', '고양이', '고양이 건강/관리용품', '영양제', 100, NULL, 100),
	(955, '아이다플러스 - 고양이용 100% 녹색 입술 홍합 파우더', 12210, '', '', NULL, 0, 'https://shopping-phinf.pstatic.net/main_3224850/32248507048.jpg', '고양이', '고양이 건강/관리용품', '영양제', 100, NULL, 100),
	(958, '가금류 혈액 철분말 업플렘 에릉 고양이용', 45300, '', '', NULL, 0, 'https://shopping-phinf.pstatic.net/main_3224711/32247115583.jpg', '고양이', '고양이 건강/관리용품', '영양제', 100, NULL, 100),
	(959, '에쿠파 코세퀸 45 고양이용 리터 캡슐', 75400, '', '', NULL, 0, 'https://shopping-phinf.pstatic.net/main_3224680/32246808699.jpg', '고양이', '고양이 건강/관리용품', '영양제', 100, NULL, 100),
	(961, '[고양이용 목걸이 필루 35cm 천연해충방지 키튼]', 8360, '', '', NULL, 0, 'https://shopping-phinf.pstatic.net/main_3224612/32246125484.jpg', '고양이', '고양이 건강/관리용품', '영양제', 100, NULL, 100),
	(962, '엠씨 뉴트리빗 플러스 70g 종합영양제 고양이용', 9520, '', '', NULL, 0, 'https://shopping-phinf.pstatic.net/main_3224403/32244039844.jpg', '고양이', '고양이 건강/관리용품', '영양제', 100, NULL, 100),
	(966, '바이오강스 스팟온 외부기생충 고양이용 5p', 21780, '', '바이오강스', NULL, 0, 'https://shopping-phinf.pstatic.net/main_3224433/32244335790.jpg', '고양이', '고양이 건강/관리용품', '영양제', 100, NULL, 100),
	(967, '아이엔비 눈물 얼룩 제거 고양이용 물티슈', 89900, '', '', NULL, 0, 'https://shopping-phinf.pstatic.net/main_3224314/32243140542.jpg', '고양이', '고양이 건강/관리용품', '영양제', 100, NULL, 100),
	(969, '고양이용 목걸이 필루 35cm 천연해충방지 키튼', 8360, '', '', NULL, 0, 'https://shopping-phinf.pstatic.net/main_3224256/32242563694.jpg', '고양이', '고양이 건강/관리용품', '영양제', 100, NULL, 100),
	(970, '[엠씨] 엠씨 뉴트리빗 플러스 70g 종합영양제 고양이용', 15880, '엠씨', '', NULL, 0, 'https://shopping-phinf.pstatic.net/main_3224208/32242088990.jpg', '고양이', '고양이 건강/관리용품', '영양제', 100, NULL, 100),
	(977, '반려묘 해충 방지 바르는 스팟 고양이용 살균제 똥 캣', 13430, '', '', NULL, 0, 'https://shopping-phinf.pstatic.net/main_3223115/32231154717.jpg', '고양이', '고양이 건강/관리용품', '영양제', 100, NULL, 100),
	(978, '필루 천연해충방지 목걸이 고양이용 키튼 35cm', 7400, '', '', NULL, 0, 'https://shopping-phinf.pstatic.net/main_3222607/32226078897.jpg', '고양이', '고양이 건강/관리용품', '영양제', 100, NULL, 100),
	(979, '반려묘 해충 방지 바르는 스팟 고양이용 청소 냥이 캣', 15740, '', '', NULL, 0, 'https://shopping-phinf.pstatic.net/main_3222109/32221092376.jpg', '고양이', '고양이 건강/관리용품', '영양제', 100, NULL, 100),
	(981, '펫츠아미스 전복삼계탕 - 강아지용', 2500, '논다', '', NULL, 0, 'https://shopping-phinf.pstatic.net/main_8234553/82345535681.1.jpg', '강아지', '강아지 간식', '수제간식', 100, NULL, 100),
	(982, '논다 전복곰탕 영양파우치 간식(강아지용)', 910, '', '', NULL, 0, 'https://shopping-phinf.pstatic.net/main_8394806/83948067338.jpg', '강아지', '강아지 간식', '수제간식', 100, NULL, 100),
	(983, '담백질 콜라겐 강아지용 소고기스테이크 반려견 보양식 강쥐 비숑', 3460, '프럼네이처', '마쯔리', NULL, 0, 'https://shopping-phinf.pstatic.net/main_8393715/83937154404.jpg', '강아지', '강아지 간식', '수제간식', 100, NULL, 100),
	(985, '아침애 수제간식 북어 오리고기 크로와상 통 강아지용', 5670, '', '', NULL, 0, 'https://shopping-phinf.pstatic.net/main_3115986/31159869841.jpg', '강아지', '강아지 간식', '수제간식', 100, NULL, 100),
	(986, '소고기 강아지건강간식 애견음식 강아지용간식', 3000, '', '', NULL, 0, 'https://shopping-phinf.pstatic.net/main_8392004/83920042978.jpg', '강아지', '강아지 간식', '수제간식', 100, NULL, 100),
	(987, '아침애 수제간식 고구마 오리 크로와상 통 강아지용', 5670, '', '', NULL, 0, 'https://shopping-phinf.pstatic.net/main_3115984/31159848300.jpg', '강아지', '강아지 간식', '수제간식', 100, NULL, 100),
	(988, '닭 북어말이 180g 강아지용간식 애완견먹이', 5710, '', '', NULL, 0, 'https://shopping-phinf.pstatic.net/main_3114195/31141958340.jpg', '강아지', '강아지 간식', '수제간식', 100, NULL, 100),
	(989, '소화기능 약한 강아지용 황태채 간식 영양공급', 11840, '', '', NULL, 0, 'https://shopping-phinf.pstatic.net/main_3114646/31146461336.jpg', '강아지', '강아지 간식', '수제간식', 100, NULL, 100),
	(991, '로트와일러 참나무훈연 홍삼 오리날개 강아지용음식', 7660, '', '', NULL, 0, 'https://shopping-phinf.pstatic.net/main_3179364/31793640268.jpg', '강아지', '강아지 간식', '수제간식', 100, NULL, 100),
	(992, '담은 천연수제간식 강아지용 (칠면조 한우스틱) 45g', 2980, '담은', '네츄럴이엑스', NULL, 0, 'https://shopping-phinf.pstatic.net/main_8124971/81249710366.1.jpg', '강아지', '강아지 간식', '수제간식', 100, NULL, 100),
	(994, '맥주효모 영양가루 강아지용 120G 애견보양식 개', 19440, '', '', NULL, 0, 'https://shopping-phinf.pstatic.net/main_3228116/32281167120.jpg', '강아지', '강아지 간식', '수제간식', 100, NULL, 100),
	(995, '강아지용 연어 슬라이스 400g 3개 강아지간식 애견간식 육포', 17400, '', '뉴트리오', NULL, 0, 'https://shopping-phinf.pstatic.net/main_8420324/84203245432.jpg', '강아지', '강아지 간식', '수제간식', 100, NULL, 100),
	(996, '네츄럴코어 강아지용 미트스틱 실꼬리돔과 참치 30P', 33500, '', '', NULL, 0, 'https://shopping-phinf.pstatic.net/main_3224138/32241384865.jpg', '강아지', '강아지 간식', '수제간식', 100, NULL, 100),
	(998, '특별한 날 강아지용 순수한 락토프리 치즈 케이크', 10970, '', '', NULL, 0, 'https://shopping-phinf.pstatic.net/main_3139417/31394179444.jpg', '강아지', '강아지 간식', '수제간식', 100, NULL, 100),
	(999, '강아지용 연어 스틱껌 400g 3개 강아지간식 애견간식', 17580, '', '뉴트리오', NULL, 0, 'https://shopping-phinf.pstatic.net/main_8418658/84186586371.jpg', '강아지', '강아지 간식', '수제간식', 100, NULL, 100),
	(1000, '강아지용 요구르트사사미 400g 3개 강아지간식 애견간', 16630, '', '뉴트리오', NULL, 0, 'https://shopping-phinf.pstatic.net/main_8419461/84194611414.jpg', '강아지', '강아지 간식', '수제간식', 100, NULL, 100),
	(1001, '강아지용 수제간식 개껌 연어껍질 우피껌 포메리안', 6630, '', '', NULL, 0, 'https://shopping-phinf.pstatic.net/main_3219274/32192744192.jpg', '강아지', '강아지 간식', '수제간식', 100, NULL, 100),
	(1002, '출산견 영양보충 고단백 애견 닭발간식 강아지용간식', 7930, '', '', NULL, 0, 'https://shopping-phinf.pstatic.net/main_3211467/32114678877.jpg', '강아지', '강아지 간식', '수제간식', 100, NULL, 100),
	(1004, '러시안블루 집사선물 밴댕이 건조간식 강아지용간식', 11110, '', '', NULL, 0, 'https://shopping-phinf.pstatic.net/main_3211425/32114256384.jpg', '강아지', '강아지 간식', '수제간식', 100, NULL, 100),
	(1005, '체중조절 건조 닭발 간식 강아지용 기호성 저칼로리', 16220, '', '', NULL, 0, 'https://shopping-phinf.pstatic.net/main_3071525/30715256351.jpg', '강아지', '강아지 간식', '수제간식', 100, NULL, 100),
	(1006, '강아지 고구마 간식 큐브 수제간식 2개 강아지용음식', 11920, '', '', NULL, 0, 'https://shopping-phinf.pstatic.net/main_3214034/32140346793.jpg', '강아지', '강아지 간식', '수제간식', 100, NULL, 100),
	(1007, '출산견 영양보충 고단백 애견 닭발간식 강아지용음식', 11110, '', '', NULL, 0, 'https://shopping-phinf.pstatic.net/main_3211420/32114207681.jpg', '강아지', '강아지 간식', '수제간식', 100, NULL, 100),
	(1008, '[미국직배송] PetAlive 캄 콤보 팩, 강아지용 (352407)', 92740, '', '', NULL, 0, 'https://shopping-phinf.pstatic.net/main_3208849/32088497049.jpg', '강아지', '강아지 건강/관리용품', '', 100, NULL, 100),
	(1009, 'YOLOMAM 수제간식 밴댕이 70g 펫간식 강아지용간식 - 필수품 마켓', 4920, '', '', NULL, 0, 'https://shopping-phinf.pstatic.net/main_3208249/32082499746.jpg', '강아지', '강아지 간식', '수제간식', 100, NULL, 100),
	(1010, '강아지수제간식 강아지용간식 반려견간식 양고기', 3500, '', '', NULL, 0, 'https://shopping-phinf.pstatic.net/main_3206864/32068644511.jpg', '강아지', '강아지 간식', '수제간식', 100, NULL, 100),
	(1011, '더독 강아지용 소간 수제파우더', 20720, '', '', NULL, 0, 'https://shopping-phinf.pstatic.net/main_3206271/32062712169.jpg', '강아지', '강아지 간식', '수제간식', 100, NULL, 100),
	(1012, '하츠 울트라 가드 강아지용 벼룩 & 진드기 예방 목걸이 - UnKnown 하츠', 19190, '하츠', '', NULL, 0, 'https://shopping-phinf.pstatic.net/main_3205628/32056285930.jpg', '강아지', '강아지 건강/관리용품', '', 100, NULL, 100),
	(1013, '멍멍이간식 강아지용간식 강아지가좋아하는간식 오리도가니 700g', 19760, '', '', NULL, 0, 'https://shopping-phinf.pstatic.net/main_3205066/32050669252.jpg', '강아지', '강아지 간식', '수제간식', 100, NULL, 100),
	(1015, '[더독 강아지용 소간 수제파우더]', 24700, '', 'UNKNOWN', NULL, 0, 'https://shopping-phinf.pstatic.net/main_3204923/32049234215.jpg', '강아지', '강아지 간식', '수제간식', 100, NULL, 100),
	(1016, '더독 강아지용 소간 수제파우더 - UnKnown', 22180, '', '', NULL, 0, 'https://shopping-phinf.pstatic.net/main_3204562/32045625591.jpg', '강아지', '강아지 간식', '수제간식', 100, NULL, 100),
	(1017, '200g 오리도가니 순수가 애견용품 애완용품 강아지용', 13510, '', '', NULL, 0, 'https://shopping-phinf.pstatic.net/main_3198981/31989810185.jpg', '강아지', '강아지 간식', '수제간식', 100, NULL, 100),
	(1018, '애완견 고구마양고기 크로와상 3개 강아지용간식', 11700, '', '', NULL, 0, 'https://shopping-phinf.pstatic.net/main_3197500/31975004060.jpg', '강아지', '강아지 간식', '수제간식', 100, NULL, 100),
	(1020, '영양만점 강아지빵 크루와상 2개 강아지용빵 애견간식', 14550, '', '', NULL, 0, 'https://shopping-phinf.pstatic.net/main_3195805/31958050673.jpg', '강아지', '강아지 간식', '수제간식', 100, NULL, 100),
	(1021, '한우 소간 분말 120g / 강아지용 / 밸리스 핸드메이드 청년들이 만드는 수제간식 [강아지소간파우더]', 13500, '밸리스', '밸리스', NULL, 0, 'https://shopping-phinf.pstatic.net/main_1133011/11330113956.8.jpg', '강아지', '강아지 간식', '수제간식', 100, NULL, 100),
	(1022, '강아지용 노화억제 오리간식 140g 4개 댕댕이간식', 8360, '', '', NULL, 0, 'https://shopping-phinf.pstatic.net/main_8412257/84122577586.jpg', '강아지', '강아지 간식', '수제간식', 100, NULL, 100),
	(1023, '아침애 고구마 오리 크로와상 통간식 6개 완 강아지용', 67140, '', '', NULL, 0, 'https://shopping-phinf.pstatic.net/main_3190818/31908181519.jpg', '강아지', '강아지 간식', '수제간식', 96, NULL, 104),
	(1024, '호박 군고구마 칩 300G 강아지용간식 애견먹이', 4730, '', '', NULL, 0, 'https://shopping-phinf.pstatic.net/main_3192545/31925458980.jpg', '강아지', '강아지 간식', '수제간식', 100, NULL, 100),
	(1026, '칼슘 풍부 통영 저염 멸치 강아지용 영양수제간식', 9460, '', '', NULL, 0, 'https://shopping-phinf.pstatic.net/main_2638160/26381609591.jpg', '강아지', '강아지 간식', '수제간식', 100, NULL, 100),
	(1028, '강아지영양간식 강아지용간식 닭 북어말이 180g', 5920, '', '', NULL, 0, 'https://shopping-phinf.pstatic.net/main_3186654/31866541147.jpg', '강아지', '강아지 간식', '수제간식', 100, NULL, 100),
	(1029, '애견건강간식 강아지용간식 오리도가니 700g', 24970, '', '', NULL, 0, 'https://shopping-phinf.pstatic.net/main_3186669/31866691999.jpg', '강아지', '강아지 간식', '수제간식', 100, NULL, 100),
	(1030, '강아지용간식 멍멍이간식 오리 북어말이 180g', 5920, '', '', NULL, 0, 'https://shopping-phinf.pstatic.net/main_3186708/31867085720.jpg', '강아지', '강아지 간식', '수제간식', 100, NULL, 100),
	(1031, '애견카페판매 영양만점 황태채 강아지용간식 개간식', 12400, '', '', NULL, 0, 'https://shopping-phinf.pstatic.net/main_3186627/31866279958.jpg', '강아지', '강아지 간식', '수제간식', 100, NULL, 100),
	(1032, '세인트버나드 오리간식 강아지용간식 애견간식선물', 9000, '', '', NULL, 0, 'https://shopping-phinf.pstatic.net/main_8410028/84100281278.jpg', '강아지', '강아지 간식', '수제간식', 100, NULL, 100),
	(1033, '개린이날 강아지 황태 포 수제 육포 강아지용음식', 16070, '', '', NULL, 0, 'https://shopping-phinf.pstatic.net/main_3183962/31839623061.jpg', '강아지', '강아지 간식', '수제간식', 100, NULL, 100),
	(1034, '달마시안 참나무훈연 높은기호성 오리목 강아지용음식', 20180, '', '', NULL, 0, 'https://shopping-phinf.pstatic.net/main_3186221/31862213790.jpg', '강아지', '강아지 간식', '수제간식', 100, NULL, 100),
	(1035, '불독 불포화지방산 오리목뼈 강아지간식 강아지용간식', 11880, '', '', NULL, 0, 'https://shopping-phinf.pstatic.net/main_8409198/84091987354.jpg', '강아지', '강아지 간식', '수제간식', 100, NULL, 100),
	(1036, '출산견 면역력상승 소고기 츄링 4개 강아지용음식', 10000, '', '', NULL, 0, 'https://shopping-phinf.pstatic.net/main_3183570/31835705039.jpg', '강아지', '강아지 간식', '수제간식', 100, NULL, 100),
	(1037, '리시안제이 닭고기 큐브 100g 강아지용간식 펫간식', 3690, '', '', NULL, 0, 'https://shopping-phinf.pstatic.net/main_8408939/84089399119.jpg', '강아지', '강아지 간식', '수제간식', 99, NULL, 101),
	(1040, '리시안제이 수제간식 홍삼 오리목 150g 강아지용간식 댕댕이간식', 5550, '', '', NULL, 0, 'https://shopping-phinf.pstatic.net/main_3176837/31768375878.jpg', '강아지', '강아지 간식', '수제간식', 100, NULL, 100),
	(1041, '고양이용 강아지용 간식 연어큐브 50g', 7000, '', '', NULL, 0, 'https://shopping-phinf.pstatic.net/main_8286926/82869269829.1.jpg', '고양이', '강아지 간식', '수제간식', 99, NULL, 101),
	(1042, '뚜리까까 테스터팩 (강아지용)', 9600, '뚜리까까', '', NULL, 0, 'https://shopping-phinf.pstatic.net/main_1747416/17474162660.jpg', '강아지', '강아지 간식', '수제간식', 100, NULL, 100),
	(1043, '서프빗 블릿 컨트롤 고양이 강아지용 120캡슐 크랜베리', 64890, '', '', NULL, 0, 'https://shopping-phinf.pstatic.net/main_3176680/31766805028.jpg', '강아지/고양이', '강아지 건강/관리용품', '', 100, NULL, 100),
	(1044, '뉴리웹 수제간식 밴댕이 70g 멍멍이간식 강아지용간식 반려견먹이', 5510, '', '', NULL, 0, 'https://shopping-phinf.pstatic.net/main_3165986/31659867678.jpg', '강아지', '강아지 간식', '수제간식', 100, NULL, 100),
	(1045, '300g 오리도가니 오케이 애견용품 애완용품 강아지용', 13800, '', '', NULL, 0, 'https://shopping-phinf.pstatic.net/main_3169193/31691930248.jpg', '강아지', '강아지 간식', '수제간식', 100, NULL, 100),
	(1046, '시스템 강아지용 치과 관리 뼈 식물성 17oz', 46280, '', '', NULL, 0, 'https://shopping-phinf.pstatic.net/main_3165825/31658252164.jpg', '강아지', '강아지 건강/관리용품', '', 98, NULL, 102),
	(1047, '강아지용 애견 개 치약 치솔 세트 애견칫솔 양치도구', 7060, '', '', NULL, 0, 'https://shopping-phinf.pstatic.net/main_3163612/31636125222.jpg', '강아지', '강아지 간식', '수제간식', 100, NULL, 100),
	(1048, '담은 천연수제간식 강아지용 (한우간) 60g', 2980, '담은', '네츄럴이엑스', NULL, 0, 'https://shopping-phinf.pstatic.net/main_8124972/81249728391.jpg', '강아지', '강아지 간식', '수제간식', 100, NULL, 100),
	(1049, '아침애 수제간식 고구마 양고기 크로와상 통 강아지용', 7610, '', '', NULL, 0, 'https://shopping-phinf.pstatic.net/main_3158424/31584241015.jpg', '강아지', '강아지 간식', '수제간식', 100, NULL, 100),
	(1050, '수제 핫도그 100G 소고기 펫간식 강아지용간식', 3070, '', '', NULL, 0, 'https://shopping-phinf.pstatic.net/main_3156485/31564858565.jpg', '강아지', '강아지 간식', '수제간식', 100, NULL, 100),
	(1051, '입맛없는 강아지용 단백질 고운 황태체 2개 간식', 14700, '', '', NULL, 0, 'https://shopping-phinf.pstatic.net/main_3142210/31422108265.jpg', '강아지', '강아지 건강/관리용품', '', 100, NULL, 100),
	(1052, '수제껌 오리육포 살코기 강아지용 대용량 영양만점', 17110, '', '', NULL, 0, 'https://shopping-phinf.pstatic.net/main_3148352/31483528766.jpg', '강아지', '강아지 간식', '수제간식', 100, NULL, 100),
	(1053, '뉴리웹 수제 핫도그 100g 소고기 강아지핫도그 애견간식 강아지용간식', 2970, '', '', NULL, 0, 'https://shopping-phinf.pstatic.net/main_3144087/31440875541.jpg', '강아지', '강아지 간식', '수제간식', 100, NULL, 100),
	(1054, '수제껌 오리육포 살코기 강아지용 대용량 건강간식', 17820, '', '', NULL, 0, 'https://shopping-phinf.pstatic.net/main_8399963/83999638327.jpg', '강아지', '강아지 간식', '수제간식', 100, NULL, 100),
	(1055, '댕댕이 기력회복 국내산 오리 안심 수제간식 강아지용', 8510, '', '', NULL, 0, 'https://shopping-phinf.pstatic.net/main_3140915/31409159109.jpg', '강아지', '강아지 간식', '수제간식', 100, NULL, 100),
	(1056, '황태 소고기 강아지용 육수 180ml 10EA 마시는 진한맛', 22860, '', '', NULL, 0, 'https://shopping-phinf.pstatic.net/main_3138144/31381446318.jpg', '강아지', '강아지 간식', '수제간식', 100, NULL, 100),
	(1058, '황태 소고기 강아지용 육수 180ml 10EA 간식 밥대용', 21860, '', '', NULL, 0, 'https://shopping-phinf.pstatic.net/main_3138124/31381241479.jpg', '강아지', '강아지 간식', '수제간식', 100, NULL, 100),
	(1059, '고기껌 수제간식 강아지용 핫도그 위생적 안전생산', 3660, '', '', NULL, 0, 'https://shopping-phinf.pstatic.net/main_3148348/31483486138.jpg', '강아지', '강아지 간식', '수제간식', 100, NULL, 100),
	(1060, '[더 케이 펫] 강아지용 영양 수제 삼계 죽', 6350, '', '', NULL, 0, 'https://shopping-phinf.pstatic.net/main_3153639/31536398687.jpg', '강아지', '강아지 간식', '수제간식', 100, NULL, 100),
	(1061, '황태 소고기 강아지용 육수 180ml 10EA 맛있는간식', 22830, '', '', NULL, 0, 'https://shopping-phinf.pstatic.net/main_3138123/31381236211.jpg', '강아지', '강아지 간식', '수제간식', 100, NULL, 100),
	(1062, '황태 소고기 강아지용 육수 180ml 10EA 애견음료 음료', 26170, '', '', NULL, 0, 'https://shopping-phinf.pstatic.net/main_3138137/31381370933.jpg', '강아지', '강아지 간식', '수제간식', 100, NULL, 100),
	(1063, '강아지용 오리안심 다이어트 수제간식 70g 리트리버', 11820, '', '', NULL, 0, 'https://shopping-phinf.pstatic.net/main_3136841/31368411621.jpg', '강아지', '강아지 간식', '수제간식', 100, NULL, 100),
	(1064, '오케이 강아지용 오리안심 다이어트 수제간식 70g 멍뭉이간식', 13460, '', '보원식품', NULL, 0, 'https://shopping-phinf.pstatic.net/main_3137744/31377440084.jpg', '강아지', '강아지 간식', '수제간식', 100, NULL, 100),
	(1066, '입짧은 강아지용 북어 오리 크로와상 200g 훈련간식', 11380, '', '디엔디', NULL, 0, 'https://shopping-phinf.pstatic.net/main_3132584/31325840806.jpg', '강아지', '강아지 간식', '수제간식', 100, NULL, 100),
	(1067, '입짧은 강아지용 북어 오리 크로와상 200g 소형견져키', 8380, '', '', NULL, 0, 'https://shopping-phinf.pstatic.net/main_3132465/31324655799.jpg', '강아지', '강아지 간식', '수제간식', 0, NULL, 100),
	(1068, '강아지 영양간식 6개 강아지용케잌 강아지케잌 애견빵', 14700, '', '펫앤드림 ', NULL, 0, 'https://shopping-phinf.pstatic.net/main_2299918/22999186493.jpg', '강아지', '강아지 간식', '수제간식', 100, NULL, 100),
	(1070, '입짧은 강아지용 북어 오리 크로와상 200g 반려견저키', 11150, '', '', NULL, 0, 'https://shopping-phinf.pstatic.net/main_3132441/31324419829.jpg', '강아지', '강아지 간식', '수제간식', 0, NULL, 100),
	(1081, '테라코트 강아지 고양이 피모영양제 400g', 21900, '', '', NULL, 0, 'https://shopping-phinf.pstatic.net/main_1331772/13317727061.11.jpg', '강아지/고양이', '강아지 건강/관리용품', '영양제', 100, NULL, 100),
	(1082, '라보펫 강아지 고양이 치매 영양제 포스파티딜세린 1개월', 18900, '', '에이티바이오', NULL, 0, 'https://shopping-phinf.pstatic.net/main_8353312/83533124931.2.jpg', '강아지/고양이', '강아지 건강/관리용품', '영양제', 100, NULL, 100),
	(1083, '조인트펫츄 / 강아지 영양제 관절관리 슬개골 탈구', 16000, '퍼피랑키티랑', '', NULL, 0, 'https://shopping-phinf.pstatic.net/main_8240138/82401389100.jpg', '강아지', '강아지 건강/관리용품', '영양제', 100, NULL, 100),
	(1084, '질켄 이파키틴 루비날 젠토닐 플렉사딘 아조딜 영양제 강아지 고양이', 22000, '', '베토퀴놀', NULL, 0, 'https://shopping-phinf.pstatic.net/main_8365272/83652729099.2.jpg', '강아지/고양이', '강아지 건강/관리용품', '영양제', 100, NULL, 100),
	(1085, '본아페티 강아지 관절 칼슘 영양제 60정', 21800, '본아페티', '', NULL, 0, 'https://shopping-phinf.pstatic.net/main_2796696/27966960524.20210712181317.jpg', '강아지', '강아지 건강/관리용품', '영양제', 100, NULL, 100),
	(1086, '강아지 눈 영양제 백내장 안약 오큐루벳 미국 후기 1위', 92000, '', '', NULL, 0, 'https://shopping-phinf.pstatic.net/main_2652959/26529596029.jpg', '강아지', '강아지 건강/관리용품', '영양제', 100, NULL, 100),
	(1087, '메디솔브 코큐텐 60g 강아지 고양이 영양제 강아지심장 강아지기관지', 35900, '', '', NULL, 0, 'https://shopping-phinf.pstatic.net/main_8298846/82988468441.4.jpg', '강아지/고양이', '강아지 건강/관리용품', '영양제', 100, NULL, 100),
	(1088, '라보펫 강아지 고양이 유산균 장건강 영양제 포스트바이오틱스 1개월', 18900, '', '에이티바이오', NULL, 0, 'https://shopping-phinf.pstatic.net/main_8353311/83533115067.2.jpg', '강아지/고양이', '강아지 건강/관리용품', '영양제', 89, NULL, 111),
	(1089, '강아지 면역영양제 유선종양 면역력 오델리캔서 2박스', 119800, '마이펫닥터', '', NULL, 0, 'https://shopping-phinf.pstatic.net/main_8005103/80051034749.3.jpg', '강아지', '강아지 건강/관리용품', '영양제', 100, NULL, 100),
	(1090, '우리가제약 강아지 피부 영양제 털 360 정', 38000, '펫튼', '우리가제약', NULL, 0, 'https://shopping-phinf.pstatic.net/main_1118683/11186839163.1.jpg', '강아지', '강아지 건강/관리용품', '영양제', 100, NULL, 100),
	(1111, '21그램 리틀포레스트 가을 웨이브 - 강아지 고양이 도자기 유골함 원목 봉안함 세트', 448000, '', '', NULL, 0, 'https://shopping-phinf.pstatic.net/main_8015003/80150034324.jpg', '강아지/고양이', '서비스', '장례용품', 100, NULL, 100),
	(1112, '21그램 리틀포레스트 여름 베이직 - 강아지 고양이 도자기 유골함 원목 봉안함 세트', 398000, '', '', NULL, 0, 'https://shopping-phinf.pstatic.net/main_8007028/80070289021.jpg', '강아지/고양이', '서비스', '장례용품', 100, NULL, 100),
	(1113, '21그램 리틀포레스트 여름 웨이브 - 강아지 고양이 도자기 유골함 원목 봉안함 세트', 488000, '', '', NULL, 0, 'https://shopping-phinf.pstatic.net/main_8014684/80146840453.jpg', '강아지/고양이', '서비스', '장례용품', 0, NULL, 100),
	(1115, '21그램 리틀포레스트 여름 레인보우 - 강아지 고양이 도자기 유골함 원목 봉안함 세트', 428000, '', '', NULL, 0, 'https://shopping-phinf.pstatic.net/main_8007040/80070402476.jpg', '강아지/고양이', '서비스', '장례용품', 0, NULL, 100),
	(1117, '21그램 리틀포레스트 가을 베이직 - 강아지 고양이 도자기 유골함 원목 봉안함 세트', 358000, '', '', NULL, 0, 'https://shopping-phinf.pstatic.net/main_8007091/80070919156.jpg', '강아지/고양이', '서비스', '장례용품', 100, NULL, 100),
	(1118, '21그램 리틀포레스트 가을 레인보우 - 강아지 고양이 도자기 유골함 원목 봉안함 세트', 388000, '', '', NULL, 0, 'https://shopping-phinf.pstatic.net/main_8007095/80070955418.jpg', '강아지/고양이', '서비스', '장례용품', 0, NULL, 100),
	(1131, '애견 의류 애완동물 고양이 가죽 반려동물 패션 강아지 옷', 61070, '', '', NULL, 0, 'https://shopping-phinf.pstatic.net/main_3220768/32207685687.jpg', '강아지', '패션용품', '티셔츠/후드', 100, NULL, 100),
	(1132, '강아지 티셔츠 반려동물 패션 용품', 22170, '', '', NULL, 0, 'https://shopping-phinf.pstatic.net/main_3210787/32107871280.jpg', '강아지', '패션용품', '티셔츠/후드', 93, NULL, 107),
	(1133, '스코페 후드 강아지옷 반려동물 패션 강아지홈웨어', 20190, '', '', NULL, 0, 'https://shopping-phinf.pstatic.net/main_3147779/31477792699.jpg', '강아지', '패션용품', '티셔츠/후드', 100, NULL, 103),
	(1134, '애견동물 강아지 드레스 원피스 스커트 반려동물 패션용품', 12800, '', '', NULL, 0, 'https://shopping-phinf.pstatic.net/main_3131048/31310480182.jpg', '강아지', '패션용품', '티셔츠/후드', 100, NULL, 100),
	(1135, '강아지 캐주얼 의상 귀여운 내복 반려동물 패션', 20240, '', '', NULL, 0, 'https://shopping-phinf.pstatic.net/main_3210782/32107825996.jpg', '강아지', '패션용품', '티셔츠/후드', 100, NULL, 100),
	(1136, '반려동물 패션용품 여름 강아지 애완 동물 옷', 15630, '', '', NULL, 0, 'https://shopping-phinf.pstatic.net/main_3172316/31723169016.jpg', '강아지', '패션용품', '티셔츠/후드', 100, NULL, 100),
	(1137, '겨울 강아지옷 두꺼운 올인원 반려동물 패션의류', 12000, '', '', NULL, 0, 'https://shopping-phinf.pstatic.net/main_3130951/31309516056.jpg', '강아지', '패션용품', '티셔츠/후드', 100, NULL, 100),
	(1138, '애견동물 강아지옷 청조끼 청재켓 소형 반려동물 패션 의류', 18300, '', '', NULL, 0, 'https://shopping-phinf.pstatic.net/main_3130954/31309540399.jpg', '강아지', '패션용품', '티셔츠/후드', 94, NULL, 109),
	(1139, '강아지옷 셔츠 소형 애견동물 스커트 반려동물 패션 의류', 11400, '', '', NULL, 0, 'https://shopping-phinf.pstatic.net/main_3130936/31309366780.jpg', '강아지', '패션용품', '티셔츠/후드', 96, NULL, 104),
	(1140, '애견동물 강아지 원피스 스커트 강아지옷 반려동물 패션의류', 17700, '', '', NULL, 0, 'https://shopping-phinf.pstatic.net/main_3130926/31309263325.jpg', '강아지', '패션용품', '티셔츠/후드', 97, NULL, 103),
	(1141, '오로라샌드 오리지널 먼지없는 벤토나이트 고양이 모래 6kg', 32000, '오로라샌드', '지유', NULL, 0, 'https://shopping-phinf.pstatic.net/main_2658836/26588369526.20210331162135.jpg', '고양이', '고양이 배변용품', '응고형모래', 100, NULL, 100),
	(1142, '1+1 샌드블럭 벤토나이트 고양이 모래 4.5kg', 25800, '', '', NULL, 0, 'https://shopping-phinf.pstatic.net/main_2969413/29694130623.20211115120458.jpg', '고양이', '고양이 배변용품', '응고형모래', 100, NULL, 107),
	(1143, '[써유모래] 옥수수 카사바 친환경 고양이 모래 먼지 없는 천연 프리미엄 모래', 43200, '써스테이너블리유얼스', '펫파이브', NULL, 0, 'https://shopping-phinf.pstatic.net/main_8234230/82342307840.9.jpg', '고양이', '고양이 배변용품', '응고형모래', 100, NULL, 100),
	(1144, 'ROMA 로마샌드 파인 고양이모래 14kg', 30700, 'ROMA', '로패밀리', NULL, 0, 'https://shopping-phinf.pstatic.net/main_2809387/28093879522.20210721133933.jpg', '고양이', '고양이 배변용품', '응고형모래', 100, NULL, 100),
	(1145, '가필드 고양이모래 굵은입자 4.53kg', 17600, '', '', NULL, 0, 'https://shopping-phinf.pstatic.net/main_2047074/20470744660.20190801111401.jpg', '고양이', '고양이 배변용품', '응고형모래', 83, NULL, 117),
	(1146, '고양이모래 7L x 6개 두부두부 미스 미스터 콩이래', 24900, '', '테비토퍼', NULL, 0, 'https://shopping-phinf.pstatic.net/main_1149067/11490671167.5.jpg', '고양이', '고양이 배변용품', '응고형모래', 100, NULL, 100),
	(1147, '모찌네모래 24리터 박스 모음전 18.6kg 고양이모래 응고형 벤토나이트', 16900, '모찌네', '코리아독스', NULL, 0, 'https://shopping-phinf.pstatic.net/main_8214239/82142399959.jpg', '고양이', '고양이 배변용품', '응고형모래', 88, NULL, 112),
	(1148, '네네린도 대용량 고양이 두부모래 무색소 22L / 44L 진공포장 오리지널 녹차 라벤더', 16900, '네네린도', '', '	https://shop-phinf.pstatic.net/20211006_126/1633487310624xcNPQ_JPEG/nenelindo_litter_photo_01.jpg?type=w860', NULL, 'https://shop-phinf.pstatic.net/20210330_149/16170708711296VDIJ_JPEG/18206769828403048_1575632450.jpg?type=f212_212', '고양이', '고양이 배변용품', '응고형모래', 316, NULL, 221),
	(1149, '오더캅 고양이모래 9.5kg x2개(set) 플래티넘 실버 골드', 53500, '오더캅', '아로펫', NULL, 0, 'https://shopping-phinf.pstatic.net/main_8071851/80718511062.9.jpg', '고양이', '고양이 배변용품', '응고형모래', 95, NULL, 106),
	(1150, '오엘라 닥터 메디샌드 11kg', 31790, '오엘라', '앱코', 'http://ximg.joyzen.co.kr/upload_files/upload/2022/04/20/1650444372.jpg', 0, 'https://shopping-phinf.pstatic.net/main_3194421/31944215618.20220421164053.jpg', '고양이', '고양이 배변용품', '응고형모래', 181, NULL, 212),
	(1151, '커피나무로 만든 커피츄 100% 강아지 우드 스틱 이갈이 장난감', 5000, '', '', NULL, 0, 'https://shopping-phinf.pstatic.net/main_8241785/82417859645.jpg', '기타', '용품', '장난감/토이', 100, NULL, 100),
	(1152, '강아지 장난감 콩 워블러 퍼피 씨니어 클래식 익스트림', 3980, '콩', '', NULL, 0, 'https://shopping-phinf.pstatic.net/main_8239639/82396392985.1.jpg', '기타', '용품', '장난감/토이', 100, NULL, 100),
	(1153, '강아지 중형견 대형견 이갈이 터그놀이 실타래 치석제거 치실 로프 장난감', 4800, '', '', NULL, 0, 'https://shopping-phinf.pstatic.net/main_8244624/82446241865.7.jpg', '기타', '용품', '장난감/토이', 100, NULL, 100),
	(1154, '강아지 터그놀이 치석제거 장난감 이갈이 삑삑이 간식놀이', 1300, '', '', NULL, 0, 'https://shopping-phinf.pstatic.net/main_1265978/12659781236.15.jpg', '기타', '용품', '장난감/토이', 100, NULL, 100),
	(1155, '강아지 만득이 인형 칼리 공 놀이 삑삑이 라텍스 장난감', 2300, '', '', NULL, 0, 'https://shopping-phinf.pstatic.net/main_2633810/26338106910.20220331031707.jpg', '기타', '용품', '장난감/토이', 100, NULL, 100),
	(1156, '비스토어 강아지터그놀이 강아지 이갈이 애견 장난감 공', 1900, '비스토어', '재영코프레이션', NULL, 0, 'https://shopping-phinf.pstatic.net/main_8250277/82502776878.1.jpg', '기타', '용품', '장난감/토이', 100, NULL, 100),
	(1157, '강아지 장난감 이갈이 치석제거 실타래 터그 놀이 봉제 인형 라텍스 삑삑이 공', 500, '', '', NULL, 0, 'https://shopping-phinf.pstatic.net/main_8353069/83530694243.jpg', '기타', '용품', '장난감/토이', 100, NULL, 100),
	(1158, '[무무토]우드스틱 강아지이갈이장난감 강아지장난감 100%식이섬유', 4900, '무무토', '', NULL, 0, 'https://shopping-phinf.pstatic.net/main_8328791/83287912401.8.jpg', '기타', '용품', '장난감/토이', 100, NULL, 100),
	(1159, 'PETCA 강아지 장난감 터그놀이 삑삑이 이갈이 강아지장난감인형', 840, '', '', NULL, 0, 'https://shopping-phinf.pstatic.net/main_8392858/83928585160.jpg', '기타', '용품', '장난감/토이', 99, NULL, 101),
	(1160, '강아지 아기 새끼 대형견 애견 반려견 kong 콩 토이 클래식 워블러 간식 볼 장난감', 7000, '콩', '', NULL, 0, 'https://shopping-phinf.pstatic.net/main_8239467/82394674084.7.jpg', '기타', '용품', '장난감/토이', 79, NULL, 101),
	(1161, '더마독 피부 모질', 29000, '더마독', '펫원', NULL, 0, 'https://shopping-phinf.pstatic.net/main_1933091/19330910518.20220414133332.jpg', '기타', '강아지 사료', '건식사료', 100, NULL, 100),
	(1162, '나우사료 고사료 어덜트 퍼피 시니어 2.72kg 5.4kg 11.3kg', 42300, 'NOW', '펫큐리안', NULL, 0, 'https://shopping-phinf.pstatic.net/main_1140991/11409916892.18.jpg', '기타', '강아지 사료', '건식사료', 100, NULL, 100),
	(1163, '로얄캐닌 엑스스몰 미니 인도어 퍼피 어덜트 노령견 푸들 말티즈 비숑 시츄 포메라니안 사료', 17300, '로얄캐닌', '로얄캐닌', NULL, 0, 'https://shopping-phinf.pstatic.net/main_9432832/9432832066.22.jpg', '기타', '강아지 사료', '건식사료', 100, NULL, 100),
	(1164, '로얄캐닌 하이포알러제닉 스몰독', 21640, '로얄캐닌', '로얄캐닌', NULL, 0, 'https://shopping-phinf.pstatic.net/main_1564506/15645061501.20181011092143.jpg', '기타', '강아지 사료', '건식사료', 100, NULL, 100),
	(1165, '마이펫닥터 유기농 강아지 위장 사료', 16000, '마이펫닥터', '', NULL, 0, 'https://shopping-phinf.pstatic.net/main_2771491/27714913522.20210624131237.jpg', '기타', '강아지 사료', '건식사료', 100, NULL, 100),
	(1166, '웰스비 퍼피 새끼 강아지 유기농 가수분해 사료', 47000, '웰스비', '더퍼스트피드', NULL, 0, 'https://shopping-phinf.pstatic.net/main_1547836/15478360299.20200618142428.jpg', '기타', '강아지 사료', '건식사료', 100, NULL, 100),
	(1167, '로얄캐닌 미니 인도어 어덜트', 6000, '로얄캐닌', '로얄캐닌', NULL, 0, 'https://shopping-phinf.pstatic.net/main_5677880/5677880717.20200803173235.jpg', '기타', '강아지 사료', '건식사료', 100, NULL, 100),
	(1168, '네츄럴코어 강아지 사료', 22000, '네츄럴코어', '이레본', NULL, 0, 'https://shopping-phinf.pstatic.net/main_1034399/10343993678.18.jpg', '기타', '강아지 사료', '건식사료', 100, NULL, 100),
	(1169, '로얄캐닌 하이포알러제닉', 26500, '로얄캐닌', '로얄캐닌', NULL, 0, 'https://shopping-phinf.pstatic.net/main_1492478/14924788412.20200817095631.jpg', '기타', '강아지 사료', '건식사료', 100, NULL, 100),
	(1170, '솔리드골드 마이티미니 치킨', 15900, '솔리드골드', '솔리드골드', NULL, 0, 'https://shopping-phinf.pstatic.net/main_1649639/16496396591.20210907115436.jpg', '기타', '강아지 사료', '건식사료', 80, NULL, 100),
	(1171, '강아지 만득이 인형 칼리 공 놀이 삑삑이 라텍스 장난감', 2300, '', '', NULL, 0, 'https://shopping-phinf.pstatic.net/main_2633810/26338106910.20220331031707.jpg', '기타', '용품', '장난감/토이', 100, NULL, 100),
	(1172, '커피나무로 만든 커피츄 100% 강아지 우드 스틱 이갈이 장난감', 5000, '', '', NULL, 0, 'https://shopping-phinf.pstatic.net/main_8241785/82417859645.jpg', '기타', '용품', '장난감/토이', 100, NULL, 100),
	(1173, '강아지 터그놀이 치석제거 장난감 이갈이 삑삑이 간식놀이', 1300, '', '', NULL, 0, 'https://shopping-phinf.pstatic.net/main_1265978/12659781236.15.jpg', '기타', '용품', '장난감/토이', 100, NULL, 100),
	(1174, '[바램펫] 피트니스PRO 강아지 고양이 간식로봇장난감', 90000, '바램펫', '바램시스템', NULL, 0, 'https://shopping-phinf.pstatic.net/main_8201177/82011776465.9.jpg', '기타', '용품', '장난감/토이', 100, NULL, 100),
	(1175, '강아지 장난감 콩 워블러 퍼피 씨니어 클래식 익스트림', 3980, '콩', '', NULL, 0, 'https://shopping-phinf.pstatic.net/main_8239639/82396392985.1.jpg', '기타', '용품', '장난감/토이', 100, NULL, 100),
	(1176, '비스토어 강아지터그놀이 강아지 이갈이 애견 장난감 공', 1900, '비스토어', '재영코프레이션', NULL, 0, 'https://shopping-phinf.pstatic.net/main_8250277/82502776878.1.jpg', '기타', '용품', '장난감/토이', 100, NULL, 100),
	(1177, '강아지 장난감 이갈이 치석제거 실타래 터그 놀이 봉제 인형 라텍스 삑삑이 공', 500, '', '', NULL, 0, 'https://shopping-phinf.pstatic.net/main_8353069/83530694243.jpg', '기타', '용품', '장난감/토이', 100, NULL, 100),
	(1178, '강아지 아기 새끼 대형견 애견 반려견 kong 콩 토이 클래식 워블러 간식 볼 장난감', 7000, '콩', '', NULL, 0, 'https://shopping-phinf.pstatic.net/main_8239467/82394674084.7.jpg', '기타', '용품', '장난감/토이', 100, NULL, 100),
	(1179, '[무무토]우드스틱 강아지이갈이장난감 강아지장난감 100%식이섬유', 4900, '무무토', '', NULL, 0, 'https://shopping-phinf.pstatic.net/main_8328791/83287912401.8.jpg', '기타', '용품', '장난감/토이', 100, NULL, 100),
	(1180, 'PETCA 강아지 장난감 터그놀이 삑삑이 이갈이 강아지장난감인형', 840, '', '', NULL, 0, 'https://shopping-phinf.pstatic.net/main_8392858/83928585160.jpg', '기타', '용품', '장난감/토이', 80, NULL, 100),
	(1181, '비스토어 강아지터그놀이 강아지 이갈이 애견 장난감 공', 1900, '비스토어', '재영코프레이션', NULL, 0, 'https://shopping-phinf.pstatic.net/main_8250277/82502776878.1.jpg', '기타', '용품', '장난감/토이', 100, NULL, 100),
	(1182, '커피나무로 만든 커피츄 100% 강아지 우드 스틱 이갈이 장난감', 5000, '', '', NULL, 0, 'https://shopping-phinf.pstatic.net/main_8241785/82417859645.jpg', '기타', '용품', '장난감/토이', 100, NULL, 100),
	(1183, '[바램펫] 피트니스PRO 강아지 고양이 간식로봇장난감', 90000, '바램펫', '바램시스템', NULL, 0, 'https://shopping-phinf.pstatic.net/main_8201177/82011776465.9.jpg', '기타', '용품', '장난감/토이', 100, NULL, 100),
	(1184, '강아지 만득이 인형 칼리 공 놀이 삑삑이 라텍스 장난감', 2300, '', '', NULL, 0, 'https://shopping-phinf.pstatic.net/main_2633810/26338106910.20220331031707.jpg', '기타', '용품', '장난감/토이', 100, NULL, 100),
	(1185, '강아지 장난감 콩 워블러 퍼피 씨니어 클래식 익스트림', 3980, '콩', '', NULL, 0, 'https://shopping-phinf.pstatic.net/main_8239639/82396392985.1.jpg', '기타', '용품', '장난감/토이', 100, NULL, 100),
	(1186, '강아지 터그놀이 치석제거 장난감 이갈이 삑삑이 간식놀이', 1300, '', '', NULL, 0, 'https://shopping-phinf.pstatic.net/main_1265978/12659781236.15.jpg', '기타', '용품', '장난감/토이', 100, NULL, 100),
	(1187, '강아지 아기 새끼 대형견 애견 반려견 kong 콩 토이 클래식 워블러 간식 볼 장난감', 7000, '콩', '', NULL, 0, 'https://shopping-phinf.pstatic.net/main_8239467/82394674084.7.jpg', '기타', '용품', '장난감/토이', 100, NULL, 100),
	(1188, '[무무토]우드스틱 강아지이갈이장난감 강아지장난감 100%식이섬유', 4900, '무무토', '', NULL, 0, 'https://shopping-phinf.pstatic.net/main_8328791/83287912401.8.jpg', '기타', '용품', '장난감/토이', 100, NULL, 100),
	(1189, 'PETCA 강아지 장난감 터그놀이 삑삑이 이갈이 강아지장난감인형', 840, '', '', NULL, 0, 'https://shopping-phinf.pstatic.net/main_8392858/83928585160.jpg', '기타', '용품', '장난감/토이', 100, NULL, 100),
	(1190, '강아지 장난감 이갈이 치석제거 실타래 터그 놀이 봉제 인형 라텍스 삑삑이 공', 500, '', '', NULL, 0, 'https://shopping-phinf.pstatic.net/main_8353069/83530694243.jpg', '기타', '용품', '장난감/토이', 100, NULL, 100),
	(1191, '비스토어 강아지터그놀이 강아지 이갈이 애견 장난감 공', 1900, '비스토어', '재영코프레이션', NULL, 0, 'https://shopping-phinf.pstatic.net/main_8250277/82502776878.1.jpg', '기타', '용품', '장난감/토이', 100, NULL, 100),
	(1192, '강아지 만득이 인형 칼리 공 놀이 삑삑이 라텍스 장난감', 2300, '', '', NULL, 0, 'https://shopping-phinf.pstatic.net/main_2633810/26338106910.20220331031707.jpg', '기타', '용품', '장난감/토이', 100, NULL, 100),
	(1193, '커피나무로 만든 커피츄 100% 강아지 우드 스틱 이갈이 장난감', 5000, '', '', NULL, 0, 'https://shopping-phinf.pstatic.net/main_8241785/82417859645.jpg', '기타', '용품', '장난감/토이', 100, NULL, 100),
	(1194, '강아지 터그놀이 치석제거 장난감 이갈이 삑삑이 간식놀이', 1300, '', '', NULL, 0, 'https://shopping-phinf.pstatic.net/main_1265978/12659781236.15.jpg', '기타', '용품', '장난감/토이', 100, NULL, 100),
	(1195, '강아지 장난감 소형견 중형견 대형견 애착 인형 아기 새끼 삑삑이 바스락 이갈이 터그 놀이 당근 치실 공', 500, '이모펫', '', NULL, 0, 'https://shopping-phinf.pstatic.net/main_8225065/82250651569.5.jpg', '기타', '용품', '장난감/토이', 100, NULL, 100),
	(1196, '강아지 장난감 콩 워블러 퍼피 씨니어 클래식 익스트림', 3980, '콩', '', NULL, 0, 'https://shopping-phinf.pstatic.net/main_8239639/82396392985.1.jpg', '기타', '용품', '장난감/토이', 100, NULL, 100),
	(1197, '강아지 아기 새끼 대형견 애견 반려견 kong 콩 토이 클래식 워블러 간식 볼 장난감', 7000, '콩', '', NULL, 0, 'https://shopping-phinf.pstatic.net/main_8239467/82394674084.7.jpg', '기타', '용품', '장난감/토이', 100, NULL, 100),
	(1198, '강아지 장난감 이갈이 치석제거 실타래 터그 놀이 봉제 인형 라텍스 삑삑이 공', 500, '', '', NULL, 0, 'https://shopping-phinf.pstatic.net/main_8353069/83530694243.jpg', '기타', '용품', '장난감/토이', 100, NULL, 100),
	(1199, 'PETCA 강아지 장난감 터그놀이 삑삑이 이갈이 강아지장난감인형', 840, '', '', NULL, 0, 'https://shopping-phinf.pstatic.net/main_8392858/83928585160.jpg', '기타', '용품', '장난감/토이', 100, NULL, 100),
	(1200, '[무무토]우드스틱 강아지이갈이장난감 강아지장난감 100%식이섬유', 4900, '무무토', '', NULL, 0, 'https://shopping-phinf.pstatic.net/main_8328791/83287912401.8.jpg', '기타', '용품', '장난감/토이', 100, NULL, 100),
	(1201, '비스토어 강아지터그놀이 강아지 이갈이 애견 장난감 공', 1900, '비스토어', '재영코프레이션', NULL, 0, 'https://shopping-phinf.pstatic.net/main_8250277/82502776878.1.jpg', '기타', '용품', '장난감/토이', 100, NULL, 100),
	(1202, '강아지 장난감 콩 워블러 퍼피 씨니어 클래식 익스트림', 3980, '콩', '', NULL, 0, 'https://shopping-phinf.pstatic.net/main_8239639/82396392985.1.jpg', '기타', '용품', '장난감/토이', 100, NULL, 100),
	(1203, '강아지 만득이 인형 칼리 공 놀이 삑삑이 라텍스 장난감', 2300, '', '', NULL, 0, 'https://shopping-phinf.pstatic.net/main_2633810/26338106910.20220331031707.jpg', '기타', '용품', '장난감/토이', 100, NULL, 100),
	(1204, '강아지 장난감 소형견 중형견 대형견 애착 인형 아기 새끼 삑삑이 바스락 이갈이 터그 놀이 당근 치실 공', 500, '이모펫', '', NULL, 0, 'https://shopping-phinf.pstatic.net/main_8225065/82250651569.5.jpg', '기타', '용품', '장난감/토이', 100, NULL, 100),
	(1205, '커피나무로 만든 커피츄 100% 강아지 우드 스틱 이갈이 장난감', 5000, '', '', NULL, 0, 'https://shopping-phinf.pstatic.net/main_8241785/82417859645.jpg', '기타', '용품', '장난감/토이', 100, NULL, 100),
	(1206, '강아지 터그놀이 치석제거 장난감 이갈이 삑삑이 간식놀이', 1300, '', '', NULL, 0, 'https://shopping-phinf.pstatic.net/main_1265978/12659781236.15.jpg', '기타', '용품', '장난감/토이', 100, NULL, 100),
	(1207, '강아지 아기 새끼 대형견 애견 반려견 kong 콩 토이 클래식 워블러 간식 볼 장난감', 7000, '콩', '', NULL, 0, 'https://shopping-phinf.pstatic.net/main_8239467/82394674084.7.jpg', '기타', '용품', '장난감/토이', 100, NULL, 100),
	(1208, '강아지 장난감 이갈이 치석제거 실타래 터그 놀이 봉제 인형 라텍스 삑삑이 공', 500, '', '', NULL, 0, 'https://shopping-phinf.pstatic.net/main_8353069/83530694243.jpg', '기타', '용품', '장난감/토이', 100, NULL, 100),
	(1209, 'PETCA 강아지 장난감 터그놀이 삑삑이 이갈이 강아지장난감인형', 840, '', '', NULL, 0, 'https://shopping-phinf.pstatic.net/main_8392858/83928585160.jpg', '기타', '용품', '장난감/토이', 100, NULL, 100),
	(1210, '[무무토]우드스틱 강아지이갈이장난감 강아지장난감 100%식이섬유', 4900, '무무토', '', NULL, 0, 'https://shopping-phinf.pstatic.net/main_8328791/83287912401.8.jpg', '기타', '용품', '장난감/토이', 100, NULL, 100),
	(1211, '비스토어 강아지터그놀이 강아지 이갈이 애견 장난감 공', 1900, '비스토어', '재영코프레이션', NULL, 0, 'https://shopping-phinf.pstatic.net/main_8250277/82502776878.1.jpg', '기타', '용품', '장난감/토이', 99, NULL, 101),
	(1212, '커피나무로 만든 커피츄 100% 강아지 우드 스틱 이갈이 장난감', 5000, '', '', NULL, 0, 'https://shopping-phinf.pstatic.net/main_8241785/82417859645.jpg', '기타', '용품', '장난감/토이', 99, NULL, 101),
	(1213, '강아지 장난감 콩 워블러 퍼피 씨니어 클래식 익스트림', 3980, '콩', '', NULL, 0, 'https://shopping-phinf.pstatic.net/main_8239639/82396392985.1.jpg', '기타', '용품', '장난감/토이', 100, NULL, 100),
	(1214, '강아지 장난감 소형견 중형견 대형견 애착 인형 아기 새끼 삑삑이 바스락 이갈이 터그 놀이 당근 치실 공', 500, '이모펫', '', NULL, 0, 'https://shopping-phinf.pstatic.net/main_8225065/82250651569.5.jpg', '기타', '용품', '장난감/토이', 99, NULL, 101),
	(1215, '강아지 터그놀이 치석제거 장난감 이갈이 삑삑이 간식놀이', 1300, '', '', NULL, 0, 'https://shopping-phinf.pstatic.net/main_1265978/12659781236.15.jpg', '기타', '용품', '장난감/토이', 100, NULL, 100),
	(1216, '강아지 만득이 인형 칼리 공 놀이 삑삑이 라텍스 장난감', 2300, '', '', NULL, 0, 'https://shopping-phinf.pstatic.net/main_2633810/26338106910.20220331031707.jpg', '기타', '용품', '장난감/토이', 100, NULL, 100),
	(1217, '강아지 아기 새끼 대형견 애견 반려견 kong 콩 토이 클래식 워블러 간식 볼 장난감', 7000, '콩', '', NULL, 0, 'https://shopping-phinf.pstatic.net/main_8239467/82394674084.7.jpg', '기타', '용품', '장난감/토이', 99, NULL, 101),
	(1218, '강아지 장난감 이갈이 치석제거 실타래 터그 놀이 봉제 인형 라텍스 삑삑이 공', 500, '', '', NULL, 0, 'https://shopping-phinf.pstatic.net/main_8353069/83530694243.jpg', '기타', '용품', '장난감/토이', 99, NULL, 101),
	(1219, 'PETCA 강아지 장난감 터그놀이 삑삑이 이갈이 강아지장난감인형', 840, '', '', NULL, 0, 'https://shopping-phinf.pstatic.net/main_8392858/83928585160.jpg', '기타', '용품', '장난감/토이', 99, NULL, 101),
	(1220, '[무무토]우드스틱 강아지이갈이장난감 강아지장난감 100%식이섬유', 4900, '무무토', '', NULL, 0, 'https://shopping-phinf.pstatic.net/main_8328791/83287912401.8.jpg', '기타', '용품', '장난감/토이', 100, NULL, 100),
	(1221, '마도로스펫 큰치킨 치킨트릿 400g', 38000, '마도로스펫', '마도로스펫', NULL, 0, 'https://shopping-phinf.pstatic.net/main_2803122/28031228522.20210716145600.jpg', '강아지', '강아지 간식', '동결건조 간식', 100, NULL, 100),
	(1222, '강아지 애견 반려견 대형견 아기 다이어트 수제 영양 닭가슴살 동결건조 간식 트릿 대용량', 7800, '', '', NULL, 0, 'https://shopping-phinf.pstatic.net/main_8356548/83565480426.5.jpg', '강아지', '강아지 간식', '동결건조 간식', 100, NULL, 100),
	(1223, '마도로스펫 소프트연어트릿 동결건조 간식150g', 20000, '마도로스펫', '마도로스펫', NULL, 0, 'https://shopping-phinf.pstatic.net/main_1234050/12340505370.20180723145226.jpg', '강아지', '강아지 간식', '동결건조 간식', 100, NULL, 100),
	(1224, '펫츠플레이트 동결건조 북어트릿(스틱) 500g', 39000, '펫츠플레이트', '펫츠플레이트', NULL, 0, 'https://shopping-phinf.pstatic.net/main_8228981/82289816635.2.jpg', '강아지', '강아지 간식', '동결건조 간식', 100, NULL, 100),
	(1225, '닥터바이 우주트릿 소화율 높은 강아지 고급 동결건조 간식 야채 영양 트릿', 13900, '닥터바이', 'OCEAN', NULL, 0, 'https://shopping-phinf.pstatic.net/main_8226127/82261274266.jpg', '강아지', '강아지 간식', '동결건조 간식', 100, NULL, 100),
	(1226, '황태트릿 100g 북어트릿 애견 강아지 고양이간식', 9900, '', '다존', NULL, 0, 'https://shopping-phinf.pstatic.net/main_8343434/83434345234.2.jpg', '강아지', '강아지 간식', '동결건조 간식', 100, NULL, 100),
	(1227, '마도로스펫 열빙어트릿 100g', 12000, '마도로스펫', '마도로스펫', NULL, 0, 'https://shopping-phinf.pstatic.net/main_3070069/30700690621.20220127104514.jpg', '강아지', '강아지 간식', '동결건조 간식', 100, NULL, 100),
	(1228, '마도로스펫 북어파우더 500g(대용량)/동결건조파우더', 20000, '마도로스펫', '마도로스펫', NULL, 0, 'https://shopping-phinf.pstatic.net/main_8344308/8344308497.2.jpg', '강아지', '강아지 간식', '동결건조 간식', 100, NULL, 100),
	(1229, '네쿠 강아지 고양이 동결건조 대용량 간식 242g 칠면조 사슴 오리 닭고기 노른자 트릿', 22500, '', '', NULL, 0, 'https://shopping-phinf.pstatic.net/main_8368452/83684522824.3.jpg', '강아지', '강아지 간식', '동결건조 간식', 100, NULL, 100),
	(1230, '주베베 강아지 치킨 연어 북어 촉촉트릿 노니품은 동결건조 간식', 10500, '주베베', '', NULL, 0, 'https://shopping-phinf.pstatic.net/main_8304768/83047682828.6.jpg', '강아지', '강아지 간식', '동결건조 간식', 100, NULL, 100),
	(1231, '강아지 반려견 애견 노견 훈련용 영양 야채 채소 믹스 칩 트릿', 10000, '', '', NULL, 0, 'https://shopping-phinf.pstatic.net/main_8250632/82506322026.jpg', '강아지', '강아지 간식', '동결건조 간식', 100, NULL, 100),
	(1232, '마도로스펫 단호박트릿  동결건조 간식 80g', 15000, '마도로스펫', '마도로스펫', NULL, 0, 'https://shopping-phinf.pstatic.net/main_2148980/21489807372.20191210160203.jpg', '강아지', '강아지 간식', '동결건조 간식', 100, NULL, 100),
	(1233, '마도로스펫 대구트릿  동결건조 간식120g', 16000, '', '', NULL, 0, 'https://shopping-phinf.pstatic.net/main_1234048/12340484241.20180726160645.jpg', '강아지', '강아지 간식', '동결건조 간식', 100, NULL, 100),
	(1234, '에프디바이츠 강아지 고양이 동결건조간식 닭고기 오리고기 닭호박 토끼고기 연어 참치 대구 새우 트릿', 5700, '허글', '', NULL, 0, 'https://shopping-phinf.pstatic.net/main_8266193/82661935567.11.jpg', '강아지', '강아지 간식', '동결건조 간식', 100, NULL, 100),
	(1235, '동결건조 강아지열빙어 대용량 양미리 트릿 300g 군침돌개', 19800, '', '', NULL, 0, 'https://shopping-phinf.pstatic.net/main_8320862/83208621649.jpg', '강아지', '강아지 간식', '동결건조 간식', 100, NULL, 100),
	(1236, '조공 미니트릿 닭 80g', 7000, '조공', '', NULL, 0, 'https://shopping-phinf.pstatic.net/main_2999040/29990404619.20211207172947.jpg', '강아지', '강아지 간식', '동결건조 간식', 100, NULL, 100),
	(1237, '마도로스펫 치킨트릿 동결건조 간식 50g', 8000, '', '', NULL, 0, 'https://shopping-phinf.pstatic.net/main_1234051/12340517872.20170925142438.jpg', '강아지', '강아지 간식', '동결건조 간식', 100, NULL, 100),
	(1238, '아침애 강아지 고양이 동결건조 간식', 6500, '아침애', '', NULL, 0, 'https://shopping-phinf.pstatic.net/main_8343965/83439652391.1.jpg', '강아지', '강아지 간식', '동결건조 간식', 100, NULL, 100),
	(1239, '찹앤찹 동결건조간식 닭안심 치즈 90g', 11900, '찹앤찹', '찹앤찹', NULL, 0, 'https://shopping-phinf.pstatic.net/main_2234875/22348756799.20200406121047.jpg', '강아지', '강아지 간식', '동결건조 간식', 100, NULL, 100),
	(1240, '골라담는 건강한 강아지간식 오마이도기 과일칩 시리즈 9종', 3500, '오마이도기', '', NULL, 0, 'https://shopping-phinf.pstatic.net/main_9921548/9921548206.1.jpg', '강아지', '강아지 간식', '동결건조 간식', 100, NULL, 100),
	(1241, '케어캣 올라이프 전연령용 고양이 건식사료', 49200, '', '', NULL, 0, 'https://shopping-phinf.pstatic.net/main_8405533/84055335489.jpg', '고양이', '고양이 사료', '건식사료', 100, NULL, 100),
	(1242, '레오나르도 어덜트 컴플리트 고양이 건식사료  닭  2kg', 32500, '레오나르도', '', NULL, 0, 'https://shopping-phinf.pstatic.net/main_3140482/31404823131.jpg', '고양이', '고양이 사료', '건식사료', 100, NULL, 100),
	(1243, '전연령용 고양이 건식 사료 반려 동물 용품 7kg 1EA', 39470, '', '대한사료', NULL, 0, 'https://shopping-phinf.pstatic.net/main_8422358/84223581372.jpg', '고양이', '고양이 사료', '건식사료', 100, NULL, 100),
	(1244, '힐링타임 고양이 건식 사료 캣 체크 올라이프 7kg', 21500, '힐링타임', '사조동아원', NULL, 0, 'https://shopping-phinf.pstatic.net/main_8376859/83768596653.jpg', '고양이', '고양이 사료', '건식사료', 100, NULL, 100),
	(1245, '위스카스사료 고양이 건식 사료', 15600, '위스카스', '마즈', NULL, 0, 'https://shopping-phinf.pstatic.net/main_8162720/81627204886.jpg', '고양이', '고양이 사료', '건식사료', 100, NULL, 100),
	(1246, '로얄캐닌 캣 키튼', 5500, '로얄캐닌', '', NULL, 0, 'https://shopping-phinf.pstatic.net/main_1465934/14659343390.20180628142758.jpg', '고양이', '고양이 사료', '건식사료', 100, NULL, 100),
	(1247, '로얄캐닌 고양이사료 습식 건식 키튼 인도어 피트 베이비 라이트 4kg 8kg 10kg', 32720, '로얄캐닌', '로얄캐닌', NULL, 0, 'https://shopping-phinf.pstatic.net/main_8134395/81343954369.10.jpg', '고양이', '고양이 사료', '건식사료', 100, NULL, 100),
	(1248, '위스카스 고양이 건식 사료 3kg, 7kg 모음전', 14800, '위스카스', '', NULL, 0, 'https://shopping-phinf.pstatic.net/main_8241962/82419629013.3.jpg', '고양이', '고양이 사료', '건식사료', 100, NULL, 100),
	(1249, '에센셜 더재규어 포캣 3kg 고양이건식사료', 42900, '토우', '', NULL, 0, 'https://shopping-phinf.pstatic.net/main_8359795/83597953665.1.jpg', '고양이', '고양이 사료', '건식사료', 100, NULL, 100),
	(1250, '캐츠랑 전연령 고양이 건식사료  7kg  1개', 17220, '캐츠랑', '', NULL, 0, 'https://shopping-phinf.pstatic.net/main_3158547/31585479493.jpg', '고양이', '고양이 사료', '건식사료', 100, NULL, 100),
	(1251, '캐츠랑 전연령 인도어 겸용 고양이 건식사료  닭  5kg', 25700, '캐츠랑', '대주산업', NULL, 0, 'https://shopping-phinf.pstatic.net/main_3055507/30555072043.9.jpg', '고양이', '고양이 사료', '건식사료', 100, NULL, 100),
	(1252, '모찌네 전연령용 고양이 건식사료  닭  5kg', 21900, '', '', NULL, 0, 'https://shopping-phinf.pstatic.net/main_2753059/27530595258.2.jpg', '고양이', '고양이 사료', '건식사료', 100, NULL, 100),
	(1253, '내추럴발란스 고양이 건식 인도어 울트라 G/F 3kg', 42240, '', '', NULL, 0, 'https://shopping-phinf.pstatic.net/main_3176990/31769907608.jpg', '고양이', '고양이 사료', '건식사료', 100, NULL, 100),
	(1254, '퓨리나 캣차우 컴플리트 전연령용 고양이 건식사료  3kg  1개', 20100, '캣차우', '퓨리나', NULL, 0, 'https://shopping-phinf.pstatic.net/main_3127685/31276856433.60.jpg', '고양이', '고양이 사료', '건식사료', 100, NULL, 100),
	(1255, '오요요 캣 요로케어', 29000, '오요요', '이레본', NULL, 0, 'https://shopping-phinf.pstatic.net/main_3102379/31023794618.20220308121448.jpg', '고양이', '고양이 사료', '건식사료', 100, NULL, 100),
	(1256, '오리젠 전연령 6 피쉬 고양이 건식사료  1.8kg  생선', 31400, '오리젠', '', NULL, 0, 'https://shopping-phinf.pstatic.net/main_2956102/29561029748.81.jpg', '고양이', '고양이 사료', '건식사료', 100, NULL, 100),
	(1257, '고양이사료대용량 길고양이 길냥이 밥 브프캣 20kg', 28900, '', '', NULL, 0, 'https://shopping-phinf.pstatic.net/main_8294674/82946742241.jpg', '고양이', '고양이 사료', '건식사료', 100, NULL, 100),
	(1258, '내추럴발란스 고양이 건식 인도어 울트라 G/F 3kg', 42000, '', '', NULL, 0, 'https://shopping-phinf.pstatic.net/main_3177029/31770297906.jpg', '고양이', '고양이 사료', '건식사료', 100, NULL, 100),
	(1259, '위스카스 포켓 고양이 건식 사료  닭  1개  3kg', 16700, '위스카스', '', NULL, 0, 'https://shopping-phinf.pstatic.net/main_2733134/27331341103.28.jpg', '고양이', '고양이 사료', '건식사료', 100, NULL, 100),
	(1260, '밥이보약 전연령 빛나는 피모 고양이 건식사료  3.4kg  닭', 33670, '밥이보약', '하림펫푸드', NULL, 0, 'https://shopping-phinf.pstatic.net/main_3083828/30838283693.jpg', '고양이', '고양이 사료', '건식사료', 100, NULL, 100),
	(1261, '[복수구매 10%]로우즈 오쥬바이 슈레디드 사시 파우치 파테 캔 고양이 주식 습식사료', 2900, '로우즈', '', NULL, 0, 'https://shopping-phinf.pstatic.net/main_8325278/83252788021.4.jpg', '고양이', '고양이 사료', '습식사료', 100, NULL, 100),
	(1262, '로얄캐닌 스테럴라이즈드 파우치', 1040, '로얄캐닌', '로얄캐닌', NULL, 0, 'https://shopping-phinf.pstatic.net/main_2227744/22277446760.20200324123123.jpg', '고양이', '고양이 사료', '습식사료', 100, NULL, 100),
	(1263, '카루 나우 테트라 클래식 스튜 고양이 습식사료', 4300, '', '', NULL, 0, 'https://shopping-phinf.pstatic.net/main_8210038/82100380224.3.jpg', '고양이', '고양이 사료', '습식사료', 100, NULL, 100),
	(1264, '팬시피스트 캔 연어', 1350, '팬시피스트', '네슬레퓨리나', NULL, 0, 'https://shopping-phinf.pstatic.net/main_3121634/31216343623.20220308121430.jpg', '고양이', '고양이 사료', '습식사료', 100, NULL, 100),
	(1265, '로얄캐닌 인스팅티브 그레이비', 1040, '로얄캐닌', '로얄캐닌', NULL, 0, 'https://shopping-phinf.pstatic.net/main_2011825/20118256153.20190708140746.jpg', '고양이', '고양이 사료', '습식사료', 100, NULL, 100),
	(1266, '[복수구매10%]쓰라이브 원육 100% 영국산 고양이 습식사료 주식캔', 2400, '스라이브', '스라이브', NULL, 0, 'https://shopping-phinf.pstatic.net/main_8282827/82828272032.3.jpg', '고양이', '고양이 사료', '습식사료', 100, NULL, 100),
	(1267, '로얄캐닌 파우치 습식사료 습식파우치 센서리 로프 그레이비 젤리 85g', 1190, '로얄캐닌', '로얄캐닌', NULL, 0, 'https://shopping-phinf.pstatic.net/main_8252884/82528845443.2.jpg', '고양이', '고양이 사료', '습식사료', 100, NULL, 100),
	(1268, '팬시피스트 키튼 화이트라벨 고양이 주식캔 습식사료 모음', 1350, '팬시피스트', '퓨리나', NULL, 0, 'https://shopping-phinf.pstatic.net/main_8307396/83073967166.2.jpg', '고양이', '고양이 사료', '습식사료', 100, NULL, 100),
	(1269, '[복수구매5%]알모네이쳐 HFC 내츄럴 젤리 캔 내츄럴플러스 파우치 70g 55g', 2000, '알모네이쳐', '알모네이쳐', NULL, 0, 'https://shopping-phinf.pstatic.net/main_8335893/83358934259.1.jpg', '고양이', '고양이 사료', '습식사료', 100, NULL, 100),
	(1270, '[복수구매5%]알모네이쳐 고양이 캣스틱 주식캔 파우치 습식사료', 2000, '알모네이쳐', '알모네이쳐', NULL, 0, 'https://shopping-phinf.pstatic.net/main_8205414/82054140316.2.jpg', '고양이', '고양이 사료', '습식사료', 100, NULL, 100),
	(1271, '팬시피스트 엘레강트메들리 85g/파테/고양이주식캔', 1600, '팬시피스트', '퓨리나', NULL, 0, 'https://shopping-phinf.pstatic.net/main_7868423/7868423318.jpg', '고양이', '고양이 사료', '습식사료', 100, NULL, 100),
	(1272, '아보덤 고양이 주식캔 그레인프리 85g 6종 선택', 1900, '아보덤내추럴', '브리더스초이스', NULL, 0, 'https://shopping-phinf.pstatic.net/main_1130191/11301910231.2.jpg', '고양이', '고양이 사료', '습식사료', 100, NULL, 100),
	(1273, '지위픽 캣 캔 고양이 습식사료', 4200, '지위픽', '지위픽', NULL, 0, 'https://shopping-phinf.pstatic.net/main_8240768/82407684937.jpg', '고양이', '고양이 사료', '습식사료', 100, NULL, 100),
	(1274, '[복수구매10%]쓰라이브 캔 컴플리트 고양이 습식사료 주식캔 75g', 2400, '스라이브', '스라이브', NULL, 0, 'https://shopping-phinf.pstatic.net/main_8284051/82840510387.5.jpg', '고양이', '고양이 사료', '습식사료', 100, NULL, 100),
	(1275, '보레알 캔 고양이 습식사료 주식캔 모음', 1900, '보레알', '보레알', NULL, 0, 'https://shopping-phinf.pstatic.net/main_8124868/81248683958.jpg', '고양이', '고양이 사료', '습식사료', 100, NULL, 100),
	(1276, '위스카스 파우치 테이스티믹스 80g 아기고양이 이유식 고양이습식사료', 740, '위스카스', 'MARS PETCARE', NULL, 0, 'https://shopping-phinf.pstatic.net/main_8329497/83294979626.2.jpg', '고양이', '고양이 사료', '습식사료', 100, NULL, 100),
	(1277, '내추럴발란스 캣 고양이 주식캔 습식사료 수제스튜 LID', 2200, '내추럴발란스', '', NULL, 0, 'https://shopping-phinf.pstatic.net/main_8233392/82333925515.jpg', '고양이', '고양이 사료', '습식사료', 100, NULL, 100),
	(1278, '아보덤 그레인프리 고양이 주식캔 습식캔 85g 모음전', 1800, '아보덤내추럴', '', NULL, 0, 'https://shopping-phinf.pstatic.net/main_8222421/82224218508.1.jpg', '고양이', '고양이 사료', '습식사료', 100, NULL, 100),
	(1279, '웰니스 코어 시그니쳐 인덜전스 셀렉트 고양이 주식캔 습식사료', 1800, '웰니스', '웰펫', NULL, 0, 'https://shopping-phinf.pstatic.net/main_1328291/13282917724.5.jpg', '고양이', '고양이 사료', '습식사료', 100, NULL, 100),
	(1280, '[2+1]지위픽 캣 고양이 주식캔 프로비넌스 습식사료', 4500, '지위픽', '지위픽', NULL, 0, 'https://shopping-phinf.pstatic.net/main_8412509/84125090493.jpg', '고양이', '고양이 사료', '습식사료', 100, NULL, 100),
	(1281, '내추럴발란스 LID 참치 호박 브로스 고양이 수제 컵캔', 3140, '내추럴발란스', '내추럴발란스', NULL, 0, 'https://shopping-phinf.pstatic.net/main_2385047/23850475522.20200821164247.jpg', '고양이', '고양이 사료', '수제사료', 100, NULL, 100),
	(1282, '[고양이 생식] 치킨포켓 3Box', 105400, '정글키친', '', NULL, 0, 'https://shopping-phinf.pstatic.net/main_8246648/82466489514.jpg', '고양이', '고양이 사료', '수제사료', 100, NULL, 100),
	(1283, '내추럴발란스 그레인프리 참치 연어 당근 새우 스튜 고양이 수제 컵캔', 2900, '내추럴발란스', '내추럴발란스', NULL, 0, 'https://shopping-phinf.pstatic.net/main_2384750/23847507522.20200821110744.jpg', '고양이', '고양이 사료', '수제사료', 100, NULL, 100),
	(1284, '내추럴발란스 그레인프리 닭고기 닭간 스튜 고양이 수제 컵캔', 2000, '내추럴발란스', '내추럴발란스', NULL, 0, 'https://shopping-phinf.pstatic.net/main_2385077/23850771522.20200821170856.jpg', '고양이', '고양이 사료', '수제사료', 100, NULL, 100),
	(1285, '[고양이생식] 닭생식 1.5kg 13주년이벤트', 33400, '', '', NULL, 0, 'https://shopping-phinf.pstatic.net/main_8237172/82371721640.5.jpg', '고양이', '고양이 사료', '수제사료', 100, NULL, 100),
	(1286, '내추럴발란스 LID 닭고기 호박 브로스 고양이 수제 컵캔', 3140, '내추럴발란스', '내추럴발란스', NULL, 0, 'https://shopping-phinf.pstatic.net/main_2385047/23850472522.20200821163850.jpg', '고양이', '고양이 사료', '수제사료', 100, NULL, 100),
	(1287, '내추럴발란스 그레인프리 참치 횐살생선 당근 스튜 고양이 수제 컵캔', 2390, '내추럴발란스', '내추럴발란스', NULL, 0, 'https://shopping-phinf.pstatic.net/main_2385093/23850934522.20200821172308.jpg', '고양이', '고양이 사료', '수제사료', 100, NULL, 100),
	(1288, '어나더베이비 트라이얼 [마음대로 골라담기] 고양이 화식 자연식 3종', 18000, '어나더베이비', '', NULL, 0, 'https://shopping-phinf.pstatic.net/main_8319870/83198706128.2.jpg', '고양이', '고양이 사료', '수제사료', 100, NULL, 100),
	(1289, '내추럴발란스 캣 고양이 주식캔 습식사료 수제스튜 LID', 2200, '내추럴발란스', '', NULL, 0, 'https://shopping-phinf.pstatic.net/main_8233392/82333925515.jpg', '고양이', '고양이 사료', '습식사료', 100, NULL, 100),
	(1290, '[고양이 생식] 미디엄프로틴치킨 본품 (1박스/20팩)', 40900, '정글키친', '', NULL, 0, 'https://shopping-phinf.pstatic.net/main_8246764/82467643686.1.jpg', '고양이', '고양이 사료', '수제사료', 100, NULL, 100),
	(1291, '렌네맘마 Pink Chicken 1kg - 무항생제 닭으로 만든 렌네맘마', 25000, '', '', NULL, 0, 'https://shopping-phinf.pstatic.net/main_8321508/83215081447.jpg', '고양이', '고양이 사료', '수제사료', 100, NULL, 100),
	(1292, '내추럴발란스 그레인프리 흰살생선 정어리 캐일 스튜 고양이 수제 컵캔', 1890, '내추럴발란스', '내추럴발란스', NULL, 0, 'https://shopping-phinf.pstatic.net/main_2385076/23850768522.20200821170528.jpg', '고양이', '고양이 사료', '수제사료', 100, NULL, 100),
	(1293, '[고양이 생식] 미디엄프로틴치킨 2Box', 80900, '정글키친', '', NULL, 0, 'https://shopping-phinf.pstatic.net/main_8246875/82468756839.jpg', '고양이', '고양이 사료', '수제사료', 100, NULL, 100),
	(1294, '[고양이 생식] 램포켓 본품 (1박스/20팩)', 48900, '정글키친', '', NULL, 0, 'https://shopping-phinf.pstatic.net/main_8246650/82466504806.jpg', '고양이', '고양이 사료', '수제사료', 100, NULL, 100),
	(1295, '[고양이 생식] 덕포켓 2Box', 85300, '정글키친', '', NULL, 0, 'https://shopping-phinf.pstatic.net/main_8246650/82466500527.jpg', '고양이', '고양이 사료', '수제사료', 100, NULL, 100),
	(1296, '[고양이 생식] 본+치킨포켓 2Box', 74900, '정글키친', '', NULL, 0, 'https://shopping-phinf.pstatic.net/main_8246645/82466459284.jpg', '고양이', '고양이 사료', '수제사료', 100, NULL, 100),
	(1297, '[고양이 생식] 본+치킨포켓 6Box', 206400, '정글키친', '', NULL, 0, 'https://shopping-phinf.pstatic.net/main_8246645/82466455882.jpg', '고양이', '고양이 사료', '수제사료', 97, NULL, 103),
	(1298, '포옹 생식선생 - 닭 900g (75gX12개) / 고양이 생식', 21400, '', '매드메이드', NULL, 0, 'https://shopping-phinf.pstatic.net/main_8247157/82471572877.1.jpg', '고양이', '고양이 사료', '수제사료', 100, NULL, 100),
	(1299, '내추럴발란스 흰살생선 정어리 케일 수제 스튜 포뮬라', 2100, '내추럴발란스', '내추럴발란스', NULL, 0, 'https://shopping-phinf.pstatic.net/main_2011831/20118316427.20200831104332.jpg', '고양이', '고양이 사료', '수제사료', 100, NULL, 100),
	(1300, '[고양이용] 포옹 생식선생 샘플 300g(75gX4개)', 5400, '', '매드메이드', NULL, 0, 'https://shopping-phinf.pstatic.net/main_8349450/83494501442.jpg', '고양이', '고양이 사료', '수제사료', 100, NULL, 100),
	(1301, '기호성 고양이보양식 스프 닭 해산물 고양이수제간식', 3970, '', '', NULL, 0, 'https://shopping-phinf.pstatic.net/main_3195232/31952326262.jpg', '고양이', '고양이 간식', '수제간식', 100, NULL, 100),
	(1302, '네이월 고양이 무염멸치 수제간식 40g', 4500, '네이월', '네이월', NULL, 0, 'https://shopping-phinf.pstatic.net/main_1399685/13996854194.20210709110551.jpg', '고양이', '고양이 간식', '수제간식', 100, NULL, 100),
	(1303, '쉬바 수제스프 수프 40g 파우치 70g 주식파우치 고양이간식 모음', 970, '쉬바', '마즈', NULL, 0, 'https://shopping-phinf.pstatic.net/main_8310012/83100126684.1.jpg', '고양이', '고양이 간식', '수제간식', 100, NULL, 100),
	(1304, '내추럴발란스 캣 캔 포뮬라 / 수제스튜 LID 고양이 습식사료', 1800, '내추럴발란스', '내추럴발란스', NULL, 0, 'https://shopping-phinf.pstatic.net/main_8067987/80679878796.jpg', '고양이', '고양이 간식', '수제간식', 100, NULL, 100),
	(1305, '고양이 수제 간식 닭고구마말이 6p (네이월)', 3400, '네이월', '네이월', NULL, 0, 'https://shopping-phinf.pstatic.net/main_8080163/80801634213.jpg', '고양이', '고양이 간식', '수제간식', 100, NULL, 100),
	(1306, '냐무환 5.5 kg 이하 (테라코트환)', 10000, '', '', NULL, 0, 'https://shopping-phinf.pstatic.net/main_8029259/80292591917.3.jpg', '고양이', '고양이 간식', '수제간식', 100, NULL, 100),
	(1307, '고양이츄르 고양이수제간식 고양이닭고기 반려묘', 3990, '', '', NULL, 0, 'https://shopping-phinf.pstatic.net/main_8302463/83024630384.jpg', '고양이', '고양이 간식', '수제간식', 100, NULL, 100),
	(1308, '쉬바 고양이 파우치 70g & 수제수프 40g 24개', 28900, '쉬바', 'MARS PETCARE', NULL, 0, 'https://shopping-phinf.pstatic.net/main_8313641/83136418233.13.jpg', '고양이', '고양이 간식', '수제간식', 100, NULL, 100),
	(1309, '반수식 닭가슴살수제츄르180g /강아지고양이수제간식', 4000, '', '', NULL, 0, 'https://shopping-phinf.pstatic.net/main_8355129/83551294486.2.jpg', '고양이', '고양이 간식', '수제간식', 100, NULL, 100),
	(1310, '쉬바파우치 고양이스프 고양이주식파우치 고양이수제간식', 25500, '쉬바', 'MARS PETCARE', NULL, 0, 'https://shopping-phinf.pstatic.net/main_8208620/82086207519.jpg', '고양이', '고양이 간식', '수제간식', 100, NULL, 100),
	(1311, '필라인 그리니즈 참치 595g', 16900, '그리니즈', 'MARS PETCARE', NULL, 0, 'https://shopping-phinf.pstatic.net/main_2942416/29424164618.20211027114458.jpg', '고양이', '고양이 간식', '비스킷/스낵', 100, NULL, 100),
	(1312, '[유통기한 행사] 퓨리나 파티믹스 고양이 간식 60g', 2400, '퓨리나', '퓨리나', NULL, 0, 'https://shopping-phinf.pstatic.net/main_8320001/83200018269.jpg', '고양이', '고양이 간식', '비스킷/스낵', 100, NULL, 100),
	(1313, '캐츠랑 저요저요 60g 150g 위스카스 템테이션', 840, '캐츠랑', '대주산업', NULL, 0, 'https://shopping-phinf.pstatic.net/main_8231511/82315113770.1.jpg', '고양이', '고양이 간식', '비스킷/스낵', 100, NULL, 100),
	(1314, '그리니즈 필라인 이빨과자 고양이 치석제거 간식 60g', 2690, '그리니즈', '', NULL, 0, 'https://shopping-phinf.pstatic.net/main_8275337/82753372133.jpg', '고양이', '고양이 간식', '비스킷/스낵', 100, NULL, 100),
	(1315, '(선물증) 그리니즈 필라인 대용량 595g 3종 닭고기 연어 참치 이빨과자 고양이간식', 17900, '', '', NULL, 0, 'https://shopping-phinf.pstatic.net/main_8399351/83993512916.jpg', '고양이', '고양이 간식', '비스킷/스낵', 100, NULL, 100),
	(1316, '퓨리나 프리스키 파티믹스 60g 7가지맛 고양이간식(유통기한임박)', 1900, '', '퓨리나', NULL, 0, 'https://shopping-phinf.pstatic.net/main_8414539/84145397958.jpg', '고양이', '고양이 간식', '비스킷/스낵', 100, NULL, 100),
	(1317, '고양이 과자간식 캐츠랑 저요저요 60g / 태국산 미오스낵 50g', 850, '', '', NULL, 0, 'https://shopping-phinf.pstatic.net/main_8213231/82132310941.6.jpg', '고양이', '고양이 간식', '비스킷/스낵', 100, NULL, 100),
	(1318, '그리니즈 메가사이즈 130g', 6900, '그리니즈', '', NULL, 0, 'https://shopping-phinf.pstatic.net/main_2447743/24477436522.20211027135008.jpg', '고양이', '고양이 간식', '비스킷/스낵', 100, NULL, 100),
	(1319, '[180g 대용량] 몬페티 크리스피키스 대용량 버라이어티 팩 단품팩 10종 택1', 13200, '몬페티', '', NULL, 0, 'https://shopping-phinf.pstatic.net/main_8249588/82495886984.6.jpg', '고양이', '고양이 간식', '비스킷/스낵', 100, NULL, 100),
	(1320, '그리니즈 필라인 이빨과자 고양이 치석제거 간식 60g 템테이션 파티믹스', 2800, '그리니즈', '마즈', NULL, 0, 'https://shopping-phinf.pstatic.net/main_8315729/83157290051.jpg', '고양이', '고양이 간식', '비스킷/스낵', 100, NULL, 100),
	(1321, '묘랑묘랑 TV 고양이 스크래쳐 숨숨집', 14300, '', '', NULL, 0, 'https://shopping-phinf.pstatic.net/main_2988461/29884612924.20211201045502.jpg', '고양이', '고양이 용품', '장난감', 100, NULL, 100),
	(1322, '언니픽 고양이스크래쳐 수직형 스크레쳐', 22900, '', '', NULL, 0, 'https://shopping-phinf.pstatic.net/main_3185894/31858942661.20220416151635.jpg', '고양이', '고양이 용품', '장난감', 100, NULL, 100),
	(1323, '고양이 자동 장난감 멀티 꼬리잡기 1개', 23900, '', '', NULL, 0, 'https://shopping-phinf.pstatic.net/main_2988827/29888278497.20220117132915.jpg', '고양이', '고양이 용품', '장난감', 100, NULL, 100),
	(1324, '위드캣 알뜰평판 3P형 고양이스크래쳐', 3480, '', '', NULL, 0, 'https://shopping-phinf.pstatic.net/main_2685835/26858350282.20210421190744.jpg', '고양이', '고양이 용품', '장난감', 100, NULL, 100),
	(1325, '알파플랜 고양이 먹이퍼즐 간식장난감 행동풍부화 푸드트리', 20000, '알파플랜', '', NULL, 0, 'https://shopping-phinf.pstatic.net/main_2857842/28578428825.20210826011453.jpg', '고양이', '고양이 용품', '장난감', 100, NULL, 100),
	(1326, '늠름댕냥 고양이 낚시대 깃털 리필 와이어 3단낚시대 카샤카샤 막대 장난감', 600, '', '', NULL, 0, 'https://shopping-phinf.pstatic.net/main_8353103/83531039895.4.jpg', '고양이', '고양이 용품', '장난감', 100, NULL, 100),
	(1327, '미묘 AB골 쇼파스크레쳐 캣스크래 고양이놀이감 애묘장난감 토 NH-2200', 16630, '', '', NULL, 0, 'https://shopping-phinf.pstatic.net/main_2990863/29908636096.20211202004939.jpg', '고양이', '고양이 용품', '장난감', 99, NULL, 101),
	(1328, '키트니 냥모나이트 고양이 스크래쳐 원형 캣모나이트 침대 중대형', 12500, '키트니', '', NULL, 0, 'https://shopping-phinf.pstatic.net/main_2778906/27789068522.20210630104841.jpg', '고양이', '고양이 용품', '장난감', 100, NULL, 100),
	(1329, '캐티맨 펫모닝 카샤카샤 리필 강아지풀 고양이 낚시대 장난감', 1190, '캐티맨', '', NULL, 0, 'https://shopping-phinf.pstatic.net/main_8091875/80918753204.6.jpg', '고양이', '고양이 용품', '장난감', 100, NULL, 100),
	(1330, '움직이는 고양이 뱀 장난감 자동 무선 장난감 놀이기구 강아지', 18000, '', '', NULL, 0, 'https://shopping-phinf.pstatic.net/main_8302094/83020948765.jpg', '고양이', '고양이 용품', '장난감', 99, NULL, 101),
	(1331, '네네린도 우드 수직 월 스크래쳐 외 고양이 스크래쳐 모음전', 22900, '네네린도', '', NULL, 0, 'https://shopping-phinf.pstatic.net/main_8313085/83130857661.1.jpg', '고양이', '고양이 용품', '장난감', 99, NULL, 101),
	(1332, '리치독스 고양이 스크래처 수직형 기둥 수직 선인장 당근 스크래쳐 숨숨집 고양이타워', 12900, '리치독스', '', NULL, 0, 'https://shopping-phinf.pstatic.net/main_8339314/83393149172.4.jpg', '고양이', '고양이 용품', '장난감', 100, NULL, 100),
	(1333, '테비 플레이 그라운드 평판 고양이 스크래쳐3P 3개', 1200, '', '', NULL, 0, 'https://shopping-phinf.pstatic.net/main_2793075/27930752443.20220506034251.jpg', '고양이', '고양이 용품', '장난감', 100, NULL, 100),
	(1334, '고놈참 고양이방석 고양이 스크래쳐 바구니 매트 용품', 11900, '', '', NULL, 0, 'https://shopping-phinf.pstatic.net/main_2869970/28699704921.20211016030051.jpg', '고양이', '고양이 용품', '장난감', 100, NULL, 100),
	(1335, 'PETCA 고양이 장난감 낚시대 캐티맨 강아지풀 카샤카샤', 1500, '', '', NULL, 0, 'https://shopping-phinf.pstatic.net/main_8396864/83968645201.2.jpg', '고양이', '고양이 용품', '장난감', 0, NULL, 100),
	(1336, '블루선 고양이 회전장난감', 12000, '블루선', '', NULL, 0, 'https://shopping-phinf.pstatic.net/main_3153869/31538694657.20220330234750.jpg', '고양이', '고양이 용품', '장난감', 100, NULL, 100),
	(1337, '고양이 스크래쳐 골판지 스크래쳐', 5800, '캣츠빌', '캣츠빌', NULL, 0, 'https://shopping-phinf.pstatic.net/main_8161935/81619353896.3.jpg', '고양이', '고양이 용품', '장난감', 100, NULL, 100),
	(1338, '고양이 뱀 장난감 자동 움직이는 로봇', 10000, '', '', NULL, 0, 'https://shopping-phinf.pstatic.net/main_3060520/30605202301.20220119213859.jpg', '고양이', '고양이 용품', '장난감', 100, NULL, 100),
	(1339, '고양이 낚시대 펫츠루트 캐티맨 카샤카샤 붕붕 데빌스네이크', 2290, '펫츠루트', '펫츠루트', NULL, 0, 'https://shopping-phinf.pstatic.net/main_8237943/82379431458.1.jpg', '고양이', '고양이 용품', '장난감', 94, NULL, 103),
	(1340, '고양이 당근 스크래쳐 원형 방석 고양이 박스', 11000, '', '', NULL, 0, 'https://shopping-phinf.pstatic.net/main_8321815/83218156483.1.jpg', '고양이', '고양이 용품', '장난감', 0, NULL, 100),
	(1341, '에프디트릿 동결건조 순살닭고기 90g', 4870, '', '', 'https://i.ibb.co/w0JMfzx/Fire-Shot-Capture-003.png', 0, 'https://shopping-phinf.pstatic.net/main_2692116/26921167523.20210426115340.jpg', '고양이', '고양이 간식', '동결건조 수제', 88, NULL, 112),
	(1342, '강아지 만득이 인형 칼리 공 놀이 삑삑이 라텍스 장난감', 2300, '', '', NULL, 0, 'https://shopping-phinf.pstatic.net/main_2633810/26338106910.20220331031707.jpg', '기타', '강아지 장난감/훈련', '장난감/토이', 100, NULL, 100),
	(1343, '커피나무로 만든 커피츄 100% 강아지 우드 스틱 이갈이 장난감', 5000, '', '', NULL, 0, 'https://shopping-phinf.pstatic.net/main_8241785/82417859645.jpg', '기타', '강아지 장난감/훈련', '장난감/토이', 100, NULL, 100),
	(1344, '비스토어 강아지터그놀이 강아지 이갈이 애견 장난감 공', 1900, '비스토어', '재영코프레이션', NULL, 0, 'https://shopping-phinf.pstatic.net/main_8250277/82502776878.1.jpg', '기타', '강아지 장난감/훈련', '장난감/토이', 100, NULL, 100),
	(1345, '강아지 장난감 소형견 중형견 대형견 애착 인형 아기 새끼 삑삑이 바스락 이갈이 터그 놀이 당근 치실 공', 500, '이모펫', '', NULL, 0, 'https://shopping-phinf.pstatic.net/main_8225065/82250651569.5.jpg', '기타', '강아지 장난감/훈련', '장난감/토이', 100, NULL, 100),
	(1346, '강아지 장난감 콩 워블러 퍼피 씨니어 클래식 익스트림', 3980, '콩', '', NULL, 0, 'https://shopping-phinf.pstatic.net/main_8239639/82396392985.1.jpg', '기타', '강아지 장난감/훈련', '장난감/토이', 100, NULL, 100),
	(1347, '강아지 장난감 이갈이 치석제거 실타래 터그 놀이 봉제 인형 라텍스 삑삑이 공', 500, '', '', NULL, 0, 'https://shopping-phinf.pstatic.net/main_8353069/83530694243.jpg', '기타', '강아지 장난감/훈련', '장난감/토이', 100, NULL, 100),
	(1348, '[무무토]우드스틱 강아지이갈이장난감 강아지장난감 100%식이섬유', 4900, '무무토', '', NULL, 0, 'https://shopping-phinf.pstatic.net/main_8328791/83287912401.8.jpg', '기타', '강아지 장난감/훈련', '장난감/토이', 100, NULL, 100),
	(1349, '강아지 아기 새끼 대형견 애견 반려견 kong 콩 토이 클래식 워블러 간식 볼 장난감', 7000, '콩', '', NULL, 0, 'https://shopping-phinf.pstatic.net/main_8239467/82394674084.7.jpg', '기타', '강아지 장난감/훈련', '장난감/토이', 100, NULL, 100),
	(1350, '강아지 터그놀이 치석제거 장난감 이갈이 삑삑이 간식놀이', 1300, '', '', NULL, 0, 'https://shopping-phinf.pstatic.net/main_1265978/12659781236.15.jpg', '기타', '강아지 장난감/훈련', '장난감/토이', 100, NULL, 100),
	(1351, '천연 라텍스 강아지장난감 애견장난감모음 이갈이 치석제거 장난감', 3900, '칼리', '', NULL, 0, 'https://shopping-phinf.pstatic.net/main_8175019/81750191284.jpg', '기타', '강아지 장난감/훈련', '장난감/토이', 80, NULL, 100),
	(1352, 'NOW 그레인프리 스몰브리드 어덜트', 20290, 'NOW', '펫큐리안', NULL, 0, 'https://shopping-phinf.pstatic.net/main_1232582/12325828530.20210121101943.jpg', '반려동물', '강아지 사료/건식사료', '건식사료', 100, NULL, 100);
/*!40000 ALTER TABLE `shopproduct` ENABLE KEYS */;

-- Dumping data for table petchudb.tbl_board: ~7 rows (approximately)
/*!40000 ALTER TABLE `tbl_board` DISABLE KEYS */;
REPLACE INTO `tbl_board` (`bno`, `title`, `content`, `writer`, `regdate`, `updatedate`) VALUES
	(1, '스프링 기초와 원리를 알아보자', '스프링이란? 스프링 프레임워크는 자바 진영의 웹 프레임워크이다. EJB라는 겨울을 넘어 새로운 시작이라는 뜻으로 시작된 스프링은 현재는 다양한 생태계를 구축하고 있다.', 'fiom', '2022-04-18 12:52:25', '2022-04-18 12:52:25'),
	(2, '객체 지향 프로그래밍(OOP)', '객체 지향 프로그래밍(Object Oriented Programming)은 컴퓨터 프로그래밍의 패러다임 중 하나이다.', 'beagel', '2022-04-18 12:52:25', '2022-04-18 12:52:25'),
	(3, '스프링 학습을 포기하는 이유', '많은 개발자 분들이 취업이나 실무에서 필요해서 스프링 공부를 시작합니다. 그런데 막상 공부를 시작해보면, 스프링은 너무 거대해서 어디서부터 어떻게 학습해야 할지 막막합니다. 마치 넓은 마다 한가운데 길을 잃고 혼자 덩그러니 떠 있는 돛단배 같은 기분이 듭니다.', 'shiba dog', '2022-04-18 12:52:25', '2022-04-18 12:52:25'),
	(4, '동물병원 의사 공부러고 합니다.', '책이난 검색을 하면서 공부를 합니다.', 'fiom', '2022-04-19 13:22:41', '2022-04-19 13:22:41'),
	(6, '데이터 제목 수정', '데이터 수정', 'fiom', '2022-04-19 13:27:58', '2022-04-19 13:28:38'),
	(7, '동물병원 의사', '애견 백화점, 동물 병원, 경매 시장, 미용 학원 등 55여 개 애견 관련 업소가 밀집된 퇴계로에서 펼쳐지는 이번 축제에는 유명 연예인, 정치인들이 키우는 개를 소개하는 행사와 함께 한글 읽는 개, 노래하는 개, 희귀견 등의 재롱도 선보일 예정이다..', 'beagel', '2022-04-19 16:14:46', '2022-04-19 16:14:46'),
	(8, '동물학대 안 돼', '20일 오전 서울 종로구 이순신 장군 동상 앞에서 한국동물보호연합 회원들이 동물학대 강력처벌을 촉구하는 퍼포먼스를 하고 있다. 2022.4.20/뉴스1', 'greyhound', '2022-04-20 16:50:24', '2022-04-20 16:50:24');
/*!40000 ALTER TABLE `tbl_board` ENABLE KEYS */;

-- Dumping data for table petchudb.tbl_message: ~8 rows (approximately)
/*!40000 ALTER TABLE `tbl_message` DISABLE KEYS */;
REPLACE INTO `tbl_message` (`mno`, `receiver`, `sender`, `message`, `senddate`, `readdate`) VALUES
	(1, 'chihuahua', 'greyhound', '치와와 다움주월요요일 질료와주시면 안될까요?', '2022-04-21 13:34:56', '2022-04-25 16:27:24'),
	(2, 'greyhound', 'chihuahua', '네 알겠습니다. 월요일에 갈게요', '2022-04-21 13:34:56', NULL),
	(3, 'chihuahua', 'greyhound', '네 다움주워용일에 봽게습니다.', '2022-04-21 13:34:56', '2022-04-25 14:03:34'),
	(4, 'greyhound', 'chihuahua', '네', '2022-04-21 13:34:56', NULL),
	(18, 'chihuahua', 'greyhound', '치와와 다움주월요요일 질료와주시면 안될까요?', '2022-04-22 15:19:53', '2022-04-25 09:04:20'),
	(19, 'greyhound', 'chihuahua', '네 알겠습니다. 월요일에 갈게요', '2022-04-22 15:19:53', NULL),
	(20, 'chihuahua', 'greyhound', '네 다움주워용일에 봽게습니다.', '2022-04-22 15:19:53', '2022-04-25 09:04:14'),
	(21, 'greyhound', 'chihuahua', '네', '2022-04-22 15:19:53', '2022-04-25 11:41:53');
/*!40000 ALTER TABLE `tbl_message` ENABLE KEYS */;

-- Dumping data for table petchudb.tbl_reply: ~80 rows (approximately)
/*!40000 ALTER TABLE `tbl_reply` DISABLE KEYS */;
REPLACE INTO `tbl_reply` (`rno`, `bno`, `reply`, `replyer`, `replyDate`, `updateDate`) VALUES
	(1, 1, '비숑님 도대머리입니다.', 'The Bichon', '2022-04-21 14:24:42', '2022-04-21 14:24:42'),
	(2, 1, '네!!!', 'The Bichon', '2022-04-21 14:24:42', '2022-04-21 14:24:42'),
	(3, 1, '제가 대머리라고요?', 'The Bichon', '2022-04-21 14:24:42', '2022-04-21 14:24:42'),
	(4, 1, '더 이상 머리카락이 안잘랍니다.', 'The Bichon', '2022-04-21 14:24:42', '2022-04-21 14:24:42'),
	(5, 1, '...', 'The Bichon', '2022-04-21 14:24:42', '2022-04-21 14:24:42'),
	(6, 1, '비숑님 도대머리입니다.', 'The Bichon', '2022-04-21 14:24:55', '2022-04-21 14:24:55'),
	(7, 1, '네!!!', 'The Bichon', '2022-04-21 14:24:55', '2022-04-21 14:24:55'),
	(8, 1, '제가 대머리라고요?', 'The Bichon', '2022-04-21 14:24:55', '2022-04-21 14:24:55'),
	(9, 1, '더 이상 머리카락이 안잘랍니다.', 'The Bichon', '2022-04-21 14:24:55', '2022-04-21 14:24:55'),
	(10, 1, '...', 'The Bichon', '2022-04-21 14:24:55', '2022-04-21 14:24:55'),
	(13, 1, '비숑님 도대머리입니다.', 'The Bichon', '2022-04-21 14:24:55', '2022-04-21 14:24:55'),
	(14, 1, '네!!!', 'The Bichon', '2022-04-21 14:24:55', '2022-04-21 14:24:55'),
	(15, 1, '제가 대머리라고요?', 'The Bichon', '2022-04-21 14:24:55', '2022-04-21 14:24:55'),
	(16, 1, '더 이상 머리카락이 안잘랍니다.', 'The Bichon', '2022-04-21 14:24:55', '2022-04-21 14:24:55'),
	(17, 1, '...', 'The Bichon', '2022-04-21 14:24:55', '2022-04-21 14:24:55'),
	(18, 1, '비숑님 도대머리입니다.', 'The Bichon', '2022-04-21 14:24:55', '2022-04-21 14:24:55'),
	(19, 1, '네!!!', 'The Bichon', '2022-04-21 14:24:55', '2022-04-21 14:24:55'),
	(20, 1, '제가 대머리라고요?', 'The Bichon', '2022-04-21 14:24:55', '2022-04-21 14:24:55'),
	(21, 1, '더 이상 머리카락이 안잘랍니다.', 'The Bichon', '2022-04-21 14:24:55', '2022-04-21 14:24:55'),
	(22, 1, '...', 'The Bichon', '2022-04-21 14:24:55', '2022-04-21 14:24:55'),
	(28, 1, '비숑님 도대머리입니다.', 'The Bichon', '2022-04-21 14:24:56', '2022-04-21 14:24:56'),
	(29, 1, '네!!!', 'The Bichon', '2022-04-21 14:24:56', '2022-04-21 14:24:56'),
	(30, 1, '제가 대머리라고요?', 'The Bichon', '2022-04-21 14:24:56', '2022-04-21 14:24:56'),
	(31, 1, '더 이상 머리카락이 안잘랍니다.', 'The Bichon', '2022-04-21 14:24:56', '2022-04-21 14:24:56'),
	(32, 1, '...', 'The Bichon', '2022-04-21 14:24:56', '2022-04-21 14:24:56'),
	(33, 1, '비숑님 도대머리입니다.', 'The Bichon', '2022-04-21 14:24:56', '2022-04-21 14:24:56'),
	(34, 1, '네!!!', 'The Bichon', '2022-04-21 14:24:56', '2022-04-21 14:24:56'),
	(35, 1, '제가 대머리라고요?', 'The Bichon', '2022-04-21 14:24:56', '2022-04-21 14:24:56'),
	(36, 1, '더 이상 머리카락이 안잘랍니다.', 'The Bichon', '2022-04-21 14:24:56', '2022-04-21 14:24:56'),
	(37, 1, '...', 'The Bichon', '2022-04-21 14:24:56', '2022-04-21 14:24:56'),
	(38, 1, '비숑님 도대머리입니다.', 'The Bichon', '2022-04-21 14:24:56', '2022-04-21 14:24:56'),
	(39, 1, '네!!!', 'The Bichon', '2022-04-21 14:24:56', '2022-04-21 14:24:56'),
	(40, 1, '제가 대머리라고요?', 'The Bichon', '2022-04-21 14:24:56', '2022-04-21 14:24:56'),
	(41, 1, '더 이상 머리카락이 안잘랍니다.', 'The Bichon', '2022-04-21 14:24:56', '2022-04-21 14:24:56'),
	(42, 1, '...', 'The Bichon', '2022-04-21 14:24:56', '2022-04-21 14:24:56'),
	(43, 1, '비숑님 도대머리입니다.', 'The Bichon', '2022-04-21 14:24:56', '2022-04-21 14:24:56'),
	(44, 1, '네!!!', 'The Bichon', '2022-04-21 14:24:56', '2022-04-21 14:24:56'),
	(45, 1, '제가 대머리라고요?', 'The Bichon', '2022-04-21 14:24:56', '2022-04-21 14:24:56'),
	(46, 1, '더 이상 머리카락이 안잘랍니다.', 'The Bichon', '2022-04-21 14:24:56', '2022-04-21 14:24:56'),
	(47, 1, '...', 'The Bichon', '2022-04-21 14:24:56', '2022-04-21 14:24:56'),
	(59, 1, '비숑님 도대머리입니다.', 'The Bichon', '2022-04-21 14:24:56', '2022-04-21 14:24:56'),
	(60, 1, '네!!!', 'The Bichon', '2022-04-21 14:24:56', '2022-04-21 14:24:56'),
	(61, 1, '제가 대머리라고요?', 'The Bichon', '2022-04-21 14:24:56', '2022-04-21 14:24:56'),
	(62, 1, '더 이상 머리카락이 안잘랍니다.', 'The Bichon', '2022-04-21 14:24:56', '2022-04-21 14:24:56'),
	(63, 1, '...', 'The Bichon', '2022-04-21 14:24:56', '2022-04-21 14:24:56'),
	(64, 1, '비숑님 도대머리입니다.', 'The Bichon', '2022-04-21 14:24:56', '2022-04-21 14:24:56'),
	(65, 1, '네!!!', 'The Bichon', '2022-04-21 14:24:56', '2022-04-21 14:24:56'),
	(66, 1, '제가 대머리라고요?', 'The Bichon', '2022-04-21 14:24:56', '2022-04-21 14:24:56'),
	(67, 1, '더 이상 머리카락이 안잘랍니다.', 'The Bichon', '2022-04-21 14:24:56', '2022-04-21 14:24:56'),
	(68, 1, '...', 'The Bichon', '2022-04-21 14:24:56', '2022-04-21 14:24:56'),
	(69, 1, '비숑님 도대머리입니다.', 'The Bichon', '2022-04-21 14:24:56', '2022-04-21 14:24:56'),
	(70, 1, '네!!!', 'The Bichon', '2022-04-21 14:24:56', '2022-04-21 14:24:56'),
	(71, 1, '제가 대머리라고요?', 'The Bichon', '2022-04-21 14:24:56', '2022-04-21 14:24:56'),
	(72, 1, '더 이상 머리카락이 안잘랍니다.', 'The Bichon', '2022-04-21 14:24:56', '2022-04-21 14:24:56'),
	(73, 1, '...', 'The Bichon', '2022-04-21 14:24:56', '2022-04-21 14:24:56'),
	(74, 1, '비숑님 도대머리입니다.', 'The Bichon', '2022-04-21 14:24:56', '2022-04-21 14:24:56'),
	(75, 1, '네!!!', 'The Bichon', '2022-04-21 14:24:56', '2022-04-21 14:24:56'),
	(76, 1, '제가 대머리라고요?', 'The Bichon', '2022-04-21 14:24:56', '2022-04-21 14:24:56'),
	(77, 1, '더 이상 머리카락이 안잘랍니다.', 'The Bichon', '2022-04-21 14:24:56', '2022-04-21 14:24:56'),
	(78, 1, '...', 'The Bichon', '2022-04-21 14:24:56', '2022-04-21 14:24:56'),
	(79, 1, '비숑님 도대머리입니다.', 'The Bichon', '2022-04-21 14:24:56', '2022-04-21 14:24:56'),
	(80, 1, '네!!!', 'The Bichon', '2022-04-21 14:24:56', '2022-04-21 14:24:56'),
	(81, 1, '제가 대머리라고요?', 'The Bichon', '2022-04-21 14:24:56', '2022-04-21 14:24:56'),
	(82, 1, '더 이상 머리카락이 안잘랍니다.', 'The Bichon', '2022-04-21 14:24:56', '2022-04-21 14:24:56'),
	(83, 1, '...', 'The Bichon', '2022-04-21 14:24:56', '2022-04-21 14:24:56'),
	(84, 1, '비숑님 도대머리입니다.', 'The Bichon', '2022-04-21 14:24:56', '2022-04-21 14:24:56'),
	(85, 1, '네!!!', 'The Bichon', '2022-04-21 14:24:56', '2022-04-21 14:24:56'),
	(86, 1, '제가 대머리라고요?', 'The Bichon', '2022-04-21 14:24:56', '2022-04-21 14:24:56'),
	(87, 1, '더 이상 머리카락이 안잘랍니다.', 'The Bichon', '2022-04-21 14:24:56', '2022-04-21 14:24:56'),
	(88, 1, '...', 'The Bichon', '2022-04-21 14:24:56', '2022-04-21 14:24:56'),
	(89, 1, '비숑님 도대머리입니다.', 'The Bichon', '2022-04-21 14:24:56', '2022-04-21 14:24:56'),
	(90, 1, '네!!!', 'The Bichon', '2022-04-21 14:24:56', '2022-04-21 14:24:56'),
	(91, 1, '제가 대머리라고요?', 'The Bichon', '2022-04-21 14:24:56', '2022-04-21 14:24:56'),
	(92, 1, '더 이상 머리카락이 안잘랍니다.', 'The Bichon', '2022-04-21 14:24:56', '2022-04-21 14:24:56'),
	(93, 1, '...', 'The Bichon', '2022-04-21 14:24:56', '2022-04-21 14:24:56'),
	(94, 1, '비숑님 도대머리입니다.', 'The Bichon', '2022-04-21 14:24:56', '2022-04-21 14:24:56'),
	(95, 1, '네!!!', 'The Bichon', '2022-04-21 14:24:56', '2022-04-21 14:24:56'),
	(96, 1, '제가 대머리라고요?', 'The Bichon', '2022-04-21 14:24:56', '2022-04-21 14:24:56'),
	(97, 1, '더 이상 머리카락이 안잘랍니다.', 'The Bichon', '2022-04-21 14:24:56', '2022-04-21 14:24:56'),
	(98, 1, '...', 'The Bichon', '2022-04-21 14:24:56', '2022-04-21 14:24:56');
/*!40000 ALTER TABLE `tbl_reply` ENABLE KEYS */;

-- Dumping data for table petchudb.tbl_user: ~11 rows (approximately)
/*!40000 ALTER TABLE `tbl_user` DISABLE KEYS */;
REPLACE INTO `tbl_user` (`uid`, `upass`, `uname`, `point`, `image`, `zipcode`, `address1`, `address2`) VALUES
	('beagel', 'pass', '비글', 30, NULL, NULL, NULL, NULL),
	('chihuahua', 'pass', '치와와', 50, NULL, NULL, NULL, NULL),
	('dachshund', 'pass', '닥스후트', 40, NULL, NULL, NULL, NULL),
	('dandie', 'pass', '댄디', 30, NULL, NULL, NULL, NULL),
	('fiom', 'pass', '프들', 30, NULL, NULL, NULL, NULL),
	('greyhound', 'pass', '그레이하운드', 45, NULL, NULL, NULL, NULL),
	('jindo dog', 'pass', '진돗개', 30, NULL, NULL, NULL, NULL),
	('maltese', 'pass', '필티즈', 30, NULL, NULL, NULL, NULL),
	('shiba dog', 'pass', '시바견', 40, NULL, NULL, NULL, NULL),
	('The Bichona', 'pass', '비숑', 30, NULL, NULL, NULL, NULL),
	('whippet', 'pass', '휘핏', 30, NULL, NULL, NULL, NULL);
/*!40000 ALTER TABLE `tbl_user` ENABLE KEYS */;

-- Dumping data for table petchudb.user: ~19 rows (approximately)
/*!40000 ALTER TABLE `user` DISABLE KEYS */;
REPLACE INTO `user` (`id`, `pass`, `image`, `name`, `nick`, `tel`, `birthday`, `gender`, `email`, `zipcode`, `address1`, `address2`, `pname`, `cash`, `point`, `type`, `isDelete`) VALUES
	('admin1', '$2a$10$T/LSLM7RSLWtV1auWHL3J./IeDjf/JBTVqRPWTVbqLYsc6E9q2Lpq', 'product/1650119816786_img03.png', '박병철', '관리자', '01084215645', '2021-11-09 00:00:00', '남', 'bungchul@petchu.com', '21632', '인천 남동구 남동대로239번길 72-29', '205호', NULL, 0, 28653, '관리', 0),
	('asdf', '$2a$10$.PfPGTosqe7.obCoxJ/wq.IC98.6KlbkxgDlwQM4O9ZRkk2YzGDmC', 'photo/1650440256895_icon_faq.png', 'aweg', 'aefae', '01049841182', '2022-04-18 00:00:00', '여', 'doctor3@gamil.com', '01822', '서울 노원구 노원로1가길 10', '123', NULL, 0, 0, '일반', 1),
	('blue', '$2a$10$xgZi7Yw7uuIY6urjbaSUy.qTuTj04s0jrWBs7ay8paXSiHseaqVYe', 'photo/1650268027606_img23.jpg', '동덕이', '덕돌이', '123-123-1232', '2022-04-19 00:00:00', '여', 'dsds@petchu.com', '08386', '서울 구로구 구로동로 2', '111', NULL, 0, 0, '일반', 1),
	('doctor1', '$2a$10$dWF81mYLDEkRWOAoWnjZNuwGpK0liEMjK0nqHC8Jht.Yq3pkOZmAe', 'photo/1650098190696_1649038882532_img05.png', '난의사', '찡긋의사', '01098744561', '2022-03-30 00:00:00', '남', 'jjin447@naver.com', '52550', '경남 사천시 주공1길 31', 'A동 501호', NULL, 0, 1990, '의사', 0),
	('doctor2', '$2a$10$8vT//J1lRne7dLuPfIjRrOgtwlfCqJkEFi6VB4cHTmIizqHO.rdqi', 'photo/1650176346537_1649050072589_img08.png', '김동식', '동식이는의사', '01044218543', '1995-07-04 00:00:00', '남', 'dogsikkun333@gmail.com', '21928', '인천 연수구 새말로 150', '405호', NULL, 0, 0, '의사', 0),
	('doctor3', '$2a$10$bYrMkPcJEG39BFu26CVnP./Z48kd33ZJKHVBkFOV9CGt.Hv4jLfSC', 'photo/1650176619111_img02.png', '임채린', '임플란트', '01045123532', '1994-09-06 00:00:00', '여', 'chacha7778@gmail.com', '22003', '인천 연수구 센트럴로 194', '1201호', NULL, 0, 0, '의사', 0),
	('fgh', '$2a$10$UZQHh9baUXuu4ysi38H5gepGJgHuTDetqGXBx1QCxD7losSEIQVwO', 'photo/1650284631303_1650115277880_1649938648218_1649050072589_img08.png', '박효진', '박ㅎ진', '01049468508', '2022-03-29 00:00:00', '여', 'ㅁㄴㅇㄹ', '', '', '', NULL, 0, 0, '일반', 1),
	('test', '$2a$10$bOakl12M2qOfN7aYnRcywOC.umsh0W6KbAwC/LmBUtla6VLjAlt8u', 'photo/1650266984703_img21.jpg', '최', '덩기덕쿵더더더덕', '8484-6174', '2022-04-07 00:00:00', '여', '11', '46749', '부산 강서구 허왕후길 17', '2', NULL, 0, 0, '일반', 1),
	('test1', '1234', NULL, '들어가니테스트', '테스트', '01048458481', NULL, NULL, 'hoefnk@naver.com', NULL, NULL, NULL, NULL, 0, 0, NULL, 1),
	('user01', 'pass', 'product/1662385022785_img013.jpg', '현빈', '홍길동', '01098452124', '1985-03-28 00:00:00', '여', 'petchu@petchu', '11919', '경기 구리시 동구릉로53번길 103', '1402호', NULL, 41000, 98461, '일반', 0),
	('user02', '$2a$10$9L1ZiN3/EY1MJfVxx/wAMOob1jzfufOi2hkgnKdJrSPK5d8ZWMCmS', 'photo/1649842901063_1649050010287_img02.png', '만년이', '이몽룡', '01024151256', '2001-10-11 00:00:00', '남', 'petchu@petchu', '02592', '서울 동대문구 서울시립대로 5', '1234', NULL, 0, 1000, '일반', 0),
	('user03', '$2a$10$cXqPtKppFaZU/zZws9m8su3qBP1yXRA3seDuZf0DZC.PoKUbVcC6y', 'photo/1649938648218_1649050072589_img08.png', '박원', '동글이', '01085462312', '2021-07-23 00:00:00', '남', 'won142@naver.com', '05693', '서울 송파구 가락로 8', '42 204', NULL, 0, 9471, '일반', 0),
	('user04', '$2a$10$tZx3KNA1Ekuu/Ofeq0tyRe2FAEwm2NrSj5XMmuVgIqtdVZcUYbnHC', 'photo/1650264012575_85673_320.jpg', '이수정', '크리스탈', '01012345678', '2008-08-16 00:00:00', '여', 'petchu@petchu', '23033', '인천 강화군 강화읍 남문안길 29', '4561', NULL, 0, 5220, '업체', 0),
	('user05', '$2a$10$sUiL6x1j0encZKcGTc7K8.A4W2lYtFakzSa4qg1yKAE8E/eq.ew46', 'photo/1650128698493_85035_320.jpg', '춘향이', '몽룡이내꺼', '01098565212', '1999-01-30 00:00:00', '여', 'choon@petchu', '08093', '서울 양천구 목동동로 71', '11234', NULL, 0, 0, '업체', 0),
	('user06', '$2a$10$kd4Gb7bHGm999F5JTdgyremEbRcoYwgsiSqBRe5zxr2ipPCxjxYQO', 'photo/1650439154430_img04.png', '장보고', '바다의장군', '01045675412', '2009-12-18 00:00:00', '남', 'petchu@petchu', '05737', '서울 송파구 성내천로 127', '4567', NULL, 0, 3222, '업체', 0),
	('user07', '$2a$10$pwIQyNLKJpRgcKQwOakGWuzzeEtd3ED/yIdxjIz0ZLbSKzbWcjwWi', 'photo/1650541029735_82392495999.14.jpg', '김승우', 'woo호텔', '01054216523', '2008-12-18 00:00:00', '남', 'woo@petchu.com', '22742', '인천 서구 국제대로 29', 'woo호텔', NULL, 0, 2748, '업체', 0),
	('zxdfsg', '$2a$10$aVowD5P/LqGTA/77evmypuHeuTRDGs5CVtTe3M8RzdEDGXxwS.PYi', 'photo/1650544497706_1650098190696_1649038882532_img05.png', 'dfgsr', 'dsfgsrg', '0104811518', '2022-04-05 00:00:00', '남', 'aeknfkn@naver.com', '04778', '서울 성동구 아차산로 2-1', 'sasef', NULL, 0, 0, '일반', 0),
	('ㅁㄴㅇㄹ', '$2a$10$LxY.0wAKcnv6MxYbPJGSru/itvIeSWe8ybPAMQaLqEWgGxFqwjQj6', 'photo/1650542063445_1649938648218_1649050072589_img08.png', 'ㅁㄴㅇㄹ', 'ㅁㄴㄷㄹ', '01049451891', '2022-04-05 00:00:00', '남', 'avnke@anav.com', '', '', '', NULL, 0, 0, '일반', 0),
	('ㅇㄹㅎㄴㅇㄹㅎ', '$2a$10$ljeBa5HJNzLYq8Wa5cfLLeqsZzHuTz7FfXsOkTbQezddemMR/9zcu', 'photo/1650544444533_1649938648218_1649050072589_img08.png', 'ㄹㅇㄴㅎㄴㄱㄷ', 'ㄴㅇㄹㅎㄴㅇㄹ', '01042181151', '2021-12-08 00:00:00', '남', 'aeknf@naver.com', '04778', '서울 성동구 아차산로 2-1', 'asge', NULL, 0, 0, '일반', 1);
/*!40000 ALTER TABLE `user` ENABLE KEYS */;

-- Dumping data for table petchudb.user_order: ~64 rows (approximately)
/*!40000 ALTER TABLE `user_order` DISABLE KEYS */;
REPLACE INTO `user_order` (`uono`, `uid`, `orno`, `point`, `sum`, `paydate`, `omessage`, `state`) VALUES
	(2011411, 'user01', '2214141335', 0, 220000, '2022-05-10 23:56:36', NULL, 0),
	(2011412, 'user01', '1652192762563user01', 5300, 206300, '2022-05-10 23:56:36', NULL, 0),
	(2011413, 'user01', '1652194228238user01', 25000, 63000, '2022-05-10 23:56:36', NULL, 0),
	(2011414, 'user01', '1652227433708user01', 5900, 304080, '2022-05-11 09:03:55', NULL, 0),
	(2011415, 'user01', '1652227570155user01', 31000, 108970, '2022-05-11 09:06:12', NULL, 0),
	(2011416, 'user01', '1652250051202user01', 1800, 150000, '2022-05-11 15:20:52', NULL, 0),
	(2011417, 'user01', '1652276975286user01', 20000, 2500, '2022-05-11 22:49:34', '3가지 맛이 다 들어있으니 현관 앞에 조심히 내려놔주세요', 0),
	(2011418, 'user01', '1652277264260user01', 4400, 285780, '2022-05-11 22:54:23', '공간중 산소가 없고 압력이 강하니 배송에 조심하세요.', 0),
	(2011419, 'user01', '1652368527016user01', 28963, 274797, '2022-05-13 00:15:24', '언덕이 가파르니 조심히 오세요', 0),
	(2011420, 'user01', '1652401542857user01', 27479, 232301, '2022-05-13 09:25:43', '오는 길 흥겹고 신명나길 바랍니다\n도착시 벨 대신 흥겨운 판소리로 불러주세요', 0),
	(2011421, 'user01', '1652417367765user01', 23730, 387690, '2022-05-13 13:49:29', '조심히 오세요~', 0),
	(2011422, 'user01', '1652421151236user01', 0, 28560, '2022-05-13 14:52:32', '안전히 오세요~', 0),
	(2011423, 'user01', '1652426807455user01', 41625, 460775, '2022-05-13 16:26:47', '배송 조심히 좀 오세요. 맨날 오는 사람마다 다쳐서 걱정되니까요 흥.', 0),
	(2011424, 'user01', '1652426948441user01', 46077, 2026493, '2022-05-13 16:29:08', '100개 이상 주문입니다. 허리 빠지지 않게 조심히 오세요.', 0),
	(2011425, 'user01', '1652427532399user01', 500, 8890, '2022-05-13 16:38:53', '', 0),
	(2011426, 'user01', '1652427748061user01', 0, 753100, '2022-05-13 16:42:29', '', 0),
	(2011427, 'user04', '1652439257528user04', 22400, 100, '2022-05-13 19:54:17', '', 0),
	(2011428, 'user04', '1652439392398user04', 22400, 100, '2022-05-13 19:56:32', '', 0),
	(2011429, 'user01', '1652522409969user01', 152000, 0, '2022-05-14 19:00:10', '테스터깁입니다.', 0),
	(2011430, 'user01', '1652522960064user01', 40100, 0, '2022-05-14 19:09:20', '', 0),
	(2011431, 'user01', '1652522960064user01', 40100, 0, '2022-05-14 19:09:20', '', 0),
	(2011432, 'user01', '1652523643034user01', 0, 911000, '2022-05-14 19:20:43', '', 0),
	(2011433, 'user01', '1652526681214user01', 59800, 0, '2022-05-14 20:11:21', '테스트 윙가르디움', 0),
	(2011435, 'user01', '1652528064779user01', 22500, 0, '2022-05-14 20:34:24', '윙가르디움 레디오싸', 0),
	(2011436, 'user01', '1652589972017user01', 19900, 0, '2022-05-15 13:46:13', '', 0),
	(2011437, 'user01', '1652590208569user01', 0, 267000, '2022-05-15 13:50:09', '주말에 배송해 죄송합니다.\n근데 저도 하기 싫었어요 진짜로', 0),
	(2011438, 'user01', '1652590247072user01', 9390, 0, '2022-05-15 13:50:48', '', 0),
	(2011439, 'user01', '1652590319255user01', 20080, 0, '2022-05-15 13:52:00', '', 0),
	(2011440, 'user01', '1652590909035user01', 9390, 0, '2022-05-15 14:01:50', '', 0),
	(2011441, 'user01', '1652590970510user01', 0, 226650, '2022-05-15 14:02:51', '', 0),
	(2011442, 'user01', '1652591135153user01', 9390, 0, '2022-05-15 14:05:36', '', 0),
	(2011443, 'user01', '1652591726370user01', 0, 3054840, '2022-05-15 14:15:27', NULL, 0),
	(2011444, 'user01', '1652594429121user01', 34790, 0, '2022-05-15 15:00:30', '', 1),
	(2011445, 'user01', '1652599008601user01', 161950, 0, '2022-05-15 16:16:49', '', 2),
	(2011446, 'user01', '1652619579832user01', 127459, 273371, '2022-05-15 21:59:40', '', 1),
	(2011447, 'admin1', '1652627366950admin1', 0, 56500, '2022-05-16 00:09:27', '진짜 개빡친다 ㅅㅂ 윙가르디움 레디오싸!!!!!!!!!! 익스펙트 페트로늄!!!!!!!!!!!!', 1),
	(2011448, 'admin1', '1652627518692admin1', 0, 230030, '2022-05-16 00:11:59', NULL, 1),
	(2011449, 'user01', '1652630350452user01', 27337, 122543, '2022-05-16 00:59:11', '즐!겁!다!', 2),
	(2011450, 'user03', '1652764732759user03', 0, 22170, '2022-05-17 14:18:55', 'Wak', 0),
	(2011451, 'user03', '1652764862088user03', 2217, 7173, '2022-05-17 14:21:04', 'ㅂㄱㄴㅇㄻㄴㅇㄹㄴㅇㄹ', 0),
	(2011452, 'user03', '1652765023860user03', 0, 28560, '2022-05-17 14:23:46', '', 0),
	(2011453, 'user03', '1652765752856user03', 0, 58980, '2022-05-17 14:35:55', '', 1),
	(2011454, 'user01', '1652766241609user01', 12254, 595486, '2022-05-17 14:44:04', '', 2),
	(2011455, 'user01', '1652771364611user01', 0, 20700, '2022-05-17 16:09:27', '', 2),
	(2011456, 'doctor1', '1652836242739doctor1', 0, 19900, '2022-05-18 10:10:46', '', 2),
	(2011457, 'user01', '1652836280142user01', 0, 19900, '2022-05-18 10:11:23', '', 2),
	(2011458, 'user01', '1652840173946user01', 64108, 48832, '2022-05-18 11:16:18', '', 2),
	(2011459, 'user01', '1652848849597user01', 0, 180060, '2022-05-18 13:40:53', NULL, 2),
	(2011460, 'user01', '1652849020096user01', 0, 22500, '2022-05-18 13:43:43', '', 2),
	(2011461, 'user01', '1652870163049user01', 3840, 0, '2022-05-18 19:35:58', '', 0),
	(2011462, 'user01', '1652870404273user01', 0, 164400, '2022-05-18 19:39:59', NULL, 0),
	(2011463, 'user01', '1652870471694user01', 0, 16900, '2022-05-18 19:41:07', NULL, 0),
	(2011464, 'user01', '1652870516906user01', 3500, 0, '2022-05-18 19:41:52', '', 0),
	(2011465, 'user01', '1652874050847user01', 3500, 0, '2022-05-18 20:40:46', '', 0),
	(2011466, 'user07', '1652887547430user07', 0, 9870, '2022-05-19 00:25:42', '배송 전 연락 부탁드려요', 2),
	(2011467, 'user07', '1652889678319user07', 0, 17610, '2022-05-19 01:01:13', '', 2),
	(2011468, 'user06', '1652890067569user06', 0, 32220, '2022-05-19 01:07:42', '', 2),
	(2011469, 'user01', '1652914901740user01', 0, 12740, '2022-05-19 08:01:43', '', 2),
	(2011470, 'user01', '1652921328520user01', 0, 7870, '2022-05-19 09:48:49', '', 1),
	(2011471, 'user01', '1652925430132user01', 29607, 30923, '2022-05-19 10:57:11', '', 1),
	(2011472, 'user01', '1662123944938user01', 0, 19900, '2022-09-02 22:05:44', NULL, 2),
	(2011473, 'user01', '1662124000669user01', 0, 139200, '2022-09-02 22:06:40', '', 2),
	(2011474, 'user01', '1662124334092user01', 0, 655090, '2022-09-02 22:12:14', NULL, 2),
	(2011475, 'user01', '1662260088107user01', 0, 139500, '2022-09-04 11:54:48', '문 앞ㅁ 나두세요', 2);
/*!40000 ALTER TABLE `user_order` ENABLE KEYS */;

-- Dumping data for table petchudb.user_request: ~2 rows (approximately)
/*!40000 ALTER TABLE `user_request` DISABLE KEYS */;
REPLACE INTO `user_request` (`rno`, `d1`, `d2`, `d3`, `d4`, `d5`, `d_etc`, `dvedio`, `dimg1`, `dimg2`, `dimg3`, `pno`, `dno`, `dimg4`, `regdate`, `is_checked`) VALUES
	(79, 1, 0, 0, 0, 0, ' 구토를 합니다 ㅠㅠ', NULL, 'request/user/1652918371800_icon_cat_snack.png', 'request/user/1652918371809_icon_cleaning.png', 'request/user/1652918371811_icon_cleaning2.png', 27, NULL, NULL, '2022-05-19 08:59:32', NULL),
	(80, 1, 0, 0, 0, 0, '구토를 합니다 ㅠㅠ', NULL, 'request/user/1652924405106_icon_cat_snack.png', 'request/user/1652924405110_icon_cleaning.png', 'request/user/1652924405111_icon_cleaning2.png', 29, NULL, NULL, '2022-05-19 10:40:06', NULL);
/*!40000 ALTER TABLE `user_request` ENABLE KEYS */;

/*!40101 SET SQL_MODE=IFNULL(@OLD_SQL_MODE, '') */;
/*!40014 SET FOREIGN_KEY_CHECKS=IFNULL(@OLD_FOREIGN_KEY_CHECKS, 1) */;
/*!40101 SET CHARACTER_SET_CLIENT=@OLD_CHARACTER_SET_CLIENT */;
/*!40111 SET SQL_NOTES=IFNULL(@OLD_SQL_NOTES, 1) */;
